/home/padela/anaconda3/envs/graphgps/lib/python3.10/site-packages/lightning_fabric/__init__.py:40: pkg_resources is deprecated as an API. See https://setuptools.pypa.io/en/latest/pkg_resources.html. The pkg_resources package is slated for removal as early as 2025-11-30. Refrain from using this package or pin to Setuptools<81.
[*] Run ID 0: seed=42, split_index=0
    Starting now: 2026-09-09 04:18:41.816786
Processing...
  0%|          | 0/27017 [00:00<?, ?it/s]Processing train dataset:   0%|          | 0/27017 [00:00<?, ?it/s]Processing train dataset:  22%|██▏       | 5855/27017 [00:00<00:00, 58541.68it/s]Processing train dataset:  43%|████▎     | 11710/27017 [00:00<00:00, 58512.88it/s]Processing train dataset:  65%|██████▌   | 17562/27017 [00:00<00:00, 33529.81it/s]Processing train dataset:  87%|████████▋ | 23435/27017 [00:00<00:00, 40383.84it/s]Processing train dataset: 100%|██████████| 27017/27017 [00:00<00:00, 43289.67it/s]
  0%|          | 0/3137 [00:00<?, ?it/s]Processing val dataset:   0%|          | 0/3137 [00:00<?, ?it/s]Processing val dataset: 100%|██████████| 3137/3137 [00:00<00:00, 58871.70it/s]
  0%|          | 0/2089 [00:00<?, ?it/s]Processing test dataset:   0%|          | 0/2089 [00:00<?, ?it/s]Processing test dataset: 100%|██████████| 2089/2089 [00:00<00:00, 59704.28it/s]
Done!
[*] Loaded dataset 'HOSPITALBILLINGcycletimeprediction' from 'PyG-EVENTHospitalBilling':
/home/padela/anaconda3/envs/graphgps/lib/python3.10/site-packages/torch_geometric/data/in_memory_dataset.py:284: UserWarning: It is not recommended to directly access the internal storage format `data` of an 'InMemoryDataset'. If you are absolutely certain what you are doing, access the internal storage via `InMemoryDataset._data` instead to suppress this warning. Alternatively, you can access stacked individual attributes of every graph via `dataset.{attr_name}`.
  warnings.warn(msg)
  Data(x=[109799, 1], edge_index=[2, 80209], edge_attr=[80209, 661], y=[32243], cid=[32243], pl=[32243])
  undirected: False
  num graphs: 32243
/home/padela/anaconda3/envs/graphgps/lib/python3.10/site-packages/torch_geometric/data/in_memory_dataset.py:284: UserWarning: It is not recommended to directly access the internal storage format `data` of an 'InMemoryDataset'. The data of the dataset is already cached, so any modifications to `data` will not be reflected when accessing its elements. Clearing the cache now by removing all elements in `dataset._data_list`. If you are absolutely certain what you are doing, access the internal storage via `InMemoryDataset._data` instead to suppress this warning. Alternatively, you can access stacked individual attributes of every graph via `dataset.{attr_name}`.
  warnings.warn(msg)
  avg num_nodes/graph: 3
  num node features: 1
  num edge features: 661
  num classes: (appears to be a regression task)
Parsed RWSE PE kernel times / steps: [1, 2, 3, 4, 5, 6, 7, 8, 9, 10, 11, 12, 13, 14, 15, 16, 17, 18, 19, 20, 21, 22, 23]
Precomputing Positional Encoding statistics: ['GraphormerBias', 'LapPE', 'RWSE'] for all graphs...
  ...estimated to be undirected: False
  0%|          | 0/32243 [00:00<?, ?it/s] 45%|████▍     | 14383/32243 [00:10<00:12, 1438.24it/s] 89%|████████▉ | 28703/32243 [00:20<00:02, 1434.55it/s]100%|██████████| 32243/32243 [00:22<00:00, 1439.76it/s]
Done! Took 00:00:23.06
GraphGymModule(
  (model): GPSModel(
    (encoder): FeatureEncoder(
      (node_encoder): Concat3NodeEncoder(
        (encoder1): TypeDictNodeEncoder(
          (encoder): Embedding(24, 56)
        )
        (encoder2): GraphormerEncoder(
          (0): NodeEncoder(
            (in_degree_encoder): Embedding(24, 56)
            (out_degree_encoder): Embedding(24, 56)
            (input_dropout): Dropout(p=0.0, inplace=False)
          )
        )
        (encoder3): RWSENodeEncoder(
          (raw_norm): BatchNorm1d(23, eps=1e-05, momentum=0.1, affine=True, track_running_stats=True)
          (pe_encoder): Linear(in_features=23, out_features=8, bias=True)
        )
      )
      (node_encoder_bn): BatchNorm1dNode(
        (bn): BatchNorm1d(64, eps=1e-05, momentum=0.1, affine=True, track_running_stats=True)
      )
      (edge_encoder): TwoLayerLinearEdgeEncoder(
        (encoder1): Linear(in_features=661, out_features=362, bias=True)
        (encoder2): Linear(in_features=362, out_features=64, bias=True)
      )
      (edge_encoder_bn): BatchNorm1dNode(
        (bn): BatchNorm1d(64, eps=1e-05, momentum=0.1, affine=True, track_running_stats=True)
      )
    )
    (layers): Sequential(
      (0): GPSLayer(
        summary: dim_h=64, local_gnn_type=GINE, global_model_type=Transformer, heads=8
        (local_model): GINEConv(nn=Sequential(
          (0): Linear(64, 64, bias=True)
          (1): ReLU()
          (2): Linear(64, 64, bias=True)
        ))
        (self_attn): MultiheadAttention(
          (out_proj): NonDynamicallyQuantizableLinear(in_features=64, out_features=64, bias=True)
        )
        (norm1_local): BatchNorm1d(64, eps=1e-05, momentum=0.1, affine=True, track_running_stats=True)
        (norm1_attn): BatchNorm1d(64, eps=1e-05, momentum=0.1, affine=True, track_running_stats=True)
        (dropout_local): Dropout(p=0.0, inplace=False)
        (dropout_attn): Dropout(p=0.0, inplace=False)
        (ff_linear1): Linear(in_features=64, out_features=128, bias=True)
        (ff_linear2): Linear(in_features=128, out_features=64, bias=True)
        (act_fn_ff): ReLU()
        (norm2): BatchNorm1d(64, eps=1e-05, momentum=0.1, affine=True, track_running_stats=True)
        (ff_dropout1): Dropout(p=0.0, inplace=False)
        (ff_dropout2): Dropout(p=0.0, inplace=False)
      )
      (1): GPSLayer(
        summary: dim_h=64, local_gnn_type=GINE, global_model_type=Transformer, heads=8
        (local_model): GINEConv(nn=Sequential(
          (0): Linear(64, 64, bias=True)
          (1): ReLU()
          (2): Linear(64, 64, bias=True)
        ))
        (self_attn): MultiheadAttention(
          (out_proj): NonDynamicallyQuantizableLinear(in_features=64, out_features=64, bias=True)
        )
        (norm1_local): BatchNorm1d(64, eps=1e-05, momentum=0.1, affine=True, track_running_stats=True)
        (norm1_attn): BatchNorm1d(64, eps=1e-05, momentum=0.1, affine=True, track_running_stats=True)
        (dropout_local): Dropout(p=0.0, inplace=False)
        (dropout_attn): Dropout(p=0.0, inplace=False)
        (ff_linear1): Linear(in_features=64, out_features=128, bias=True)
        (ff_linear2): Linear(in_features=128, out_features=64, bias=True)
        (act_fn_ff): ReLU()
        (norm2): BatchNorm1d(64, eps=1e-05, momentum=0.1, affine=True, track_running_stats=True)
        (ff_dropout1): Dropout(p=0.0, inplace=False)
        (ff_dropout2): Dropout(p=0.0, inplace=False)
      )
      (2): GPSLayer(
        summary: dim_h=64, local_gnn_type=GINE, global_model_type=Transformer, heads=8
        (local_model): GINEConv(nn=Sequential(
          (0): Linear(64, 64, bias=True)
          (1): ReLU()
          (2): Linear(64, 64, bias=True)
        ))
        (self_attn): MultiheadAttention(
          (out_proj): NonDynamicallyQuantizableLinear(in_features=64, out_features=64, bias=True)
        )
        (norm1_local): BatchNorm1d(64, eps=1e-05, momentum=0.1, affine=True, track_running_stats=True)
        (norm1_attn): BatchNorm1d(64, eps=1e-05, momentum=0.1, affine=True, track_running_stats=True)
        (dropout_local): Dropout(p=0.0, inplace=False)
        (dropout_attn): Dropout(p=0.0, inplace=False)
        (ff_linear1): Linear(in_features=64, out_features=128, bias=True)
        (ff_linear2): Linear(in_features=128, out_features=64, bias=True)
        (act_fn_ff): ReLU()
        (norm2): BatchNorm1d(64, eps=1e-05, momentum=0.1, affine=True, track_running_stats=True)
        (ff_dropout1): Dropout(p=0.0, inplace=False)
        (ff_dropout2): Dropout(p=0.0, inplace=False)
      )
      (3): GPSLayer(
        summary: dim_h=64, local_gnn_type=GINE, global_model_type=Transformer, heads=8
        (local_model): GINEConv(nn=Sequential(
          (0): Linear(64, 64, bias=True)
          (1): ReLU()
          (2): Linear(64, 64, bias=True)
        ))
        (self_attn): MultiheadAttention(
          (out_proj): NonDynamicallyQuantizableLinear(in_features=64, out_features=64, bias=True)
        )
        (norm1_local): BatchNorm1d(64, eps=1e-05, momentum=0.1, affine=True, track_running_stats=True)
        (norm1_attn): BatchNorm1d(64, eps=1e-05, momentum=0.1, affine=True, track_running_stats=True)
        (dropout_local): Dropout(p=0.0, inplace=False)
        (dropout_attn): Dropout(p=0.0, inplace=False)
        (ff_linear1): Linear(in_features=64, out_features=128, bias=True)
        (ff_linear2): Linear(in_features=128, out_features=64, bias=True)
        (act_fn_ff): ReLU()
        (norm2): BatchNorm1d(64, eps=1e-05, momentum=0.1, affine=True, track_running_stats=True)
        (ff_dropout1): Dropout(p=0.0, inplace=False)
        (ff_dropout2): Dropout(p=0.0, inplace=False)
      )
      (4): GPSLayer(
        summary: dim_h=64, local_gnn_type=GINE, global_model_type=Transformer, heads=8
        (local_model): GINEConv(nn=Sequential(
          (0): Linear(64, 64, bias=True)
          (1): ReLU()
          (2): Linear(64, 64, bias=True)
        ))
        (self_attn): MultiheadAttention(
          (out_proj): NonDynamicallyQuantizableLinear(in_features=64, out_features=64, bias=True)
        )
        (norm1_local): BatchNorm1d(64, eps=1e-05, momentum=0.1, affine=True, track_running_stats=True)
        (norm1_attn): BatchNorm1d(64, eps=1e-05, momentum=0.1, affine=True, track_running_stats=True)
        (dropout_local): Dropout(p=0.0, inplace=False)
        (dropout_attn): Dropout(p=0.0, inplace=False)
        (ff_linear1): Linear(in_features=64, out_features=128, bias=True)
        (ff_linear2): Linear(in_features=128, out_features=64, bias=True)
        (act_fn_ff): ReLU()
        (norm2): BatchNorm1d(64, eps=1e-05, momentum=0.1, affine=True, track_running_stats=True)
        (ff_dropout1): Dropout(p=0.0, inplace=False)
        (ff_dropout2): Dropout(p=0.0, inplace=False)
      )
    )
    (post_mp): SANGraphHead(
      (FC_layers): ModuleList(
        (0): Linear(in_features=64, out_features=32, bias=True)
        (1): Linear(in_features=32, out_features=16, bias=True)
        (2): Linear(in_features=16, out_features=1, bias=True)
      )
      (activation): ReLU()
    )
  )
)
accelerator: cuda
benchmark: False
bn:
  eps: 1e-05
  mom: 0.1
cfg_dest: config.yaml
custom_metrics: []
dataset:
  cache_load: False
  cache_save: False
  dir: ./datasets
  edge_dim: 128
  edge_encoder: True
  edge_encoder_bn: True
  edge_encoder_name: TwoLayerLinearEdge
  edge_encoder_num_types: 0
  edge_message_ratio: 0.8
  edge_negative_sampling_ratio: 1.0
  edge_train_mode: all
  encoder: True
  encoder_bn: True
  encoder_dim: 128
  encoder_name: db
  format: PyG-EVENTHospitalBilling
  infer_link_label: None
  label_column: none
  label_table: none
  location: local
  max_traces: None
  max_traces_test: None
  max_traces_train: None
  max_traces_val: None
  name: HOSPITALBILLINGcycletimeprediction
  node_encoder: True
  node_encoder_bn: True
  node_encoder_name: TypeDictNode+GraphormerBias+RWSE
  node_encoder_num_types: 24
  random_seed: 42
  remove_feature: False
  resample_disjoint: False
  resample_negative: False
  shuffle_split: True
  slic_compactness: 10
  split: [0.8, 0.1, 0.1]
  split_dir: ./splits
  split_index: 0
  split_mode: standard
  task: graph
  task_type: regression
  to_undirected: False
  transductive: False
  transform: none
  tu_simple: True
devices: 1
example_arg: example
example_group:
  example_arg: example
gnn:
  act: relu
  agg: mean
  att_final_linear: False
  att_final_linear_bn: False
  att_heads: 1
  batchnorm: True
  clear_feature: True
  dim_edge: 64
  dim_inner: 64
  dropout: 0.0
  head: san_graph
  keep_edge: 0.5
  l2norm: True
  layer_type: generalconv
  layers_mp: 2
  layers_post_mp: 3
  layers_pre_mp: 0
  msg_direction: single
  normalize_adj: False
  residual: False
  self_msg: concat
  skip_every: 1
  stage_type: stack
gpu_mem: False
graphormer:
  attention_dropout: 0.0
  dropout: 0.0
  embed_dim: 80
  input_dropout: 0.0
  mlp_dropout: 0.0
  num_heads: 4
  num_layers: 6
  use_graph_token: False
gt:
  attn_dropout: 0.5
  batch_norm: True
  bigbird:
    add_cross_attention: False
    attention_type: block_sparse
    block_size: 3
    chunk_size_feed_forward: 0
    hidden_act: relu
    is_decoder: False
    layer_norm_eps: 1e-06
    max_position_embeddings: 128
    num_random_blocks: 3
    use_bias: False
  dim_hidden: 64
  dropout: 0.0
  full_graph: True
  gamma: 1e-05
  layer_norm: False
  layer_type: GINE+Transformer
  layers: 5
  n_heads: 8
  pna_degrees: []
  residual: True
mem:
  inplace: False
metric_agg: argmin
metric_best: mae
model:
  edge_decoding: dot
  graph_pooling: add
  loss_fun: l1
  match_upper: True
  size_average: mean
  thresh: 0.5
  type: GPSModel
name_tag: 
num_threads: 6
num_workers: 0
optim:
  base_lr: 0.001
  batch_accumulation: 1
  clip_grad_norm: True
  clip_grad_norm_value: 1.0
  lr_decay: 0.1
  max_epoch: 500
  min_lr: 0.0
  momentum: 0.9
  num_warmup_epochs: 50
  optimizer: adamW
  reduce_factor: 0.1
  schedule_patience: 10
  scheduler: cosine_with_warmup
  steps: [30, 60, 90]
  weight_decay: 1e-05
out_dir: results/hospitalbilling-GPSwGraphormer-ckptbest
posenc_ElstaticSE:
  dim_pe: 16
  enable: False
  kernel:
    times: []
    times_func: range(10)
  layers: 3
  model: none
  n_heads: 4
  pass_as_var: False
  post_layers: 0
  raw_norm_type: none
posenc_EquivStableLapPE:
  eigen:
    eigvec_norm: L2
    laplacian_norm: sym
    max_freqs: 10
  enable: False
  raw_norm_type: none
posenc_GraphormerBias:
  dim_pe: 0
  enable: True
  node_degrees_only: True
  num_in_degrees: 24
  num_out_degrees: 24
  num_spatial_types: 32
posenc_HKdiagSE:
  dim_pe: 16
  enable: False
  kernel:
    times: []
    times_func: 
  layers: 3
  model: none
  n_heads: 4
  pass_as_var: False
  post_layers: 0
  raw_norm_type: none
posenc_LapPE:
  dim_pe: 8
  eigen:
    eigvec_norm: L2
    laplacian_norm: none
    max_freqs: 1
  enable: True
  layers: 2
  model: DeepSet
  n_heads: 4
  pass_as_var: False
  post_layers: 0
  raw_norm_type: none
posenc_RWSE:
  dim_pe: 8
  enable: True
  kernel:
    times: [1, 2, 3, 4, 5, 6, 7, 8, 9, 10, 11, 12, 13, 14, 15, 16, 17, 18, 19, 20, 21, 22, 23]
    times_func: range(1,24)
  layers: 3
  model: Linear
  n_heads: 4
  pass_as_var: False
  post_layers: 0
  raw_norm_type: BatchNorm
posenc_SignNet:
  dim_pe: 16
  eigen:
    eigvec_norm: L2
    laplacian_norm: sym
    max_freqs: 10
  enable: False
  layers: 3
  model: none
  n_heads: 4
  pass_as_var: False
  phi_hidden_dim: 64
  phi_out_dim: 4
  post_layers: 0
  raw_norm_type: none
pretrained:
  dir: 
  freeze_main: False
  reset_prediction_head: True
print: both
round: 5
run_dir: results/hospitalbilling-GPSwGraphormer-ckptbest/0
run_id: 0
run_multiple_splits: [0]
seed: 42
share:
  dim_in: 1
  dim_out: 1
  num_splits: 3
tensorboard_agg: True
tensorboard_each_run: False
train:
  auto_resume: False
  batch_size: 32
  ckpt_best: True
  ckpt_clean: True
  ckpt_period: 100
  enable_ckpt: True
  epoch_resume: -1
  eval_period: 1
  iter_per_epoch: 32
  mode: custom
  neighbor_sizes: [20, 15, 10, 5]
  node_per_graph: 32
  radius: extend
  sample_node: False
  sampler: full_batch
  skip_train_eval: False
  walk_length: 4
val:
  node_per_graph: 32
  radius: extend
  sample_node: False
  sampler: full_batch
view_emb: False
wandb:
  entity: gtransformers
  name: 
  project: HOSPITALBILLING
  use: False
Num parameters: 479627
Start from epoch 0
train: {'epoch': 0, 'time_epoch': 11.61798, 'eta': 5797.37226, 'eta_hours': 1.61038, 'loss': 0.31059099, 'lr': 0.0, 'params': 479627, 'time_iter': 0.01375, 'mae': 0.31059, 'r2': -2.94978, 'spearmanr': -0.03, 'mse': 0.12709, 'rmse': 0.3565}
...computing epoch stats took: 0.01s
val: {'epoch': 0, 'time_epoch': 0.78694, 'loss': 0.28281657, 'lr': 0, 'params': 479627, 'time_iter': 0.00795, 'mae': 0.28282, 'r2': -2.15983, 'spearmanr': 0.17116, 'mse': 0.11341, 'rmse': 0.33676}
...computing epoch stats took: 0.00s
test: {'epoch': 0, 'time_epoch': 0.62738, 'loss': 0.27835122, 'lr': 0, 'params': 479627, 'time_iter': 0.00951, 'mae': 0.27835, 'r2': -1.80151, 'spearmanr': 0.14762, 'mse': 0.11396, 'rmse': 0.33757}
...computing epoch stats took: 0.00s
> Epoch 0: took 13.1s (avg 13.1s) | Best so far: epoch 0	train_loss: 0.3106 train_mae: 0.3106	val_loss: 0.2828 val_mae: 0.2828	test_loss: 0.2784 test_mae: 0.2783
train: {'epoch': 1, 'time_epoch': 9.4305, 'eta': 5241.07129, 'eta_hours': 1.45585, 'loss': 0.16752392, 'lr': 2e-05, 'params': 479627, 'time_iter': 0.01116, 'mae': 0.16752, 'r2': -0.41207, 'spearmanr': 0.02467, 'mse': 0.04544, 'rmse': 0.21316}
...computing epoch stats took: 0.01s
val: {'epoch': 1, 'time_epoch': 0.49525, 'loss': 0.14875069, 'lr': 0, 'params': 479627, 'time_iter': 0.005, 'mae': 0.14875, 'r2': -0.48147, 'spearmanr': 0.24715, 'mse': 0.05317, 'rmse': 0.23059}
...computing epoch stats took: 0.00s
test: {'epoch': 1, 'time_epoch': 0.32912, 'loss': 0.15607652, 'lr': 0, 'params': 479627, 'time_iter': 0.00499, 'mae': 0.15608, 'r2': -0.5172, 'spearmanr': 0.25755, 'mse': 0.06171, 'rmse': 0.24842}
...computing epoch stats took: 0.00s
> Epoch 1: took 10.3s (avg 11.7s) | Best so far: epoch 1	train_loss: 0.1675 train_mae: 0.1675	val_loss: 0.1488 val_mae: 0.1487	test_loss: 0.1561 test_mae: 0.1561
train: {'epoch': 2, 'time_epoch': 10.0412, 'eta': 5150.52353, 'eta_hours': 1.4307, 'loss': 0.1262953, 'lr': 4e-05, 'params': 479627, 'time_iter': 0.01188, 'mae': 0.1263, 'r2': 0.13561, 'spearmanr': 0.35566, 'mse': 0.02781, 'rmse': 0.16677}
...computing epoch stats took: 0.01s
val: {'epoch': 2, 'time_epoch': 0.49802, 'loss': 0.11548178, 'lr': 0, 'params': 479627, 'time_iter': 0.00503, 'mae': 0.11548, 'r2': 0.34152, 'spearmanr': 0.71367, 'mse': 0.02363, 'rmse': 0.15373}
...computing epoch stats took: 0.00s
test: {'epoch': 2, 'time_epoch': 0.33217, 'loss': 0.13874445, 'lr': 0, 'params': 479627, 'time_iter': 0.00503, 'mae': 0.13874, 'r2': 0.1953, 'spearmanr': 0.68644, 'mse': 0.03273, 'rmse': 0.18092}
...computing epoch stats took: 0.00s
> Epoch 2: took 10.9s (avg 11.4s) | Best so far: epoch 2	train_loss: 0.1263 train_mae: 0.1263	val_loss: 0.1155 val_mae: 0.1155	test_loss: 0.1387 test_mae: 0.1387
train: {'epoch': 3, 'time_epoch': 9.46443, 'eta': 5028.70941, 'eta_hours': 1.39686, 'loss': 0.09238479, 'lr': 6e-05, 'params': 479627, 'time_iter': 0.0112, 'mae': 0.09238, 'r2': 0.50598, 'spearmanr': 0.70535, 'mse': 0.0159, 'rmse': 0.12608}
val: {'epoch': 3, 'time_epoch': 0.50302, 'loss': 0.09232169, 'lr': 0, 'params': 479627, 'time_iter': 0.00508, 'mae': 0.09232, 'r2': 0.52104, 'spearmanr': 0.76738, 'mse': 0.01719, 'rmse': 0.13111}
test: {'epoch': 3, 'time_epoch': 0.32586, 'loss': 0.10470034, 'lr': 0, 'params': 479627, 'time_iter': 0.00494, 'mae': 0.1047, 'r2': 0.45006, 'spearmanr': 0.72723, 'mse': 0.02237, 'rmse': 0.14957}
> Epoch 3: took 10.3s (avg 11.1s) | Best so far: epoch 3	train_loss: 0.0924 train_mae: 0.0924	val_loss: 0.0923 val_mae: 0.0923	test_loss: 0.1047 test_mae: 0.1047
train: {'epoch': 4, 'time_epoch': 9.74972, 'eta': 4980.07874, 'eta_hours': 1.38336, 'loss': 0.08578527, 'lr': 8e-05, 'params': 479627, 'time_iter': 0.01154, 'mae': 0.08579, 'r2': 0.566, 'spearmanr': 0.7419, 'mse': 0.01396, 'rmse': 0.11817}
val: {'epoch': 4, 'time_epoch': 0.50144, 'loss': 0.08988449, 'lr': 0, 'params': 479627, 'time_iter': 0.00507, 'mae': 0.08988, 'r2': 0.43329, 'spearmanr': 0.76126, 'mse': 0.02034, 'rmse': 0.14262}
test: {'epoch': 4, 'time_epoch': 0.33277, 'loss': 0.1061183, 'lr': 0, 'params': 479627, 'time_iter': 0.00504, 'mae': 0.10612, 'r2': 0.32431, 'spearmanr': 0.69724, 'mse': 0.02748, 'rmse': 0.16579}
> Epoch 4: took 10.6s (avg 11.0s) | Best so far: epoch 4	train_loss: 0.0858 train_mae: 0.0858	val_loss: 0.0899 val_mae: 0.0899	test_loss: 0.1061 test_mae: 0.1061
train: {'epoch': 5, 'time_epoch': 10.12653, 'eta': 4975.43288, 'eta_hours': 1.38206, 'loss': 0.08254395, 'lr': 0.0001, 'params': 479627, 'time_iter': 0.01198, 'mae': 0.08254, 'r2': 0.5906, 'spearmanr': 0.75484, 'mse': 0.01317, 'rmse': 0.11477}
val: {'epoch': 5, 'time_epoch': 0.49002, 'loss': 0.08225534, 'lr': 0, 'params': 479627, 'time_iter': 0.00495, 'mae': 0.08226, 'r2': 0.59519, 'spearmanr': 0.77697, 'mse': 0.01453, 'rmse': 0.12054}
test: {'epoch': 5, 'time_epoch': 0.324, 'loss': 0.09729632, 'lr': 0, 'params': 479627, 'time_iter': 0.00491, 'mae': 0.0973, 'r2': 0.49964, 'spearmanr': 0.72505, 'mse': 0.02035, 'rmse': 0.14266}
> Epoch 5: took 11.0s (avg 11.0s) | Best so far: epoch 5	train_loss: 0.0825 train_mae: 0.0825	val_loss: 0.0823 val_mae: 0.0823	test_loss: 0.0973 test_mae: 0.0973
train: {'epoch': 6, 'time_epoch': 9.44316, 'eta': 4921.09202, 'eta_hours': 1.36697, 'loss': 0.08034992, 'lr': 0.00012, 'params': 479627, 'time_iter': 0.01118, 'mae': 0.08035, 'r2': 0.6051, 'spearmanr': 0.76332, 'mse': 0.01271, 'rmse': 0.11272}
val: {'epoch': 6, 'time_epoch': 0.49994, 'loss': 0.08320274, 'lr': 0, 'params': 479627, 'time_iter': 0.00505, 'mae': 0.0832, 'r2': 0.5953, 'spearmanr': 0.78932, 'mse': 0.01452, 'rmse': 0.12052}
test: {'epoch': 6, 'time_epoch': 0.32942, 'loss': 0.09665433, 'lr': 0, 'params': 479627, 'time_iter': 0.00499, 'mae': 0.09665, 'r2': 0.52667, 'spearmanr': 0.75182, 'mse': 0.01925, 'rmse': 0.13876}
> Epoch 6: took 10.3s (avg 10.9s) | Best so far: epoch 5	train_loss: 0.0825 train_mae: 0.0825	val_loss: 0.0823 val_mae: 0.0823	test_loss: 0.0973 test_mae: 0.0973
train: {'epoch': 7, 'time_epoch': 9.40022, 'eta': 4875.33456, 'eta_hours': 1.35426, 'loss': 0.07853336, 'lr': 0.00014, 'params': 479627, 'time_iter': 0.01112, 'mae': 0.07853, 'r2': 0.6181, 'spearmanr': 0.77099, 'mse': 0.01229, 'rmse': 0.11085}
val: {'epoch': 7, 'time_epoch': 0.49852, 'loss': 0.08106063, 'lr': 0, 'params': 479627, 'time_iter': 0.00504, 'mae': 0.08106, 'r2': 0.59361, 'spearmanr': 0.7926, 'mse': 0.01459, 'rmse': 0.12077}
test: {'epoch': 7, 'time_epoch': 0.32827, 'loss': 0.09559126, 'lr': 0, 'params': 479627, 'time_iter': 0.00497, 'mae': 0.09559, 'r2': 0.49764, 'spearmanr': 0.73823, 'mse': 0.02043, 'rmse': 0.14295}
> Epoch 7: took 10.2s (avg 10.8s) | Best so far: epoch 7	train_loss: 0.0785 train_mae: 0.0785	val_loss: 0.0811 val_mae: 0.0811	test_loss: 0.0956 test_mae: 0.0956
train: {'epoch': 8, 'time_epoch': 9.42324, 'eta': 4838.91267, 'eta_hours': 1.34414, 'loss': 0.07687742, 'lr': 0.00016, 'params': 479627, 'time_iter': 0.01115, 'mae': 0.07688, 'r2': 0.62867, 'spearmanr': 0.77798, 'mse': 0.01195, 'rmse': 0.10931}
val: {'epoch': 8, 'time_epoch': 0.49565, 'loss': 0.0788796, 'lr': 0, 'params': 479627, 'time_iter': 0.00501, 'mae': 0.07888, 'r2': 0.64968, 'spearmanr': 0.81518, 'mse': 0.01257, 'rmse': 0.11213}
test: {'epoch': 8, 'time_epoch': 0.32907, 'loss': 0.09248552, 'lr': 0, 'params': 479627, 'time_iter': 0.00499, 'mae': 0.09249, 'r2': 0.5458, 'spearmanr': 0.76133, 'mse': 0.01848, 'rmse': 0.13592}
> Epoch 8: took 10.3s (avg 10.8s) | Best so far: epoch 8	train_loss: 0.0769 train_mae: 0.0769	val_loss: 0.0789 val_mae: 0.0789	test_loss: 0.0925 test_mae: 0.0925
train: {'epoch': 9, 'time_epoch': 9.41964, 'eta': 4807.71408, 'eta_hours': 1.33548, 'loss': 0.07538945, 'lr': 0.00018, 'params': 479627, 'time_iter': 0.01115, 'mae': 0.07539, 'r2': 0.63697, 'spearmanr': 0.78198, 'mse': 0.01168, 'rmse': 0.10808}
val: {'epoch': 9, 'time_epoch': 0.49237, 'loss': 0.07591876, 'lr': 0, 'params': 479627, 'time_iter': 0.00497, 'mae': 0.07592, 'r2': 0.63747, 'spearmanr': 0.81691, 'mse': 0.01301, 'rmse': 0.11407}
test: {'epoch': 9, 'time_epoch': 0.32846, 'loss': 0.08771578, 'lr': 0, 'params': 479627, 'time_iter': 0.00498, 'mae': 0.08772, 'r2': 0.54788, 'spearmanr': 0.7718, 'mse': 0.01839, 'rmse': 0.13561}
> Epoch 9: took 10.3s (avg 10.7s) | Best so far: epoch 9	train_loss: 0.0754 train_mae: 0.0754	val_loss: 0.0759 val_mae: 0.0759	test_loss: 0.0877 test_mae: 0.0877
train: {'epoch': 10, 'time_epoch': 9.44493, 'eta': 4781.5996, 'eta_hours': 1.32822, 'loss': 0.0739679, 'lr': 0.0002, 'params': 479627, 'time_iter': 0.01118, 'mae': 0.07397, 'r2': 0.64629, 'spearmanr': 0.78826, 'mse': 0.01138, 'rmse': 0.10668}
val: {'epoch': 10, 'time_epoch': 0.50463, 'loss': 0.07344751, 'lr': 0, 'params': 479627, 'time_iter': 0.0051, 'mae': 0.07345, 'r2': 0.65999, 'spearmanr': 0.81852, 'mse': 0.0122, 'rmse': 0.11047}
test: {'epoch': 10, 'time_epoch': 0.3374, 'loss': 0.08369798, 'lr': 0, 'params': 479627, 'time_iter': 0.00511, 'mae': 0.0837, 'r2': 0.58071, 'spearmanr': 0.78831, 'mse': 0.01706, 'rmse': 0.1306}
> Epoch 10: took 10.3s (avg 10.7s) | Best so far: epoch 10	train_loss: 0.0740 train_mae: 0.0740	val_loss: 0.0734 val_mae: 0.0735	test_loss: 0.0837 test_mae: 0.0837
train: {'epoch': 11, 'time_epoch': 9.90264, 'eta': 4776.8769, 'eta_hours': 1.32691, 'loss': 0.0730946, 'lr': 0.00022, 'params': 479627, 'time_iter': 0.01172, 'mae': 0.07309, 'r2': 0.65, 'spearmanr': 0.79153, 'mse': 0.01126, 'rmse': 0.10612}
val: {'epoch': 11, 'time_epoch': 0.49792, 'loss': 0.07093581, 'lr': 0, 'params': 479627, 'time_iter': 0.00503, 'mae': 0.07094, 'r2': 0.67836, 'spearmanr': 0.82847, 'mse': 0.01154, 'rmse': 0.10744}
test: {'epoch': 11, 'time_epoch': 0.32684, 'loss': 0.08508388, 'lr': 0, 'params': 479627, 'time_iter': 0.00495, 'mae': 0.08508, 'r2': 0.57116, 'spearmanr': 0.77646, 'mse': 0.01744, 'rmse': 0.13208}
> Epoch 11: took 10.7s (avg 10.7s) | Best so far: epoch 11	train_loss: 0.0731 train_mae: 0.0731	val_loss: 0.0709 val_mae: 0.0709	test_loss: 0.0851 test_mae: 0.0851
train: {'epoch': 12, 'time_epoch': 9.54091, 'eta': 4757.80614, 'eta_hours': 1.32161, 'loss': 0.07147918, 'lr': 0.00024, 'params': 479627, 'time_iter': 0.01129, 'mae': 0.07148, 'r2': 0.65938, 'spearmanr': 0.79702, 'mse': 0.01096, 'rmse': 0.10469}
val: {'epoch': 12, 'time_epoch': 0.49901, 'loss': 0.06725927, 'lr': 0, 'params': 479627, 'time_iter': 0.00504, 'mae': 0.06726, 'r2': 0.69061, 'spearmanr': 0.8322, 'mse': 0.0111, 'rmse': 0.10538}
test: {'epoch': 12, 'time_epoch': 0.33003, 'loss': 0.07759497, 'lr': 0, 'params': 479627, 'time_iter': 0.005, 'mae': 0.07759, 'r2': 0.61271, 'spearmanr': 0.79504, 'mse': 0.01575, 'rmse': 0.12551}
> Epoch 12: took 10.4s (avg 10.7s) | Best so far: epoch 12	train_loss: 0.0715 train_mae: 0.0715	val_loss: 0.0673 val_mae: 0.0673	test_loss: 0.0776 test_mae: 0.0776
train: {'epoch': 13, 'time_epoch': 10.13682, 'eta': 4760.78367, 'eta_hours': 1.32244, 'loss': 0.06998566, 'lr': 0.00026, 'params': 479627, 'time_iter': 0.012, 'mae': 0.06999, 'r2': 0.66562, 'spearmanr': 0.8018, 'mse': 0.01076, 'rmse': 0.10373}
val: {'epoch': 13, 'time_epoch': 0.5073, 'loss': 0.06535489, 'lr': 0, 'params': 479627, 'time_iter': 0.00512, 'mae': 0.06535, 'r2': 0.67189, 'spearmanr': 0.83064, 'mse': 0.01178, 'rmse': 0.10852}
test: {'epoch': 13, 'time_epoch': 0.33448, 'loss': 0.07839381, 'lr': 0, 'params': 479627, 'time_iter': 0.00507, 'mae': 0.07839, 'r2': 0.57435, 'spearmanr': 0.76845, 'mse': 0.01731, 'rmse': 0.13158}
> Epoch 13: took 11.0s (avg 10.7s) | Best so far: epoch 13	train_loss: 0.0700 train_mae: 0.0700	val_loss: 0.0654 val_mae: 0.0654	test_loss: 0.0784 test_mae: 0.0784
train: {'epoch': 14, 'time_epoch': 10.09269, 'eta': 4760.58559, 'eta_hours': 1.32238, 'loss': 0.0687602, 'lr': 0.00028, 'params': 479627, 'time_iter': 0.01194, 'mae': 0.06876, 'r2': 0.67327, 'spearmanr': 0.80621, 'mse': 0.01051, 'rmse': 0.10253}
val: {'epoch': 14, 'time_epoch': 0.49614, 'loss': 0.06387749, 'lr': 0, 'params': 479627, 'time_iter': 0.00501, 'mae': 0.06388, 'r2': 0.70017, 'spearmanr': 0.83388, 'mse': 0.01076, 'rmse': 0.10373}
test: {'epoch': 14, 'time_epoch': 0.3289, 'loss': 0.07878602, 'lr': 0, 'params': 479627, 'time_iter': 0.00498, 'mae': 0.07879, 'r2': 0.59686, 'spearmanr': 0.78561, 'mse': 0.0164, 'rmse': 0.12806}
> Epoch 14: took 10.9s (avg 10.7s) | Best so far: epoch 14	train_loss: 0.0688 train_mae: 0.0688	val_loss: 0.0639 val_mae: 0.0639	test_loss: 0.0788 test_mae: 0.0788
train: {'epoch': 15, 'time_epoch': 9.3836, 'eta': 4737.7007, 'eta_hours': 1.31603, 'loss': 0.06821746, 'lr': 0.0003, 'params': 479627, 'time_iter': 0.0111, 'mae': 0.06822, 'r2': 0.6757, 'spearmanr': 0.80798, 'mse': 0.01044, 'rmse': 0.10215}
val: {'epoch': 15, 'time_epoch': 0.49006, 'loss': 0.07194033, 'lr': 0, 'params': 479627, 'time_iter': 0.00495, 'mae': 0.07194, 'r2': 0.67553, 'spearmanr': 0.83268, 'mse': 0.01165, 'rmse': 0.10791}
test: {'epoch': 15, 'time_epoch': 0.32378, 'loss': 0.08211499, 'lr': 0, 'params': 479627, 'time_iter': 0.00491, 'mae': 0.08211, 'r2': 0.58776, 'spearmanr': 0.78085, 'mse': 0.01677, 'rmse': 0.12949}
> Epoch 15: took 10.2s (avg 10.7s) | Best so far: epoch 14	train_loss: 0.0688 train_mae: 0.0688	val_loss: 0.0639 val_mae: 0.0639	test_loss: 0.0788 test_mae: 0.0788
train: {'epoch': 16, 'time_epoch': 9.37731, 'eta': 4716.22563, 'eta_hours': 1.31006, 'loss': 0.06692253, 'lr': 0.00032, 'params': 479627, 'time_iter': 0.0111, 'mae': 0.06692, 'r2': 0.68117, 'spearmanr': 0.81189, 'mse': 0.01026, 'rmse': 0.10129}
val: {'epoch': 16, 'time_epoch': 0.49658, 'loss': 0.06089031, 'lr': 0, 'params': 479627, 'time_iter': 0.00502, 'mae': 0.06089, 'r2': 0.70137, 'spearmanr': 0.83996, 'mse': 0.01072, 'rmse': 0.10353}
test: {'epoch': 16, 'time_epoch': 0.33039, 'loss': 0.07363229, 'lr': 0, 'params': 479627, 'time_iter': 0.00501, 'mae': 0.07363, 'r2': 0.60501, 'spearmanr': 0.78044, 'mse': 0.01607, 'rmse': 0.12676}
> Epoch 16: took 10.2s (avg 10.6s) | Best so far: epoch 16	train_loss: 0.0669 train_mae: 0.0669	val_loss: 0.0609 val_mae: 0.0609	test_loss: 0.0736 test_mae: 0.0736
train: {'epoch': 17, 'time_epoch': 10.008, 'eta': 4712.98301, 'eta_hours': 1.30916, 'loss': 0.06626273, 'lr': 0.00034, 'params': 479627, 'time_iter': 0.01184, 'mae': 0.06626, 'r2': 0.68387, 'spearmanr': 0.81354, 'mse': 0.01017, 'rmse': 0.10086}
val: {'epoch': 17, 'time_epoch': 0.49611, 'loss': 0.06483573, 'lr': 0, 'params': 479627, 'time_iter': 0.00501, 'mae': 0.06484, 'r2': 0.66681, 'spearmanr': 0.83692, 'mse': 0.01196, 'rmse': 0.10935}
test: {'epoch': 17, 'time_epoch': 0.3254, 'loss': 0.07614265, 'lr': 0, 'params': 479627, 'time_iter': 0.00493, 'mae': 0.07614, 'r2': 0.57591, 'spearmanr': 0.78331, 'mse': 0.01725, 'rmse': 0.13134}
> Epoch 17: took 10.8s (avg 10.7s) | Best so far: epoch 16	train_loss: 0.0669 train_mae: 0.0669	val_loss: 0.0609 val_mae: 0.0609	test_loss: 0.0736 test_mae: 0.0736
train: {'epoch': 18, 'time_epoch': 9.66164, 'eta': 4700.2599, 'eta_hours': 1.30563, 'loss': 0.06575133, 'lr': 0.00036, 'params': 479627, 'time_iter': 0.01143, 'mae': 0.06575, 'r2': 0.68445, 'spearmanr': 0.81466, 'mse': 0.01015, 'rmse': 0.10076}
val: {'epoch': 18, 'time_epoch': 0.49781, 'loss': 0.06202114, 'lr': 0, 'params': 479627, 'time_iter': 0.00503, 'mae': 0.06202, 'r2': 0.68212, 'spearmanr': 0.8351, 'mse': 0.01141, 'rmse': 0.10681}
test: {'epoch': 18, 'time_epoch': 0.3287, 'loss': 0.07277013, 'lr': 0, 'params': 479627, 'time_iter': 0.00498, 'mae': 0.07277, 'r2': 0.61421, 'spearmanr': 0.79429, 'mse': 0.01569, 'rmse': 0.12527}
> Epoch 18: took 10.5s (avg 10.7s) | Best so far: epoch 16	train_loss: 0.0669 train_mae: 0.0669	val_loss: 0.0609 val_mae: 0.0609	test_loss: 0.0736 test_mae: 0.0736
train: {'epoch': 19, 'time_epoch': 10.37687, 'eta': 4705.0086, 'eta_hours': 1.30695, 'loss': 0.06486052, 'lr': 0.00038, 'params': 479627, 'time_iter': 0.01228, 'mae': 0.06486, 'r2': 0.69082, 'spearmanr': 0.81746, 'mse': 0.00995, 'rmse': 0.09974}
val: {'epoch': 19, 'time_epoch': 0.50326, 'loss': 0.06280652, 'lr': 0, 'params': 479627, 'time_iter': 0.00508, 'mae': 0.06281, 'r2': 0.67969, 'spearmanr': 0.83406, 'mse': 0.0115, 'rmse': 0.10722}
test: {'epoch': 19, 'time_epoch': 0.32988, 'loss': 0.07315053, 'lr': 0, 'params': 479627, 'time_iter': 0.005, 'mae': 0.07315, 'r2': 0.60802, 'spearmanr': 0.78346, 'mse': 0.01594, 'rmse': 0.12627}
> Epoch 19: took 11.2s (avg 10.7s) | Best so far: epoch 16	train_loss: 0.0669 train_mae: 0.0669	val_loss: 0.0609 val_mae: 0.0609	test_loss: 0.0736 test_mae: 0.0736
train: {'epoch': 20, 'time_epoch': 9.55052, 'eta': 4689.46816, 'eta_hours': 1.30263, 'loss': 0.0647545, 'lr': 0.0004, 'params': 479627, 'time_iter': 0.0113, 'mae': 0.06475, 'r2': 0.69144, 'spearmanr': 0.81886, 'mse': 0.00993, 'rmse': 0.09964}
val: {'epoch': 20, 'time_epoch': 0.48991, 'loss': 0.0688006, 'lr': 0, 'params': 479627, 'time_iter': 0.00495, 'mae': 0.0688, 'r2': 0.63041, 'spearmanr': 0.83128, 'mse': 0.01326, 'rmse': 0.11517}
test: {'epoch': 20, 'time_epoch': 0.32754, 'loss': 0.07564486, 'lr': 0, 'params': 479627, 'time_iter': 0.00496, 'mae': 0.07564, 'r2': 0.58542, 'spearmanr': 0.78367, 'mse': 0.01686, 'rmse': 0.12986}
> Epoch 20: took 10.4s (avg 10.7s) | Best so far: epoch 16	train_loss: 0.0669 train_mae: 0.0669	val_loss: 0.0609 val_mae: 0.0609	test_loss: 0.0736 test_mae: 0.0736
train: {'epoch': 21, 'time_epoch': 10.28357, 'eta': 4690.39927, 'eta_hours': 1.30289, 'loss': 0.06384409, 'lr': 0.00042, 'params': 479627, 'time_iter': 0.01217, 'mae': 0.06384, 'r2': 0.69484, 'spearmanr': 0.82074, 'mse': 0.00982, 'rmse': 0.09909}
val: {'epoch': 21, 'time_epoch': 0.49052, 'loss': 0.06794002, 'lr': 0, 'params': 479627, 'time_iter': 0.00495, 'mae': 0.06794, 'r2': 0.64188, 'spearmanr': 0.8353, 'mse': 0.01285, 'rmse': 0.11337}
test: {'epoch': 21, 'time_epoch': 0.32936, 'loss': 0.07438548, 'lr': 0, 'params': 479627, 'time_iter': 0.00499, 'mae': 0.07439, 'r2': 0.60403, 'spearmanr': 0.81061, 'mse': 0.01611, 'rmse': 0.12691}
> Epoch 21: took 11.1s (avg 10.7s) | Best so far: epoch 16	train_loss: 0.0669 train_mae: 0.0669	val_loss: 0.0609 val_mae: 0.0609	test_loss: 0.0736 test_mae: 0.0736
train: {'epoch': 22, 'time_epoch': 9.60192, 'eta': 4676.21832, 'eta_hours': 1.29895, 'loss': 0.06322158, 'lr': 0.00044, 'params': 479627, 'time_iter': 0.01136, 'mae': 0.06322, 'r2': 0.70164, 'spearmanr': 0.82559, 'mse': 0.0096, 'rmse': 0.09798}
val: {'epoch': 22, 'time_epoch': 0.49131, 'loss': 0.07149253, 'lr': 0, 'params': 479627, 'time_iter': 0.00496, 'mae': 0.07149, 'r2': 0.6154, 'spearmanr': 0.82437, 'mse': 0.0138, 'rmse': 0.11749}
test: {'epoch': 22, 'time_epoch': 0.32887, 'loss': 0.07761207, 'lr': 0, 'params': 479627, 'time_iter': 0.00498, 'mae': 0.07761, 'r2': 0.5726, 'spearmanr': 0.80257, 'mse': 0.01739, 'rmse': 0.13185}
> Epoch 22: took 10.4s (avg 10.7s) | Best so far: epoch 16	train_loss: 0.0669 train_mae: 0.0669	val_loss: 0.0609 val_mae: 0.0609	test_loss: 0.0736 test_mae: 0.0736
train: {'epoch': 23, 'time_epoch': 9.58608, 'eta': 4662.10498, 'eta_hours': 1.29503, 'loss': 0.0626354, 'lr': 0.00046, 'params': 479627, 'time_iter': 0.01134, 'mae': 0.06264, 'r2': 0.703, 'spearmanr': 0.82604, 'mse': 0.00956, 'rmse': 0.09776}
val: {'epoch': 23, 'time_epoch': 0.49455, 'loss': 0.05839083, 'lr': 0, 'params': 479627, 'time_iter': 0.005, 'mae': 0.05839, 'r2': 0.70296, 'spearmanr': 0.84892, 'mse': 0.01066, 'rmse': 0.10325}
test: {'epoch': 23, 'time_epoch': 0.32618, 'loss': 0.06610545, 'lr': 0, 'params': 479627, 'time_iter': 0.00494, 'mae': 0.06611, 'r2': 0.65065, 'spearmanr': 0.80824, 'mse': 0.01421, 'rmse': 0.11921}
> Epoch 23: took 10.4s (avg 10.7s) | Best so far: epoch 23	train_loss: 0.0626 train_mae: 0.0626	val_loss: 0.0584 val_mae: 0.0584	test_loss: 0.0661 test_mae: 0.0661
train: {'epoch': 24, 'time_epoch': 9.40328, 'eta': 4644.88053, 'eta_hours': 1.29024, 'loss': 0.06168183, 'lr': 0.00048, 'params': 479627, 'time_iter': 0.01113, 'mae': 0.06168, 'r2': 0.70916, 'spearmanr': 0.83096, 'mse': 0.00936, 'rmse': 0.09674}
val: {'epoch': 24, 'time_epoch': 0.49502, 'loss': 0.05944623, 'lr': 0, 'params': 479627, 'time_iter': 0.005, 'mae': 0.05945, 'r2': 0.69564, 'spearmanr': 0.84362, 'mse': 0.01092, 'rmse': 0.10452}
test: {'epoch': 24, 'time_epoch': 0.33013, 'loss': 0.06646506, 'lr': 0, 'params': 479627, 'time_iter': 0.005, 'mae': 0.06647, 'r2': 0.66076, 'spearmanr': 0.81798, 'mse': 0.0138, 'rmse': 0.11747}
> Epoch 24: took 10.2s (avg 10.6s) | Best so far: epoch 23	train_loss: 0.0626 train_mae: 0.0626	val_loss: 0.0584 val_mae: 0.0584	test_loss: 0.0661 test_mae: 0.0661
train: {'epoch': 25, 'time_epoch': 9.41591, 'eta': 4628.48805, 'eta_hours': 1.28569, 'loss': 0.06114948, 'lr': 0.0005, 'params': 479627, 'time_iter': 0.01114, 'mae': 0.06115, 'r2': 0.71291, 'spearmanr': 0.83515, 'mse': 0.00924, 'rmse': 0.09611}
val: {'epoch': 25, 'time_epoch': 0.49876, 'loss': 0.06892126, 'lr': 0, 'params': 479627, 'time_iter': 0.00504, 'mae': 0.06892, 'r2': 0.633, 'spearmanr': 0.84389, 'mse': 0.01317, 'rmse': 0.11477}
test: {'epoch': 25, 'time_epoch': 0.33112, 'loss': 0.07664036, 'lr': 0, 'params': 479627, 'time_iter': 0.00502, 'mae': 0.07664, 'r2': 0.5771, 'spearmanr': 0.80352, 'mse': 0.0172, 'rmse': 0.13116}
> Epoch 25: took 10.3s (avg 10.6s) | Best so far: epoch 23	train_loss: 0.0626 train_mae: 0.0626	val_loss: 0.0584 val_mae: 0.0584	test_loss: 0.0661 test_mae: 0.0661
train: {'epoch': 26, 'time_epoch': 9.41449, 'eta': 4612.58739, 'eta_hours': 1.28127, 'loss': 0.06085587, 'lr': 0.00052, 'params': 479627, 'time_iter': 0.01114, 'mae': 0.06086, 'r2': 0.71507, 'spearmanr': 0.83433, 'mse': 0.00917, 'rmse': 0.09575}
val: {'epoch': 26, 'time_epoch': 0.49423, 'loss': 0.06486317, 'lr': 0, 'params': 479627, 'time_iter': 0.00499, 'mae': 0.06486, 'r2': 0.66788, 'spearmanr': 0.84097, 'mse': 0.01192, 'rmse': 0.10918}
test: {'epoch': 26, 'time_epoch': 0.3348, 'loss': 0.07564644, 'lr': 0, 'params': 479627, 'time_iter': 0.00507, 'mae': 0.07565, 'r2': 0.60364, 'spearmanr': 0.79641, 'mse': 0.01612, 'rmse': 0.12697}
> Epoch 26: took 10.3s (avg 10.6s) | Best so far: epoch 23	train_loss: 0.0626 train_mae: 0.0626	val_loss: 0.0584 val_mae: 0.0584	test_loss: 0.0661 test_mae: 0.0661
train: {'epoch': 27, 'time_epoch': 9.41557, 'eta': 4597.1683, 'eta_hours': 1.27699, 'loss': 0.05990404, 'lr': 0.00054, 'params': 479627, 'time_iter': 0.01114, 'mae': 0.0599, 'r2': 0.71993, 'spearmanr': 0.83872, 'mse': 0.00901, 'rmse': 0.09493}
val: {'epoch': 27, 'time_epoch': 0.49493, 'loss': 0.05794059, 'lr': 0, 'params': 479627, 'time_iter': 0.005, 'mae': 0.05794, 'r2': 0.71313, 'spearmanr': 0.84096, 'mse': 0.0103, 'rmse': 0.10147}
test: {'epoch': 27, 'time_epoch': 0.32918, 'loss': 0.06315225, 'lr': 0, 'params': 479627, 'time_iter': 0.00499, 'mae': 0.06315, 'r2': 0.66671, 'spearmanr': 0.81452, 'mse': 0.01356, 'rmse': 0.11644}
> Epoch 27: took 10.3s (avg 10.6s) | Best so far: epoch 27	train_loss: 0.0599 train_mae: 0.0599	val_loss: 0.0579 val_mae: 0.0579	test_loss: 0.0632 test_mae: 0.0631
train: {'epoch': 28, 'time_epoch': 9.41339, 'eta': 4582.12773, 'eta_hours': 1.27281, 'loss': 0.0595682, 'lr': 0.00056, 'params': 479627, 'time_iter': 0.01114, 'mae': 0.05957, 'r2': 0.72208, 'spearmanr': 0.83939, 'mse': 0.00894, 'rmse': 0.09457}
val: {'epoch': 28, 'time_epoch': 0.49303, 'loss': 0.06587703, 'lr': 0, 'params': 479627, 'time_iter': 0.00498, 'mae': 0.06588, 'r2': 0.65541, 'spearmanr': 0.84264, 'mse': 0.01237, 'rmse': 0.11121}
test: {'epoch': 28, 'time_epoch': 0.32878, 'loss': 0.07835751, 'lr': 0, 'params': 479627, 'time_iter': 0.00498, 'mae': 0.07836, 'r2': 0.5848, 'spearmanr': 0.79982, 'mse': 0.01689, 'rmse': 0.12996}
> Epoch 28: took 10.3s (avg 10.6s) | Best so far: epoch 27	train_loss: 0.0599 train_mae: 0.0599	val_loss: 0.0579 val_mae: 0.0579	test_loss: 0.0632 test_mae: 0.0631
train: {'epoch': 29, 'time_epoch': 9.43181, 'eta': 4567.75095, 'eta_hours': 1.26882, 'loss': 0.05899954, 'lr': 0.00058, 'params': 479627, 'time_iter': 0.01116, 'mae': 0.059, 'r2': 0.72468, 'spearmanr': 0.84075, 'mse': 0.00886, 'rmse': 0.09412}
val: {'epoch': 29, 'time_epoch': 0.49991, 'loss': 0.06333103, 'lr': 0, 'params': 479627, 'time_iter': 0.00505, 'mae': 0.06333, 'r2': 0.65934, 'spearmanr': 0.82514, 'mse': 0.01223, 'rmse': 0.11057}
test: {'epoch': 29, 'time_epoch': 0.33204, 'loss': 0.07001197, 'lr': 0, 'params': 479627, 'time_iter': 0.00503, 'mae': 0.07001, 'r2': 0.61416, 'spearmanr': 0.78895, 'mse': 0.01569, 'rmse': 0.12528}
> Epoch 29: took 10.3s (avg 10.6s) | Best so far: epoch 27	train_loss: 0.0599 train_mae: 0.0599	val_loss: 0.0579 val_mae: 0.0579	test_loss: 0.0632 test_mae: 0.0631
train: {'epoch': 30, 'time_epoch': 9.43305, 'eta': 4553.71191, 'eta_hours': 1.26492, 'loss': 0.05863857, 'lr': 0.0006, 'params': 479627, 'time_iter': 0.01116, 'mae': 0.05864, 'r2': 0.72906, 'spearmanr': 0.84255, 'mse': 0.00872, 'rmse': 0.09337}
val: {'epoch': 30, 'time_epoch': 0.49196, 'loss': 0.06019967, 'lr': 0, 'params': 479627, 'time_iter': 0.00497, 'mae': 0.0602, 'r2': 0.68178, 'spearmanr': 0.83818, 'mse': 0.01142, 'rmse': 0.10687}
test: {'epoch': 30, 'time_epoch': 0.32756, 'loss': 0.06667455, 'lr': 0, 'params': 479627, 'time_iter': 0.00496, 'mae': 0.06667, 'r2': 0.62426, 'spearmanr': 0.80947, 'mse': 0.01528, 'rmse': 0.12363}
> Epoch 30: took 10.3s (avg 10.6s) | Best so far: epoch 27	train_loss: 0.0599 train_mae: 0.0599	val_loss: 0.0579 val_mae: 0.0579	test_loss: 0.0632 test_mae: 0.0631
train: {'epoch': 31, 'time_epoch': 9.40371, 'eta': 4539.53171, 'eta_hours': 1.26098, 'loss': 0.05826603, 'lr': 0.00062, 'params': 479627, 'time_iter': 0.01113, 'mae': 0.05827, 'r2': 0.73148, 'spearmanr': 0.8443, 'mse': 0.00864, 'rmse': 0.09295}
val: {'epoch': 31, 'time_epoch': 0.49592, 'loss': 0.05715067, 'lr': 0, 'params': 479627, 'time_iter': 0.00501, 'mae': 0.05715, 'r2': 0.704, 'spearmanr': 0.84207, 'mse': 0.01062, 'rmse': 0.10307}
test: {'epoch': 31, 'time_epoch': 0.32735, 'loss': 0.06661542, 'lr': 0, 'params': 479627, 'time_iter': 0.00496, 'mae': 0.06662, 'r2': 0.64259, 'spearmanr': 0.80602, 'mse': 0.01454, 'rmse': 0.12058}
> Epoch 31: took 10.2s (avg 10.6s) | Best so far: epoch 31	train_loss: 0.0583 train_mae: 0.0583	val_loss: 0.0572 val_mae: 0.0571	test_loss: 0.0666 test_mae: 0.0666
train: {'epoch': 32, 'time_epoch': 9.75291, 'eta': 4530.58269, 'eta_hours': 1.2585, 'loss': 0.05778605, 'lr': 0.00064, 'params': 479627, 'time_iter': 0.01154, 'mae': 0.05779, 'r2': 0.73348, 'spearmanr': 0.84688, 'mse': 0.00858, 'rmse': 0.09261}
val: {'epoch': 32, 'time_epoch': 0.49745, 'loss': 0.06339537, 'lr': 0, 'params': 479627, 'time_iter': 0.00502, 'mae': 0.0634, 'r2': 0.66383, 'spearmanr': 0.82931, 'mse': 0.01207, 'rmse': 0.10984}
test: {'epoch': 32, 'time_epoch': 0.329, 'loss': 0.07230667, 'lr': 0, 'params': 479627, 'time_iter': 0.00498, 'mae': 0.07231, 'r2': 0.59913, 'spearmanr': 0.79869, 'mse': 0.01631, 'rmse': 0.12769}
> Epoch 32: took 10.6s (avg 10.6s) | Best so far: epoch 31	train_loss: 0.0583 train_mae: 0.0583	val_loss: 0.0572 val_mae: 0.0571	test_loss: 0.0666 test_mae: 0.0666
train: {'epoch': 33, 'time_epoch': 9.49772, 'eta': 4518.08877, 'eta_hours': 1.25502, 'loss': 0.05713347, 'lr': 0.00066, 'params': 479627, 'time_iter': 0.01124, 'mae': 0.05713, 'r2': 0.73597, 'spearmanr': 0.8478, 'mse': 0.0085, 'rmse': 0.09217}
val: {'epoch': 33, 'time_epoch': 0.49589, 'loss': 0.05953532, 'lr': 0, 'params': 479627, 'time_iter': 0.00501, 'mae': 0.05954, 'r2': 0.69266, 'spearmanr': 0.85014, 'mse': 0.01103, 'rmse': 0.10503}
test: {'epoch': 33, 'time_epoch': 0.33099, 'loss': 0.0759825, 'lr': 0, 'params': 479627, 'time_iter': 0.00502, 'mae': 0.07598, 'r2': 0.59976, 'spearmanr': 0.81588, 'mse': 0.01628, 'rmse': 0.12759}
> Epoch 33: took 10.3s (avg 10.6s) | Best so far: epoch 31	train_loss: 0.0583 train_mae: 0.0583	val_loss: 0.0572 val_mae: 0.0571	test_loss: 0.0666 test_mae: 0.0666
train: {'epoch': 34, 'time_epoch': 9.4285, 'eta': 4504.84647, 'eta_hours': 1.25135, 'loss': 0.05722846, 'lr': 0.00068, 'params': 479627, 'time_iter': 0.01116, 'mae': 0.05723, 'r2': 0.7366, 'spearmanr': 0.84831, 'mse': 0.00848, 'rmse': 0.09206}
val: {'epoch': 34, 'time_epoch': 0.49781, 'loss': 0.0621911, 'lr': 0, 'params': 479627, 'time_iter': 0.00503, 'mae': 0.06219, 'r2': 0.67512, 'spearmanr': 0.83815, 'mse': 0.01166, 'rmse': 0.10798}
test: {'epoch': 34, 'time_epoch': 0.32874, 'loss': 0.07407017, 'lr': 0, 'params': 479627, 'time_iter': 0.00498, 'mae': 0.07407, 'r2': 0.59819, 'spearmanr': 0.80114, 'mse': 0.01634, 'rmse': 0.12784}
> Epoch 34: took 10.3s (avg 10.6s) | Best so far: epoch 31	train_loss: 0.0583 train_mae: 0.0583	val_loss: 0.0572 val_mae: 0.0571	test_loss: 0.0666 test_mae: 0.0666
train: {'epoch': 35, 'time_epoch': 9.41485, 'eta': 4491.64006, 'eta_hours': 1.24768, 'loss': 0.05654188, 'lr': 0.0007, 'params': 479627, 'time_iter': 0.01114, 'mae': 0.05654, 'r2': 0.741, 'spearmanr': 0.8514, 'mse': 0.00833, 'rmse': 0.09129}
val: {'epoch': 35, 'time_epoch': 0.49479, 'loss': 0.05953396, 'lr': 0, 'params': 479627, 'time_iter': 0.005, 'mae': 0.05953, 'r2': 0.69757, 'spearmanr': 0.82521, 'mse': 0.01085, 'rmse': 0.10418}
test: {'epoch': 35, 'time_epoch': 0.32653, 'loss': 0.06803699, 'lr': 0, 'params': 479627, 'time_iter': 0.00495, 'mae': 0.06804, 'r2': 0.62703, 'spearmanr': 0.78849, 'mse': 0.01517, 'rmse': 0.12317}
> Epoch 35: took 10.3s (avg 10.5s) | Best so far: epoch 31	train_loss: 0.0583 train_mae: 0.0583	val_loss: 0.0572 val_mae: 0.0571	test_loss: 0.0666 test_mae: 0.0666
train: {'epoch': 36, 'time_epoch': 9.60918, 'eta': 4481.07033, 'eta_hours': 1.24474, 'loss': 0.05626388, 'lr': 0.00072, 'params': 479627, 'time_iter': 0.01137, 'mae': 0.05626, 'r2': 0.74087, 'spearmanr': 0.85144, 'mse': 0.00834, 'rmse': 0.09131}
val: {'epoch': 36, 'time_epoch': 0.49645, 'loss': 0.06133635, 'lr': 0, 'params': 479627, 'time_iter': 0.00501, 'mae': 0.06134, 'r2': 0.67989, 'spearmanr': 0.83422, 'mse': 0.01149, 'rmse': 0.10719}
test: {'epoch': 36, 'time_epoch': 0.32913, 'loss': 0.0697871, 'lr': 0, 'params': 479627, 'time_iter': 0.00499, 'mae': 0.06979, 'r2': 0.61713, 'spearmanr': 0.79054, 'mse': 0.01557, 'rmse': 0.1248}
> Epoch 36: took 10.5s (avg 10.5s) | Best so far: epoch 31	train_loss: 0.0583 train_mae: 0.0583	val_loss: 0.0572 val_mae: 0.0571	test_loss: 0.0666 test_mae: 0.0666
train: {'epoch': 37, 'time_epoch': 9.47591, 'eta': 4468.93087, 'eta_hours': 1.24137, 'loss': 0.05570998, 'lr': 0.00074, 'params': 479627, 'time_iter': 0.01121, 'mae': 0.05571, 'r2': 0.74635, 'spearmanr': 0.85384, 'mse': 0.00816, 'rmse': 0.09034}
val: {'epoch': 37, 'time_epoch': 0.49758, 'loss': 0.06022324, 'lr': 0, 'params': 479627, 'time_iter': 0.00503, 'mae': 0.06022, 'r2': 0.68971, 'spearmanr': 0.84332, 'mse': 0.01114, 'rmse': 0.10553}
test: {'epoch': 37, 'time_epoch': 0.33246, 'loss': 0.07051014, 'lr': 0, 'params': 479627, 'time_iter': 0.00504, 'mae': 0.07051, 'r2': 0.61133, 'spearmanr': 0.80242, 'mse': 0.01581, 'rmse': 0.12574}
> Epoch 37: took 10.3s (avg 10.5s) | Best so far: epoch 31	train_loss: 0.0583 train_mae: 0.0583	val_loss: 0.0572 val_mae: 0.0571	test_loss: 0.0666 test_mae: 0.0666
train: {'epoch': 38, 'time_epoch': 9.44612, 'eta': 4456.57595, 'eta_hours': 1.23794, 'loss': 0.05546482, 'lr': 0.00076, 'params': 479627, 'time_iter': 0.01118, 'mae': 0.05546, 'r2': 0.74758, 'spearmanr': 0.85531, 'mse': 0.00812, 'rmse': 0.09012}
val: {'epoch': 38, 'time_epoch': 0.49644, 'loss': 0.05920669, 'lr': 0, 'params': 479627, 'time_iter': 0.00501, 'mae': 0.05921, 'r2': 0.69, 'spearmanr': 0.83289, 'mse': 0.01113, 'rmse': 0.10548}
test: {'epoch': 38, 'time_epoch': 0.33081, 'loss': 0.0692188, 'lr': 0, 'params': 479627, 'time_iter': 0.00501, 'mae': 0.06922, 'r2': 0.61216, 'spearmanr': 0.78548, 'mse': 0.01578, 'rmse': 0.1256}
> Epoch 38: took 10.3s (avg 10.5s) | Best so far: epoch 31	train_loss: 0.0583 train_mae: 0.0583	val_loss: 0.0572 val_mae: 0.0571	test_loss: 0.0666 test_mae: 0.0666
train: {'epoch': 39, 'time_epoch': 9.99774, 'eta': 4450.70999, 'eta_hours': 1.23631, 'loss': 0.05486318, 'lr': 0.00078, 'params': 479627, 'time_iter': 0.01183, 'mae': 0.05486, 'r2': 0.74964, 'spearmanr': 0.85646, 'mse': 0.00806, 'rmse': 0.08975}
val: {'epoch': 39, 'time_epoch': 0.50162, 'loss': 0.05944204, 'lr': 0, 'params': 479627, 'time_iter': 0.00507, 'mae': 0.05944, 'r2': 0.7096, 'spearmanr': 0.84257, 'mse': 0.01042, 'rmse': 0.10209}
test: {'epoch': 39, 'time_epoch': 0.33265, 'loss': 0.06825432, 'lr': 0, 'params': 479627, 'time_iter': 0.00504, 'mae': 0.06825, 'r2': 0.63524, 'spearmanr': 0.8033, 'mse': 0.01484, 'rmse': 0.12181}
> Epoch 39: took 10.9s (avg 10.5s) | Best so far: epoch 31	train_loss: 0.0583 train_mae: 0.0583	val_loss: 0.0572 val_mae: 0.0571	test_loss: 0.0666 test_mae: 0.0666
train: {'epoch': 40, 'time_epoch': 9.55016, 'eta': 4439.63185, 'eta_hours': 1.23323, 'loss': 0.05522368, 'lr': 0.0008, 'params': 479627, 'time_iter': 0.0113, 'mae': 0.05522, 'r2': 0.74824, 'spearmanr': 0.8557, 'mse': 0.0081, 'rmse': 0.09001}
val: {'epoch': 40, 'time_epoch': 0.49087, 'loss': 0.05990285, 'lr': 0, 'params': 479627, 'time_iter': 0.00496, 'mae': 0.0599, 'r2': 0.69456, 'spearmanr': 0.8431, 'mse': 0.01096, 'rmse': 0.1047}
test: {'epoch': 40, 'time_epoch': 0.32507, 'loss': 0.07065816, 'lr': 0, 'params': 479627, 'time_iter': 0.00493, 'mae': 0.07066, 'r2': 0.60897, 'spearmanr': 0.80962, 'mse': 0.01591, 'rmse': 0.12612}
> Epoch 40: took 10.4s (avg 10.5s) | Best so far: epoch 31	train_loss: 0.0583 train_mae: 0.0583	val_loss: 0.0572 val_mae: 0.0571	test_loss: 0.0666 test_mae: 0.0666
train: {'epoch': 41, 'time_epoch': 9.70035, 'eta': 4430.26421, 'eta_hours': 1.23063, 'loss': 0.05477392, 'lr': 0.00082, 'params': 479627, 'time_iter': 0.01148, 'mae': 0.05477, 'r2': 0.75089, 'spearmanr': 0.85809, 'mse': 0.00802, 'rmse': 0.08953}
val: {'epoch': 41, 'time_epoch': 0.49526, 'loss': 0.06537705, 'lr': 0, 'params': 479627, 'time_iter': 0.005, 'mae': 0.06538, 'r2': 0.64637, 'spearmanr': 0.83706, 'mse': 0.01269, 'rmse': 0.11266}
test: {'epoch': 41, 'time_epoch': 0.3289, 'loss': 0.07962798, 'lr': 0, 'params': 479627, 'time_iter': 0.00498, 'mae': 0.07963, 'r2': 0.56327, 'spearmanr': 0.79143, 'mse': 0.01777, 'rmse': 0.13329}
> Epoch 41: took 10.5s (avg 10.5s) | Best so far: epoch 31	train_loss: 0.0583 train_mae: 0.0583	val_loss: 0.0572 val_mae: 0.0571	test_loss: 0.0666 test_mae: 0.0666
train: {'epoch': 42, 'time_epoch': 9.40492, 'eta': 4417.7413, 'eta_hours': 1.22715, 'loss': 0.05375694, 'lr': 0.00084, 'params': 479627, 'time_iter': 0.01113, 'mae': 0.05376, 'r2': 0.75704, 'spearmanr': 0.86166, 'mse': 0.00782, 'rmse': 0.08842}
val: {'epoch': 42, 'time_epoch': 0.4997, 'loss': 0.05799421, 'lr': 0, 'params': 479627, 'time_iter': 0.00505, 'mae': 0.05799, 'r2': 0.69426, 'spearmanr': 0.83986, 'mse': 0.01097, 'rmse': 0.10475}
test: {'epoch': 42, 'time_epoch': 0.32753, 'loss': 0.0685582, 'lr': 0, 'params': 479627, 'time_iter': 0.00496, 'mae': 0.06856, 'r2': 0.62771, 'spearmanr': 0.79075, 'mse': 0.01514, 'rmse': 0.12306}
> Epoch 42: took 10.3s (avg 10.5s) | Best so far: epoch 31	train_loss: 0.0583 train_mae: 0.0583	val_loss: 0.0572 val_mae: 0.0571	test_loss: 0.0666 test_mae: 0.0666
train: {'epoch': 43, 'time_epoch': 10.01087, 'eta': 4411.63992, 'eta_hours': 1.22546, 'loss': 0.05366419, 'lr': 0.00086, 'params': 479627, 'time_iter': 0.01185, 'mae': 0.05366, 'r2': 0.75726, 'spearmanr': 0.8603, 'mse': 0.00781, 'rmse': 0.08838}
val: {'epoch': 43, 'time_epoch': 0.50189, 'loss': 0.06000963, 'lr': 0, 'params': 479627, 'time_iter': 0.00507, 'mae': 0.06001, 'r2': 0.68303, 'spearmanr': 0.83624, 'mse': 0.01138, 'rmse': 0.10666}
test: {'epoch': 43, 'time_epoch': 0.33298, 'loss': 0.07073, 'lr': 0, 'params': 479627, 'time_iter': 0.00505, 'mae': 0.07073, 'r2': 0.60705, 'spearmanr': 0.79293, 'mse': 0.01598, 'rmse': 0.12643}
> Epoch 43: took 10.9s (avg 10.5s) | Best so far: epoch 31	train_loss: 0.0583 train_mae: 0.0583	val_loss: 0.0572 val_mae: 0.0571	test_loss: 0.0666 test_mae: 0.0666
train: {'epoch': 44, 'time_epoch': 9.75563, 'eta': 4402.78404, 'eta_hours': 1.223, 'loss': 0.0532851, 'lr': 0.00088, 'params': 479627, 'time_iter': 0.01155, 'mae': 0.05329, 'r2': 0.76095, 'spearmanr': 0.86327, 'mse': 0.00769, 'rmse': 0.0877}
val: {'epoch': 44, 'time_epoch': 0.49614, 'loss': 0.0660098, 'lr': 0, 'params': 479627, 'time_iter': 0.00501, 'mae': 0.06601, 'r2': 0.64806, 'spearmanr': 0.83813, 'mse': 0.01263, 'rmse': 0.11239}
test: {'epoch': 44, 'time_epoch': 0.32923, 'loss': 0.08473348, 'lr': 0, 'params': 479627, 'time_iter': 0.00499, 'mae': 0.08473, 'r2': 0.54524, 'spearmanr': 0.78934, 'mse': 0.0185, 'rmse': 0.13601}
> Epoch 44: took 10.6s (avg 10.5s) | Best so far: epoch 31	train_loss: 0.0583 train_mae: 0.0583	val_loss: 0.0572 val_mae: 0.0571	test_loss: 0.0666 test_mae: 0.0666
train: {'epoch': 45, 'time_epoch': 9.40026, 'eta': 4390.38175, 'eta_hours': 1.21955, 'loss': 0.05298971, 'lr': 0.0009, 'params': 479627, 'time_iter': 0.01112, 'mae': 0.05299, 'r2': 0.75974, 'spearmanr': 0.86394, 'mse': 0.00773, 'rmse': 0.08793}
val: {'epoch': 45, 'time_epoch': 0.49672, 'loss': 0.058612, 'lr': 0, 'params': 479627, 'time_iter': 0.00502, 'mae': 0.05861, 'r2': 0.6768, 'spearmanr': 0.83969, 'mse': 0.0116, 'rmse': 0.1077}
test: {'epoch': 45, 'time_epoch': 0.32893, 'loss': 0.06727364, 'lr': 0, 'params': 479627, 'time_iter': 0.00498, 'mae': 0.06727, 'r2': 0.62794, 'spearmanr': 0.81418, 'mse': 0.01513, 'rmse': 0.12302}
> Epoch 45: took 10.2s (avg 10.5s) | Best so far: epoch 31	train_loss: 0.0583 train_mae: 0.0583	val_loss: 0.0572 val_mae: 0.0571	test_loss: 0.0666 test_mae: 0.0666
train: {'epoch': 46, 'time_epoch': 9.59635, 'eta': 4379.99717, 'eta_hours': 1.21667, 'loss': 0.05267509, 'lr': 0.00092, 'params': 479627, 'time_iter': 0.01136, 'mae': 0.05268, 'r2': 0.76235, 'spearmanr': 0.86585, 'mse': 0.00765, 'rmse': 0.08745}
val: {'epoch': 46, 'time_epoch': 0.49409, 'loss': 0.06746019, 'lr': 0, 'params': 479627, 'time_iter': 0.00499, 'mae': 0.06746, 'r2': 0.64605, 'spearmanr': 0.8368, 'mse': 0.0127, 'rmse': 0.11271}
test: {'epoch': 46, 'time_epoch': 0.328, 'loss': 0.09546691, 'lr': 0, 'params': 479627, 'time_iter': 0.00497, 'mae': 0.09547, 'r2': 0.48373, 'spearmanr': 0.78227, 'mse': 0.021, 'rmse': 0.14491}
> Epoch 46: took 10.4s (avg 10.5s) | Best so far: epoch 31	train_loss: 0.0583 train_mae: 0.0583	val_loss: 0.0572 val_mae: 0.0571	test_loss: 0.0666 test_mae: 0.0666
train: {'epoch': 47, 'time_epoch': 9.40484, 'eta': 4367.84201, 'eta_hours': 1.21329, 'loss': 0.05210591, 'lr': 0.00094, 'params': 479627, 'time_iter': 0.01113, 'mae': 0.05211, 'r2': 0.76517, 'spearmanr': 0.86676, 'mse': 0.00756, 'rmse': 0.08693}
val: {'epoch': 47, 'time_epoch': 0.49414, 'loss': 0.06379205, 'lr': 0, 'params': 479627, 'time_iter': 0.00499, 'mae': 0.06379, 'r2': 0.66394, 'spearmanr': 0.8323, 'mse': 0.01206, 'rmse': 0.10982}
test: {'epoch': 47, 'time_epoch': 0.32924, 'loss': 0.08444224, 'lr': 0, 'params': 479627, 'time_iter': 0.00499, 'mae': 0.08444, 'r2': 0.55414, 'spearmanr': 0.78912, 'mse': 0.01814, 'rmse': 0.13467}
> Epoch 47: took 10.2s (avg 10.5s) | Best so far: epoch 31	train_loss: 0.0583 train_mae: 0.0583	val_loss: 0.0572 val_mae: 0.0571	test_loss: 0.0666 test_mae: 0.0666
train: {'epoch': 48, 'time_epoch': 9.40089, 'eta': 4355.76282, 'eta_hours': 1.20993, 'loss': 0.05210369, 'lr': 0.00096, 'params': 479627, 'time_iter': 0.01113, 'mae': 0.0521, 'r2': 0.76737, 'spearmanr': 0.86786, 'mse': 0.00749, 'rmse': 0.08652}
val: {'epoch': 48, 'time_epoch': 0.49556, 'loss': 0.06560697, 'lr': 0, 'params': 479627, 'time_iter': 0.00501, 'mae': 0.06561, 'r2': 0.65244, 'spearmanr': 0.83654, 'mse': 0.01247, 'rmse': 0.11169}
test: {'epoch': 48, 'time_epoch': 0.32929, 'loss': 0.08559131, 'lr': 0, 'params': 479627, 'time_iter': 0.00499, 'mae': 0.08559, 'r2': 0.53198, 'spearmanr': 0.78054, 'mse': 0.01904, 'rmse': 0.13798}
> Epoch 48: took 10.2s (avg 10.5s) | Best so far: epoch 31	train_loss: 0.0583 train_mae: 0.0583	val_loss: 0.0572 val_mae: 0.0571	test_loss: 0.0666 test_mae: 0.0666
train: {'epoch': 49, 'time_epoch': 9.415, 'eta': 4343.91768, 'eta_hours': 1.20664, 'loss': 0.05168653, 'lr': 0.00098, 'params': 479627, 'time_iter': 0.01114, 'mae': 0.05169, 'r2': 0.76821, 'spearmanr': 0.86908, 'mse': 0.00746, 'rmse': 0.08636}
val: {'epoch': 49, 'time_epoch': 0.49387, 'loss': 0.06738324, 'lr': 0, 'params': 479627, 'time_iter': 0.00499, 'mae': 0.06738, 'r2': 0.63419, 'spearmanr': 0.83117, 'mse': 0.01313, 'rmse': 0.11458}
test: {'epoch': 49, 'time_epoch': 0.32892, 'loss': 0.08647716, 'lr': 0, 'params': 479627, 'time_iter': 0.00498, 'mae': 0.08648, 'r2': 0.5281, 'spearmanr': 0.78336, 'mse': 0.0192, 'rmse': 0.13855}
> Epoch 49: took 10.3s (avg 10.5s) | Best so far: epoch 31	train_loss: 0.0583 train_mae: 0.0583	val_loss: 0.0572 val_mae: 0.0571	test_loss: 0.0666 test_mae: 0.0666
train: {'epoch': 50, 'time_epoch': 9.44602, 'eta': 4332.44096, 'eta_hours': 1.20346, 'loss': 0.0516768, 'lr': 0.001, 'params': 479627, 'time_iter': 0.01118, 'mae': 0.05168, 'r2': 0.76804, 'spearmanr': 0.86951, 'mse': 0.00746, 'rmse': 0.08639}
val: {'epoch': 50, 'time_epoch': 0.49167, 'loss': 0.05795407, 'lr': 0, 'params': 479627, 'time_iter': 0.00497, 'mae': 0.05795, 'r2': 0.70605, 'spearmanr': 0.83891, 'mse': 0.01055, 'rmse': 0.10271}
test: {'epoch': 50, 'time_epoch': 0.32572, 'loss': 0.06531989, 'lr': 0, 'params': 479627, 'time_iter': 0.00494, 'mae': 0.06532, 'r2': 0.64547, 'spearmanr': 0.80104, 'mse': 0.01442, 'rmse': 0.12009}
> Epoch 50: took 10.3s (avg 10.5s) | Best so far: epoch 31	train_loss: 0.0583 train_mae: 0.0583	val_loss: 0.0572 val_mae: 0.0571	test_loss: 0.0666 test_mae: 0.0666
train: {'epoch': 51, 'time_epoch': 9.68299, 'eta': 4323.08396, 'eta_hours': 1.20086, 'loss': 0.05085785, 'lr': 0.00099999, 'params': 479627, 'time_iter': 0.01146, 'mae': 0.05086, 'r2': 0.77374, 'spearmanr': 0.8735, 'mse': 0.00728, 'rmse': 0.08533}
val: {'epoch': 51, 'time_epoch': 0.49665, 'loss': 0.06749969, 'lr': 0, 'params': 479627, 'time_iter': 0.00502, 'mae': 0.0675, 'r2': 0.62129, 'spearmanr': 0.82015, 'mse': 0.01359, 'rmse': 0.11659}
test: {'epoch': 51, 'time_epoch': 0.32738, 'loss': 0.08015727, 'lr': 0, 'params': 479627, 'time_iter': 0.00496, 'mae': 0.08016, 'r2': 0.55466, 'spearmanr': 0.78487, 'mse': 0.01812, 'rmse': 0.13459}
> Epoch 51: took 10.5s (avg 10.5s) | Best so far: epoch 31	train_loss: 0.0583 train_mae: 0.0583	val_loss: 0.0572 val_mae: 0.0571	test_loss: 0.0666 test_mae: 0.0666
train: {'epoch': 52, 'time_epoch': 10.26836, 'eta': 4318.65162, 'eta_hours': 1.19963, 'loss': 0.0502792, 'lr': 0.00099995, 'params': 479627, 'time_iter': 0.01215, 'mae': 0.05028, 'r2': 0.77839, 'spearmanr': 0.87663, 'mse': 0.00713, 'rmse': 0.08444}
val: {'epoch': 52, 'time_epoch': 0.49374, 'loss': 0.05879096, 'lr': 0, 'params': 479627, 'time_iter': 0.00499, 'mae': 0.05879, 'r2': 0.69995, 'spearmanr': 0.84625, 'mse': 0.01077, 'rmse': 0.10377}
test: {'epoch': 52, 'time_epoch': 0.32518, 'loss': 0.07790403, 'lr': 0, 'params': 479627, 'time_iter': 0.00493, 'mae': 0.0779, 'r2': 0.59385, 'spearmanr': 0.80117, 'mse': 0.01652, 'rmse': 0.12853}
> Epoch 52: took 11.1s (avg 10.5s) | Best so far: epoch 31	train_loss: 0.0583 train_mae: 0.0583	val_loss: 0.0572 val_mae: 0.0571	test_loss: 0.0666 test_mae: 0.0666
train: {'epoch': 53, 'time_epoch': 10.01924, 'eta': 4311.94562, 'eta_hours': 1.19776, 'loss': 0.05004764, 'lr': 0.00099989, 'params': 479627, 'time_iter': 0.01186, 'mae': 0.05005, 'r2': 0.77891, 'spearmanr': 0.87612, 'mse': 0.00711, 'rmse': 0.08434}
val: {'epoch': 53, 'time_epoch': 0.49244, 'loss': 0.0682309, 'lr': 0, 'params': 479627, 'time_iter': 0.00497, 'mae': 0.06823, 'r2': 0.62536, 'spearmanr': 0.82893, 'mse': 0.01345, 'rmse': 0.11596}
test: {'epoch': 53, 'time_epoch': 0.33101, 'loss': 0.08565575, 'lr': 0, 'params': 479627, 'time_iter': 0.00502, 'mae': 0.08566, 'r2': 0.54293, 'spearmanr': 0.79786, 'mse': 0.01859, 'rmse': 0.13635}
> Epoch 53: took 10.9s (avg 10.5s) | Best so far: epoch 31	train_loss: 0.0583 train_mae: 0.0583	val_loss: 0.0572 val_mae: 0.0571	test_loss: 0.0666 test_mae: 0.0666
train: {'epoch': 54, 'time_epoch': 10.08214, 'eta': 4305.62803, 'eta_hours': 1.19601, 'loss': 0.04977672, 'lr': 0.00099981, 'params': 479627, 'time_iter': 0.01193, 'mae': 0.04978, 'r2': 0.77968, 'spearmanr': 0.87677, 'mse': 0.00709, 'rmse': 0.0842}
val: {'epoch': 54, 'time_epoch': 0.49611, 'loss': 0.06260569, 'lr': 0, 'params': 479627, 'time_iter': 0.00501, 'mae': 0.06261, 'r2': 0.66844, 'spearmanr': 0.82312, 'mse': 0.0119, 'rmse': 0.10909}
test: {'epoch': 54, 'time_epoch': 0.33051, 'loss': 0.07403608, 'lr': 0, 'params': 479627, 'time_iter': 0.00501, 'mae': 0.07404, 'r2': 0.60723, 'spearmanr': 0.79612, 'mse': 0.01598, 'rmse': 0.1264}
> Epoch 54: took 10.9s (avg 10.5s) | Best so far: epoch 31	train_loss: 0.0583 train_mae: 0.0583	val_loss: 0.0572 val_mae: 0.0571	test_loss: 0.0666 test_mae: 0.0666
train: {'epoch': 55, 'time_epoch': 9.56645, 'eta': 4295.08729, 'eta_hours': 1.19308, 'loss': 0.04853956, 'lr': 0.0009997, 'params': 479627, 'time_iter': 0.01132, 'mae': 0.04854, 'r2': 0.78472, 'spearmanr': 0.88035, 'mse': 0.00693, 'rmse': 0.08323}
val: {'epoch': 55, 'time_epoch': 0.49848, 'loss': 0.06239584, 'lr': 0, 'params': 479627, 'time_iter': 0.00504, 'mae': 0.0624, 'r2': 0.6731, 'spearmanr': 0.83165, 'mse': 0.01173, 'rmse': 0.10832}
test: {'epoch': 55, 'time_epoch': 0.3299, 'loss': 0.07296025, 'lr': 0, 'params': 479627, 'time_iter': 0.005, 'mae': 0.07296, 'r2': 0.61097, 'spearmanr': 0.80895, 'mse': 0.01582, 'rmse': 0.1258}
> Epoch 55: took 10.4s (avg 10.5s) | Best so far: epoch 31	train_loss: 0.0583 train_mae: 0.0583	val_loss: 0.0572 val_mae: 0.0571	test_loss: 0.0666 test_mae: 0.0666
train: {'epoch': 56, 'time_epoch': 9.51662, 'eta': 4284.19346, 'eta_hours': 1.19005, 'loss': 0.04918713, 'lr': 0.00099956, 'params': 479627, 'time_iter': 0.01126, 'mae': 0.04919, 'r2': 0.78434, 'spearmanr': 0.88058, 'mse': 0.00694, 'rmse': 0.0833}
val: {'epoch': 56, 'time_epoch': 0.48918, 'loss': 0.06455532, 'lr': 0, 'params': 479627, 'time_iter': 0.00494, 'mae': 0.06456, 'r2': 0.66396, 'spearmanr': 0.84028, 'mse': 0.01206, 'rmse': 0.10982}
test: {'epoch': 56, 'time_epoch': 0.32608, 'loss': 0.09036179, 'lr': 0, 'params': 479627, 'time_iter': 0.00494, 'mae': 0.09036, 'r2': 0.54093, 'spearmanr': 0.81409, 'mse': 0.01867, 'rmse': 0.13665}
> Epoch 56: took 10.4s (avg 10.5s) | Best so far: epoch 31	train_loss: 0.0583 train_mae: 0.0583	val_loss: 0.0572 val_mae: 0.0571	test_loss: 0.0666 test_mae: 0.0666
train: {'epoch': 57, 'time_epoch': 9.52161, 'eta': 4273.38516, 'eta_hours': 1.18705, 'loss': 0.04839423, 'lr': 0.0009994, 'params': 479627, 'time_iter': 0.01127, 'mae': 0.04839, 'r2': 0.7865, 'spearmanr': 0.8835, 'mse': 0.00687, 'rmse': 0.08288}
val: {'epoch': 57, 'time_epoch': 0.49873, 'loss': 0.06557037, 'lr': 0, 'params': 479627, 'time_iter': 0.00504, 'mae': 0.06557, 'r2': 0.67684, 'spearmanr': 0.84471, 'mse': 0.0116, 'rmse': 0.1077}
test: {'epoch': 57, 'time_epoch': 0.3292, 'loss': 0.08925634, 'lr': 0, 'params': 479627, 'time_iter': 0.00499, 'mae': 0.08926, 'r2': 0.53543, 'spearmanr': 0.81589, 'mse': 0.0189, 'rmse': 0.13747}
> Epoch 57: took 10.4s (avg 10.5s) | Best so far: epoch 31	train_loss: 0.0583 train_mae: 0.0583	val_loss: 0.0572 val_mae: 0.0571	test_loss: 0.0666 test_mae: 0.0666
train: {'epoch': 58, 'time_epoch': 9.67007, 'eta': 4263.73016, 'eta_hours': 1.18437, 'loss': 0.04811879, 'lr': 0.00099922, 'params': 479627, 'time_iter': 0.01144, 'mae': 0.04812, 'r2': 0.78817, 'spearmanr': 0.88304, 'mse': 0.00682, 'rmse': 0.08256}
val: {'epoch': 58, 'time_epoch': 0.51022, 'loss': 0.06259101, 'lr': 0, 'params': 479627, 'time_iter': 0.00515, 'mae': 0.06259, 'r2': 0.65693, 'spearmanr': 0.83479, 'mse': 0.01231, 'rmse': 0.11096}
test: {'epoch': 58, 'time_epoch': 0.33844, 'loss': 0.07723422, 'lr': 0, 'params': 479627, 'time_iter': 0.00513, 'mae': 0.07723, 'r2': 0.58237, 'spearmanr': 0.80404, 'mse': 0.01699, 'rmse': 0.13034}
> Epoch 58: took 10.5s (avg 10.5s) | Best so far: epoch 31	train_loss: 0.0583 train_mae: 0.0583	val_loss: 0.0572 val_mae: 0.0571	test_loss: 0.0666 test_mae: 0.0666
train: {'epoch': 59, 'time_epoch': 9.62498, 'eta': 4253.74397, 'eta_hours': 1.1816, 'loss': 0.04755344, 'lr': 0.00099901, 'params': 479627, 'time_iter': 0.01139, 'mae': 0.04755, 'r2': 0.79169, 'spearmanr': 0.8856, 'mse': 0.0067, 'rmse': 0.08187}
val: {'epoch': 59, 'time_epoch': 0.49936, 'loss': 0.06031823, 'lr': 0, 'params': 479627, 'time_iter': 0.00504, 'mae': 0.06032, 'r2': 0.6793, 'spearmanr': 0.83853, 'mse': 0.01151, 'rmse': 0.10729}
test: {'epoch': 59, 'time_epoch': 0.33207, 'loss': 0.07713406, 'lr': 0, 'params': 479627, 'time_iter': 0.00503, 'mae': 0.07713, 'r2': 0.59075, 'spearmanr': 0.79055, 'mse': 0.01665, 'rmse': 0.12902}
> Epoch 59: took 10.5s (avg 10.5s) | Best so far: epoch 31	train_loss: 0.0583 train_mae: 0.0583	val_loss: 0.0572 val_mae: 0.0571	test_loss: 0.0666 test_mae: 0.0666
train: {'epoch': 60, 'time_epoch': 9.61928, 'eta': 4243.72862, 'eta_hours': 1.17881, 'loss': 0.04687531, 'lr': 0.00099878, 'params': 479627, 'time_iter': 0.01138, 'mae': 0.04688, 'r2': 0.79601, 'spearmanr': 0.88866, 'mse': 0.00656, 'rmse': 0.08102}
val: {'epoch': 60, 'time_epoch': 0.49516, 'loss': 0.07211045, 'lr': 0, 'params': 479627, 'time_iter': 0.005, 'mae': 0.07211, 'r2': 0.61216, 'spearmanr': 0.82141, 'mse': 0.01392, 'rmse': 0.11798}
test: {'epoch': 60, 'time_epoch': 0.326, 'loss': 0.08680397, 'lr': 0, 'params': 479627, 'time_iter': 0.00494, 'mae': 0.0868, 'r2': 0.52288, 'spearmanr': 0.78305, 'mse': 0.01941, 'rmse': 0.13931}
> Epoch 60: took 10.5s (avg 10.5s) | Best so far: epoch 31	train_loss: 0.0583 train_mae: 0.0583	val_loss: 0.0572 val_mae: 0.0571	test_loss: 0.0666 test_mae: 0.0666
train: {'epoch': 61, 'time_epoch': 9.60443, 'eta': 4233.62114, 'eta_hours': 1.17601, 'loss': 0.04642508, 'lr': 0.00099853, 'params': 479627, 'time_iter': 0.01137, 'mae': 0.04643, 'r2': 0.79952, 'spearmanr': 0.88936, 'mse': 0.00645, 'rmse': 0.08032}
val: {'epoch': 61, 'time_epoch': 0.49143, 'loss': 0.05717577, 'lr': 0, 'params': 479627, 'time_iter': 0.00496, 'mae': 0.05718, 'r2': 0.70917, 'spearmanr': 0.84094, 'mse': 0.01044, 'rmse': 0.10217}
test: {'epoch': 61, 'time_epoch': 0.32722, 'loss': 0.07263121, 'lr': 0, 'params': 479627, 'time_iter': 0.00496, 'mae': 0.07263, 'r2': 0.61045, 'spearmanr': 0.79626, 'mse': 0.01585, 'rmse': 0.12588}
> Epoch 61: took 10.4s (avg 10.5s) | Best so far: epoch 31	train_loss: 0.0583 train_mae: 0.0583	val_loss: 0.0572 val_mae: 0.0571	test_loss: 0.0666 test_mae: 0.0666
train: {'epoch': 62, 'time_epoch': 9.96506, 'eta': 4226.03118, 'eta_hours': 1.1739, 'loss': 0.04617071, 'lr': 0.00099825, 'params': 479627, 'time_iter': 0.01179, 'mae': 0.04617, 'r2': 0.79936, 'spearmanr': 0.89031, 'mse': 0.00646, 'rmse': 0.08035}
val: {'epoch': 62, 'time_epoch': 0.50335, 'loss': 0.06544173, 'lr': 0, 'params': 479627, 'time_iter': 0.00508, 'mae': 0.06544, 'r2': 0.66331, 'spearmanr': 0.84307, 'mse': 0.01208, 'rmse': 0.10993}
test: {'epoch': 62, 'time_epoch': 0.33386, 'loss': 0.09942977, 'lr': 0, 'params': 479627, 'time_iter': 0.00506, 'mae': 0.09943, 'r2': 0.47464, 'spearmanr': 0.78696, 'mse': 0.02137, 'rmse': 0.14618}
> Epoch 62: took 10.8s (avg 10.5s) | Best so far: epoch 31	train_loss: 0.0583 train_mae: 0.0583	val_loss: 0.0572 val_mae: 0.0571	test_loss: 0.0666 test_mae: 0.0666
train: {'epoch': 63, 'time_epoch': 9.86035, 'eta': 4217.6536, 'eta_hours': 1.17157, 'loss': 0.04610681, 'lr': 0.00099794, 'params': 479627, 'time_iter': 0.01167, 'mae': 0.04611, 'r2': 0.8, 'spearmanr': 0.89054, 'mse': 0.00644, 'rmse': 0.08022}
val: {'epoch': 63, 'time_epoch': 0.50529, 'loss': 0.06306969, 'lr': 0, 'params': 479627, 'time_iter': 0.0051, 'mae': 0.06307, 'r2': 0.66433, 'spearmanr': 0.8278, 'mse': 0.01205, 'rmse': 0.10976}
test: {'epoch': 63, 'time_epoch': 0.33723, 'loss': 0.07723413, 'lr': 0, 'params': 479627, 'time_iter': 0.00511, 'mae': 0.07723, 'r2': 0.59371, 'spearmanr': 0.79473, 'mse': 0.01653, 'rmse': 0.12856}
> Epoch 63: took 10.7s (avg 10.5s) | Best so far: epoch 31	train_loss: 0.0583 train_mae: 0.0583	val_loss: 0.0572 val_mae: 0.0571	test_loss: 0.0666 test_mae: 0.0666
train: {'epoch': 64, 'time_epoch': 10.09447, 'eta': 4210.79725, 'eta_hours': 1.16967, 'loss': 0.04545862, 'lr': 0.00099761, 'params': 479627, 'time_iter': 0.01195, 'mae': 0.04546, 'r2': 0.80284, 'spearmanr': 0.89181, 'mse': 0.00634, 'rmse': 0.07965}
val: {'epoch': 64, 'time_epoch': 0.49384, 'loss': 0.06339145, 'lr': 0, 'params': 479627, 'time_iter': 0.00499, 'mae': 0.06339, 'r2': 0.65313, 'spearmanr': 0.83642, 'mse': 0.01245, 'rmse': 0.11158}
test: {'epoch': 64, 'time_epoch': 0.32612, 'loss': 0.08577848, 'lr': 0, 'params': 479627, 'time_iter': 0.00494, 'mae': 0.08578, 'r2': 0.54528, 'spearmanr': 0.79895, 'mse': 0.0185, 'rmse': 0.136}
> Epoch 64: took 10.9s (avg 10.5s) | Best so far: epoch 31	train_loss: 0.0583 train_mae: 0.0583	val_loss: 0.0572 val_mae: 0.0571	test_loss: 0.0666 test_mae: 0.0666
train: {'epoch': 65, 'time_epoch': 10.15935, 'eta': 4204.26937, 'eta_hours': 1.16785, 'loss': 0.04525581, 'lr': 0.00099726, 'params': 479627, 'time_iter': 0.01202, 'mae': 0.04526, 'r2': 0.8041, 'spearmanr': 0.89373, 'mse': 0.0063, 'rmse': 0.0794}
val: {'epoch': 65, 'time_epoch': 0.49633, 'loss': 0.06047045, 'lr': 0, 'params': 479627, 'time_iter': 0.00501, 'mae': 0.06047, 'r2': 0.68169, 'spearmanr': 0.8401, 'mse': 0.01142, 'rmse': 0.10688}
test: {'epoch': 65, 'time_epoch': 0.3288, 'loss': 0.08733475, 'lr': 0, 'params': 479627, 'time_iter': 0.00498, 'mae': 0.08733, 'r2': 0.54964, 'spearmanr': 0.79508, 'mse': 0.01832, 'rmse': 0.13535}
> Epoch 65: took 11.0s (avg 10.5s) | Best so far: epoch 31	train_loss: 0.0583 train_mae: 0.0583	val_loss: 0.0572 val_mae: 0.0571	test_loss: 0.0666 test_mae: 0.0666
train: {'epoch': 66, 'time_epoch': 9.53299, 'eta': 4193.58516, 'eta_hours': 1.16488, 'loss': 0.04487559, 'lr': 0.00099688, 'params': 479627, 'time_iter': 0.01128, 'mae': 0.04488, 'r2': 0.80669, 'spearmanr': 0.8942, 'mse': 0.00622, 'rmse': 0.07887}
val: {'epoch': 66, 'time_epoch': 0.4963, 'loss': 0.06008347, 'lr': 0, 'params': 479627, 'time_iter': 0.00501, 'mae': 0.06008, 'r2': 0.66311, 'spearmanr': 0.82924, 'mse': 0.01209, 'rmse': 0.10996}
test: {'epoch': 66, 'time_epoch': 0.32919, 'loss': 0.08094255, 'lr': 0, 'params': 479627, 'time_iter': 0.00499, 'mae': 0.08094, 'r2': 0.55265, 'spearmanr': 0.7726, 'mse': 0.0182, 'rmse': 0.1349}
> Epoch 66: took 10.4s (avg 10.5s) | Best so far: epoch 31	train_loss: 0.0583 train_mae: 0.0583	val_loss: 0.0572 val_mae: 0.0571	test_loss: 0.0666 test_mae: 0.0666
train: {'epoch': 67, 'time_epoch': 10.46156, 'eta': 4188.83392, 'eta_hours': 1.16356, 'loss': 0.04451552, 'lr': 0.00099648, 'params': 479627, 'time_iter': 0.01238, 'mae': 0.04452, 'r2': 0.80892, 'spearmanr': 0.89655, 'mse': 0.00615, 'rmse': 0.07841}
val: {'epoch': 67, 'time_epoch': 0.49454, 'loss': 0.06483053, 'lr': 0, 'params': 479627, 'time_iter': 0.005, 'mae': 0.06483, 'r2': 0.64883, 'spearmanr': 0.83005, 'mse': 0.0126, 'rmse': 0.11227}
test: {'epoch': 67, 'time_epoch': 0.32889, 'loss': 0.08522848, 'lr': 0, 'params': 479627, 'time_iter': 0.00498, 'mae': 0.08523, 'r2': 0.54817, 'spearmanr': 0.785, 'mse': 0.01838, 'rmse': 0.13557}
> Epoch 67: took 11.3s (avg 10.6s) | Best so far: epoch 31	train_loss: 0.0583 train_mae: 0.0583	val_loss: 0.0572 val_mae: 0.0571	test_loss: 0.0666 test_mae: 0.0666
train: {'epoch': 68, 'time_epoch': 9.64474, 'eta': 4178.81503, 'eta_hours': 1.16078, 'loss': 0.04423722, 'lr': 0.00099606, 'params': 479627, 'time_iter': 0.01141, 'mae': 0.04424, 'r2': 0.81034, 'spearmanr': 0.89866, 'mse': 0.0061, 'rmse': 0.07812}
val: {'epoch': 68, 'time_epoch': 0.49389, 'loss': 0.06559829, 'lr': 0, 'params': 479627, 'time_iter': 0.00499, 'mae': 0.0656, 'r2': 0.64492, 'spearmanr': 0.8183, 'mse': 0.01274, 'rmse': 0.11289}
test: {'epoch': 68, 'time_epoch': 0.32502, 'loss': 0.08188637, 'lr': 0, 'params': 479627, 'time_iter': 0.00492, 'mae': 0.08189, 'r2': 0.55247, 'spearmanr': 0.77633, 'mse': 0.0182, 'rmse': 0.13492}
> Epoch 68: took 10.5s (avg 10.6s) | Best so far: epoch 31	train_loss: 0.0583 train_mae: 0.0583	val_loss: 0.0572 val_mae: 0.0571	test_loss: 0.0666 test_mae: 0.0666
train: {'epoch': 69, 'time_epoch': 10.03586, 'eta': 4171.20938, 'eta_hours': 1.15867, 'loss': 0.04382436, 'lr': 0.00099561, 'params': 479627, 'time_iter': 0.01188, 'mae': 0.04382, 'r2': 0.81273, 'spearmanr': 0.89786, 'mse': 0.00603, 'rmse': 0.07763}
val: {'epoch': 69, 'time_epoch': 0.49863, 'loss': 0.0652827, 'lr': 0, 'params': 479627, 'time_iter': 0.00504, 'mae': 0.06528, 'r2': 0.65174, 'spearmanr': 0.83326, 'mse': 0.0125, 'rmse': 0.1118}
test: {'epoch': 69, 'time_epoch': 0.32958, 'loss': 0.08842107, 'lr': 0, 'params': 479627, 'time_iter': 0.00499, 'mae': 0.08842, 'r2': 0.52911, 'spearmanr': 0.77199, 'mse': 0.01915, 'rmse': 0.1384}
> Epoch 69: took 10.9s (avg 10.6s) | Best so far: epoch 31	train_loss: 0.0583 train_mae: 0.0583	val_loss: 0.0572 val_mae: 0.0571	test_loss: 0.0666 test_mae: 0.0666
train: {'epoch': 70, 'time_epoch': 10.25548, 'eta': 4164.86232, 'eta_hours': 1.15691, 'loss': 0.04392211, 'lr': 0.00099513, 'params': 479627, 'time_iter': 0.01214, 'mae': 0.04392, 'r2': 0.81259, 'spearmanr': 0.89837, 'mse': 0.00603, 'rmse': 0.07765}
val: {'epoch': 70, 'time_epoch': 0.49091, 'loss': 0.06460891, 'lr': 0, 'params': 479627, 'time_iter': 0.00496, 'mae': 0.06461, 'r2': 0.65168, 'spearmanr': 0.82044, 'mse': 0.0125, 'rmse': 0.11181}
test: {'epoch': 70, 'time_epoch': 0.32589, 'loss': 0.07846806, 'lr': 0, 'params': 479627, 'time_iter': 0.00494, 'mae': 0.07847, 'r2': 0.58346, 'spearmanr': 0.79066, 'mse': 0.01694, 'rmse': 0.13017}
> Epoch 70: took 11.1s (avg 10.6s) | Best so far: epoch 31	train_loss: 0.0583 train_mae: 0.0583	val_loss: 0.0572 val_mae: 0.0571	test_loss: 0.0666 test_mae: 0.0666
train: {'epoch': 71, 'time_epoch': 10.03669, 'eta': 4157.10607, 'eta_hours': 1.15475, 'loss': 0.04281892, 'lr': 0.00099464, 'params': 479627, 'time_iter': 0.01188, 'mae': 0.04282, 'r2': 0.81825, 'spearmanr': 0.90247, 'mse': 0.00585, 'rmse': 0.07647}
val: {'epoch': 71, 'time_epoch': 0.50745, 'loss': 0.06039195, 'lr': 0, 'params': 479627, 'time_iter': 0.00513, 'mae': 0.06039, 'r2': 0.69021, 'spearmanr': 0.84344, 'mse': 0.01112, 'rmse': 0.10544}
test: {'epoch': 71, 'time_epoch': 0.33743, 'loss': 0.08450434, 'lr': 0, 'params': 479627, 'time_iter': 0.00511, 'mae': 0.0845, 'r2': 0.56471, 'spearmanr': 0.78672, 'mse': 0.01771, 'rmse': 0.13307}
> Epoch 71: took 10.9s (avg 10.6s) | Best so far: epoch 31	train_loss: 0.0583 train_mae: 0.0583	val_loss: 0.0572 val_mae: 0.0571	test_loss: 0.0666 test_mae: 0.0666
train: {'epoch': 72, 'time_epoch': 9.69503, 'eta': 4147.28885, 'eta_hours': 1.15202, 'loss': 0.04298965, 'lr': 0.00099411, 'params': 479627, 'time_iter': 0.01147, 'mae': 0.04299, 'r2': 0.81668, 'spearmanr': 0.90099, 'mse': 0.0059, 'rmse': 0.0768}
val: {'epoch': 72, 'time_epoch': 0.49743, 'loss': 0.06166551, 'lr': 0, 'params': 479627, 'time_iter': 0.00502, 'mae': 0.06167, 'r2': 0.67233, 'spearmanr': 0.84267, 'mse': 0.01176, 'rmse': 0.10844}
test: {'epoch': 72, 'time_epoch': 0.3309, 'loss': 0.09105791, 'lr': 0, 'params': 479627, 'time_iter': 0.00501, 'mae': 0.09106, 'r2': 0.49465, 'spearmanr': 0.77209, 'mse': 0.02056, 'rmse': 0.14337}
> Epoch 72: took 10.5s (avg 10.6s) | Best so far: epoch 31	train_loss: 0.0583 train_mae: 0.0583	val_loss: 0.0572 val_mae: 0.0571	test_loss: 0.0666 test_mae: 0.0666
train: {'epoch': 73, 'time_epoch': 10.2331, 'eta': 4140.57253, 'eta_hours': 1.15016, 'loss': 0.04273718, 'lr': 0.00099357, 'params': 479627, 'time_iter': 0.01211, 'mae': 0.04274, 'r2': 0.81967, 'spearmanr': 0.903, 'mse': 0.0058, 'rmse': 0.07617}
val: {'epoch': 73, 'time_epoch': 0.49207, 'loss': 0.06302901, 'lr': 0, 'params': 479627, 'time_iter': 0.00497, 'mae': 0.06303, 'r2': 0.66497, 'spearmanr': 0.82896, 'mse': 0.01202, 'rmse': 0.10966}
test: {'epoch': 73, 'time_epoch': 0.32917, 'loss': 0.0807548, 'lr': 0, 'params': 479627, 'time_iter': 0.00499, 'mae': 0.08075, 'r2': 0.58734, 'spearmanr': 0.78139, 'mse': 0.01679, 'rmse': 0.12956}
> Epoch 73: took 11.1s (avg 10.6s) | Best so far: epoch 31	train_loss: 0.0583 train_mae: 0.0583	val_loss: 0.0572 val_mae: 0.0571	test_loss: 0.0666 test_mae: 0.0666
train: {'epoch': 74, 'time_epoch': 9.41038, 'eta': 4129.1003, 'eta_hours': 1.14697, 'loss': 0.04239801, 'lr': 0.000993, 'params': 479627, 'time_iter': 0.01114, 'mae': 0.0424, 'r2': 0.82055, 'spearmanr': 0.90357, 'mse': 0.00577, 'rmse': 0.07599}
val: {'epoch': 74, 'time_epoch': 0.49438, 'loss': 0.06303556, 'lr': 0, 'params': 479627, 'time_iter': 0.00499, 'mae': 0.06304, 'r2': 0.65255, 'spearmanr': 0.82895, 'mse': 0.01247, 'rmse': 0.11167}
test: {'epoch': 74, 'time_epoch': 0.3283, 'loss': 0.08578951, 'lr': 0, 'params': 479627, 'time_iter': 0.00497, 'mae': 0.08579, 'r2': 0.5245, 'spearmanr': 0.77986, 'mse': 0.01934, 'rmse': 0.13908}
> Epoch 74: took 10.3s (avg 10.6s) | Best so far: epoch 31	train_loss: 0.0583 train_mae: 0.0583	val_loss: 0.0572 val_mae: 0.0571	test_loss: 0.0666 test_mae: 0.0666
train: {'epoch': 75, 'time_epoch': 9.42647, 'eta': 4117.77211, 'eta_hours': 1.14383, 'loss': 0.04237962, 'lr': 0.0009924, 'params': 479627, 'time_iter': 0.01116, 'mae': 0.04238, 'r2': 0.82047, 'spearmanr': 0.9048, 'mse': 0.00578, 'rmse': 0.076}
val: {'epoch': 75, 'time_epoch': 0.49555, 'loss': 0.06293345, 'lr': 0, 'params': 479627, 'time_iter': 0.00501, 'mae': 0.06293, 'r2': 0.66403, 'spearmanr': 0.82967, 'mse': 0.01206, 'rmse': 0.10981}
test: {'epoch': 75, 'time_epoch': 0.3298, 'loss': 0.084155, 'lr': 0, 'params': 479627, 'time_iter': 0.005, 'mae': 0.08416, 'r2': 0.5495, 'spearmanr': 0.77153, 'mse': 0.01833, 'rmse': 0.13537}
> Epoch 75: took 10.3s (avg 10.6s) | Best so far: epoch 31	train_loss: 0.0583 train_mae: 0.0583	val_loss: 0.0572 val_mae: 0.0571	test_loss: 0.0666 test_mae: 0.0666
train: {'epoch': 76, 'time_epoch': 10.08195, 'eta': 4110.09422, 'eta_hours': 1.14169, 'loss': 0.04178999, 'lr': 0.00099179, 'params': 479627, 'time_iter': 0.01193, 'mae': 0.04179, 'r2': 0.82371, 'spearmanr': 0.90599, 'mse': 0.00567, 'rmse': 0.07532}
val: {'epoch': 76, 'time_epoch': 0.51002, 'loss': 0.06355655, 'lr': 0, 'params': 479627, 'time_iter': 0.00515, 'mae': 0.06356, 'r2': 0.65703, 'spearmanr': 0.83064, 'mse': 0.01231, 'rmse': 0.11095}
test: {'epoch': 76, 'time_epoch': 0.33255, 'loss': 0.08510121, 'lr': 0, 'params': 479627, 'time_iter': 0.00504, 'mae': 0.0851, 'r2': 0.54399, 'spearmanr': 0.78016, 'mse': 0.01855, 'rmse': 0.13619}
> Epoch 76: took 10.9s (avg 10.6s) | Best so far: epoch 31	train_loss: 0.0583 train_mae: 0.0583	val_loss: 0.0572 val_mae: 0.0571	test_loss: 0.0666 test_mae: 0.0666
train: {'epoch': 77, 'time_epoch': 9.85751, 'eta': 4101.14039, 'eta_hours': 1.13921, 'loss': 0.04127414, 'lr': 0.00099114, 'params': 479627, 'time_iter': 0.01167, 'mae': 0.04127, 'r2': 0.8252, 'spearmanr': 0.90702, 'mse': 0.00562, 'rmse': 0.075}
val: {'epoch': 77, 'time_epoch': 0.49293, 'loss': 0.06197835, 'lr': 0, 'params': 479627, 'time_iter': 0.00498, 'mae': 0.06198, 'r2': 0.67548, 'spearmanr': 0.84851, 'mse': 0.01165, 'rmse': 0.10792}
test: {'epoch': 77, 'time_epoch': 0.32707, 'loss': 0.09697551, 'lr': 0, 'params': 479627, 'time_iter': 0.00496, 'mae': 0.09698, 'r2': 0.45896, 'spearmanr': 0.77516, 'mse': 0.02201, 'rmse': 0.14835}
> Epoch 77: took 10.7s (avg 10.6s) | Best so far: epoch 31	train_loss: 0.0583 train_mae: 0.0583	val_loss: 0.0572 val_mae: 0.0571	test_loss: 0.0666 test_mae: 0.0666
train: {'epoch': 78, 'time_epoch': 9.46117, 'eta': 4090.05155, 'eta_hours': 1.13613, 'loss': 0.04189717, 'lr': 0.00099048, 'params': 479627, 'time_iter': 0.0112, 'mae': 0.0419, 'r2': 0.82089, 'spearmanr': 0.90414, 'mse': 0.00576, 'rmse': 0.07592}
val: {'epoch': 78, 'time_epoch': 0.49685, 'loss': 0.0679141, 'lr': 0, 'params': 479627, 'time_iter': 0.00502, 'mae': 0.06791, 'r2': 0.62776, 'spearmanr': 0.83216, 'mse': 0.01336, 'rmse': 0.11558}
test: {'epoch': 78, 'time_epoch': 0.32892, 'loss': 0.09557167, 'lr': 0, 'params': 479627, 'time_iter': 0.00498, 'mae': 0.09557, 'r2': 0.4762, 'spearmanr': 0.77083, 'mse': 0.02131, 'rmse': 0.14597}
> Epoch 78: took 10.3s (avg 10.6s) | Best so far: epoch 31	train_loss: 0.0583 train_mae: 0.0583	val_loss: 0.0572 val_mae: 0.0571	test_loss: 0.0666 test_mae: 0.0666
train: {'epoch': 79, 'time_epoch': 9.64995, 'eta': 4079.99451, 'eta_hours': 1.13333, 'loss': 0.04085011, 'lr': 0.00098979, 'params': 479627, 'time_iter': 0.01142, 'mae': 0.04085, 'r2': 0.82798, 'spearmanr': 0.90824, 'mse': 0.00554, 'rmse': 0.0744}
val: {'epoch': 79, 'time_epoch': 0.4972, 'loss': 0.06381804, 'lr': 0, 'params': 479627, 'time_iter': 0.00502, 'mae': 0.06382, 'r2': 0.65873, 'spearmanr': 0.83648, 'mse': 0.01225, 'rmse': 0.11067}
test: {'epoch': 79, 'time_epoch': 0.3302, 'loss': 0.09064967, 'lr': 0, 'params': 479627, 'time_iter': 0.005, 'mae': 0.09065, 'r2': 0.51195, 'spearmanr': 0.77055, 'mse': 0.01985, 'rmse': 0.1409}
> Epoch 79: took 10.5s (avg 10.6s) | Best so far: epoch 31	train_loss: 0.0583 train_mae: 0.0583	val_loss: 0.0572 val_mae: 0.0571	test_loss: 0.0666 test_mae: 0.0666
train: {'epoch': 80, 'time_epoch': 9.83516, 'eta': 4070.90556, 'eta_hours': 1.13081, 'loss': 0.04078735, 'lr': 0.00098907, 'params': 479627, 'time_iter': 0.01164, 'mae': 0.04079, 'r2': 0.82822, 'spearmanr': 0.90899, 'mse': 0.00553, 'rmse': 0.07435}
val: {'epoch': 80, 'time_epoch': 0.49607, 'loss': 0.06379892, 'lr': 0, 'params': 479627, 'time_iter': 0.00501, 'mae': 0.0638, 'r2': 0.65406, 'spearmanr': 0.81964, 'mse': 0.01242, 'rmse': 0.11143}
test: {'epoch': 80, 'time_epoch': 0.32969, 'loss': 0.08260737, 'lr': 0, 'params': 479627, 'time_iter': 0.005, 'mae': 0.08261, 'r2': 0.5459, 'spearmanr': 0.77254, 'mse': 0.01847, 'rmse': 0.13591}
> Epoch 80: took 10.7s (avg 10.6s) | Best so far: epoch 31	train_loss: 0.0583 train_mae: 0.0583	val_loss: 0.0572 val_mae: 0.0571	test_loss: 0.0666 test_mae: 0.0666
train: {'epoch': 81, 'time_epoch': 9.86173, 'eta': 4061.93387, 'eta_hours': 1.12831, 'loss': 0.0401737, 'lr': 0.00098834, 'params': 479627, 'time_iter': 0.01167, 'mae': 0.04017, 'r2': 0.83326, 'spearmanr': 0.91124, 'mse': 0.00537, 'rmse': 0.07325}
val: {'epoch': 81, 'time_epoch': 0.49518, 'loss': 0.06278222, 'lr': 0, 'params': 479627, 'time_iter': 0.005, 'mae': 0.06278, 'r2': 0.65732, 'spearmanr': 0.82608, 'mse': 0.0123, 'rmse': 0.1109}
test: {'epoch': 81, 'time_epoch': 0.32954, 'loss': 0.08004035, 'lr': 0, 'params': 479627, 'time_iter': 0.00499, 'mae': 0.08004, 'r2': 0.56886, 'spearmanr': 0.78124, 'mse': 0.01754, 'rmse': 0.13243}
> Epoch 81: took 10.7s (avg 10.6s) | Best so far: epoch 31	train_loss: 0.0583 train_mae: 0.0583	val_loss: 0.0572 val_mae: 0.0571	test_loss: 0.0666 test_mae: 0.0666
train: {'epoch': 82, 'time_epoch': 9.40257, 'eta': 4050.63387, 'eta_hours': 1.12518, 'loss': 0.04082353, 'lr': 0.00098757, 'params': 479627, 'time_iter': 0.01113, 'mae': 0.04082, 'r2': 0.8279, 'spearmanr': 0.90891, 'mse': 0.00554, 'rmse': 0.07442}
val: {'epoch': 82, 'time_epoch': 0.49555, 'loss': 0.06469998, 'lr': 0, 'params': 479627, 'time_iter': 0.00501, 'mae': 0.0647, 'r2': 0.64541, 'spearmanr': 0.82976, 'mse': 0.01273, 'rmse': 0.11281}
test: {'epoch': 82, 'time_epoch': 0.32918, 'loss': 0.08384251, 'lr': 0, 'params': 479627, 'time_iter': 0.00499, 'mae': 0.08384, 'r2': 0.54319, 'spearmanr': 0.7833, 'mse': 0.01858, 'rmse': 0.13631}
> Epoch 82: took 10.2s (avg 10.6s) | Best so far: epoch 31	train_loss: 0.0583 train_mae: 0.0583	val_loss: 0.0572 val_mae: 0.0571	test_loss: 0.0666 test_mae: 0.0666
train: {'epoch': 83, 'time_epoch': 9.41663, 'eta': 4039.44869, 'eta_hours': 1.12207, 'loss': 0.04032154, 'lr': 0.00098679, 'params': 479627, 'time_iter': 0.01114, 'mae': 0.04032, 'r2': 0.8311, 'spearmanr': 0.91062, 'mse': 0.00543, 'rmse': 0.07372}
val: {'epoch': 83, 'time_epoch': 0.49291, 'loss': 0.06074559, 'lr': 0, 'params': 479627, 'time_iter': 0.00498, 'mae': 0.06075, 'r2': 0.66322, 'spearmanr': 0.82621, 'mse': 0.01209, 'rmse': 0.10994}
test: {'epoch': 83, 'time_epoch': 0.33211, 'loss': 0.07823937, 'lr': 0, 'params': 479627, 'time_iter': 0.00503, 'mae': 0.07824, 'r2': 0.56726, 'spearmanr': 0.7764, 'mse': 0.0176, 'rmse': 0.13268}
> Epoch 83: took 10.3s (avg 10.6s) | Best so far: epoch 31	train_loss: 0.0583 train_mae: 0.0583	val_loss: 0.0572 val_mae: 0.0571	test_loss: 0.0666 test_mae: 0.0666
train: {'epoch': 84, 'time_epoch': 9.44994, 'eta': 4028.46771, 'eta_hours': 1.11902, 'loss': 0.0400112, 'lr': 0.00098598, 'params': 479627, 'time_iter': 0.01118, 'mae': 0.04001, 'r2': 0.83005, 'spearmanr': 0.91027, 'mse': 0.00547, 'rmse': 0.07395}
val: {'epoch': 84, 'time_epoch': 0.48964, 'loss': 0.06621984, 'lr': 0, 'params': 479627, 'time_iter': 0.00495, 'mae': 0.06622, 'r2': 0.64425, 'spearmanr': 0.8221, 'mse': 0.01277, 'rmse': 0.113}
test: {'epoch': 84, 'time_epoch': 0.33038, 'loss': 0.08656454, 'lr': 0, 'params': 479627, 'time_iter': 0.00501, 'mae': 0.08656, 'r2': 0.54183, 'spearmanr': 0.77547, 'mse': 0.01864, 'rmse': 0.13652}
> Epoch 84: took 10.3s (avg 10.6s) | Best so far: epoch 31	train_loss: 0.0583 train_mae: 0.0583	val_loss: 0.0572 val_mae: 0.0571	test_loss: 0.0666 test_mae: 0.0666
train: {'epoch': 85, 'time_epoch': 9.41012, 'eta': 4017.33067, 'eta_hours': 1.11593, 'loss': 0.03960918, 'lr': 0.00098515, 'params': 479627, 'time_iter': 0.01114, 'mae': 0.03961, 'r2': 0.83453, 'spearmanr': 0.9125, 'mse': 0.00532, 'rmse': 0.07297}
val: {'epoch': 85, 'time_epoch': 0.49593, 'loss': 0.06386565, 'lr': 0, 'params': 479627, 'time_iter': 0.00501, 'mae': 0.06387, 'r2': 0.63243, 'spearmanr': 0.81578, 'mse': 0.01319, 'rmse': 0.11486}
test: {'epoch': 85, 'time_epoch': 0.32921, 'loss': 0.08120597, 'lr': 0, 'params': 479627, 'time_iter': 0.00499, 'mae': 0.08121, 'r2': 0.55601, 'spearmanr': 0.78932, 'mse': 0.01806, 'rmse': 0.13439}
> Epoch 85: took 10.3s (avg 10.6s) | Best so far: epoch 31	train_loss: 0.0583 train_mae: 0.0583	val_loss: 0.0572 val_mae: 0.0571	test_loss: 0.0666 test_mae: 0.0666
train: {'epoch': 86, 'time_epoch': 9.41098, 'eta': 4006.23739, 'eta_hours': 1.11284, 'loss': 0.03935035, 'lr': 0.00098429, 'params': 479627, 'time_iter': 0.01114, 'mae': 0.03935, 'r2': 0.83631, 'spearmanr': 0.91341, 'mse': 0.00527, 'rmse': 0.07257}
val: {'epoch': 86, 'time_epoch': 0.49542, 'loss': 0.06411261, 'lr': 0, 'params': 479627, 'time_iter': 0.005, 'mae': 0.06411, 'r2': 0.64913, 'spearmanr': 0.82134, 'mse': 0.01259, 'rmse': 0.11222}
test: {'epoch': 86, 'time_epoch': 0.33253, 'loss': 0.08104256, 'lr': 0, 'params': 479627, 'time_iter': 0.00504, 'mae': 0.08104, 'r2': 0.56368, 'spearmanr': 0.77243, 'mse': 0.01775, 'rmse': 0.13322}
> Epoch 86: took 10.3s (avg 10.6s) | Best so far: epoch 31	train_loss: 0.0583 train_mae: 0.0583	val_loss: 0.0572 val_mae: 0.0571	test_loss: 0.0666 test_mae: 0.0666
train: {'epoch': 87, 'time_epoch': 9.6204, 'eta': 3996.16284, 'eta_hours': 1.11005, 'loss': 0.03949422, 'lr': 0.00098341, 'params': 479627, 'time_iter': 0.01139, 'mae': 0.03949, 'r2': 0.83482, 'spearmanr': 0.91339, 'mse': 0.00532, 'rmse': 0.0729}
val: {'epoch': 87, 'time_epoch': 0.49408, 'loss': 0.06440656, 'lr': 0, 'params': 479627, 'time_iter': 0.00499, 'mae': 0.06441, 'r2': 0.64679, 'spearmanr': 0.81398, 'mse': 0.01268, 'rmse': 0.11259}
test: {'epoch': 87, 'time_epoch': 0.32577, 'loss': 0.08072818, 'lr': 0, 'params': 479627, 'time_iter': 0.00494, 'mae': 0.08073, 'r2': 0.55793, 'spearmanr': 0.77389, 'mse': 0.01798, 'rmse': 0.1341}
> Epoch 87: took 10.5s (avg 10.6s) | Best so far: epoch 31	train_loss: 0.0583 train_mae: 0.0583	val_loss: 0.0572 val_mae: 0.0571	test_loss: 0.0666 test_mae: 0.0666
train: {'epoch': 88, 'time_epoch': 9.5573, 'eta': 3985.80711, 'eta_hours': 1.10717, 'loss': 0.03929413, 'lr': 0.00098251, 'params': 479627, 'time_iter': 0.01131, 'mae': 0.03929, 'r2': 0.8355, 'spearmanr': 0.91373, 'mse': 0.00529, 'rmse': 0.07275}
val: {'epoch': 88, 'time_epoch': 0.49118, 'loss': 0.06553622, 'lr': 0, 'params': 479627, 'time_iter': 0.00496, 'mae': 0.06554, 'r2': 0.62751, 'spearmanr': 0.8257, 'mse': 0.01337, 'rmse': 0.11562}
test: {'epoch': 88, 'time_epoch': 0.32547, 'loss': 0.08325642, 'lr': 0, 'params': 479627, 'time_iter': 0.00493, 'mae': 0.08326, 'r2': 0.54807, 'spearmanr': 0.78302, 'mse': 0.01838, 'rmse': 0.13558}
> Epoch 88: took 10.4s (avg 10.6s) | Best so far: epoch 31	train_loss: 0.0583 train_mae: 0.0583	val_loss: 0.0572 val_mae: 0.0571	test_loss: 0.0666 test_mae: 0.0666
train: {'epoch': 89, 'time_epoch': 9.41536, 'eta': 3974.8225, 'eta_hours': 1.10412, 'loss': 0.03864133, 'lr': 0.00098158, 'params': 479627, 'time_iter': 0.01114, 'mae': 0.03864, 'r2': 0.84031, 'spearmanr': 0.91573, 'mse': 0.00514, 'rmse': 0.07168}
val: {'epoch': 89, 'time_epoch': 0.49458, 'loss': 0.06563487, 'lr': 0, 'params': 479627, 'time_iter': 0.005, 'mae': 0.06563, 'r2': 0.64, 'spearmanr': 0.81793, 'mse': 0.01292, 'rmse': 0.11367}
test: {'epoch': 89, 'time_epoch': 0.32953, 'loss': 0.08626856, 'lr': 0, 'params': 479627, 'time_iter': 0.00499, 'mae': 0.08627, 'r2': 0.52076, 'spearmanr': 0.74968, 'mse': 0.01949, 'rmse': 0.13962}
> Epoch 89: took 10.3s (avg 10.5s) | Best so far: epoch 31	train_loss: 0.0583 train_mae: 0.0583	val_loss: 0.0572 val_mae: 0.0571	test_loss: 0.0666 test_mae: 0.0666
train: {'epoch': 90, 'time_epoch': 9.4283, 'eta': 3963.93053, 'eta_hours': 1.10109, 'loss': 0.03848148, 'lr': 0.00098063, 'params': 479627, 'time_iter': 0.01116, 'mae': 0.03848, 'r2': 0.84087, 'spearmanr': 0.91631, 'mse': 0.00512, 'rmse': 0.07156}
val: {'epoch': 90, 'time_epoch': 0.49444, 'loss': 0.06262768, 'lr': 0, 'params': 479627, 'time_iter': 0.00499, 'mae': 0.06263, 'r2': 0.66136, 'spearmanr': 0.82845, 'mse': 0.01215, 'rmse': 0.11025}
test: {'epoch': 90, 'time_epoch': 0.32753, 'loss': 0.07912786, 'lr': 0, 'params': 479627, 'time_iter': 0.00496, 'mae': 0.07913, 'r2': 0.55735, 'spearmanr': 0.7774, 'mse': 0.01801, 'rmse': 0.13419}
> Epoch 90: took 10.3s (avg 10.5s) | Best so far: epoch 31	train_loss: 0.0583 train_mae: 0.0583	val_loss: 0.0572 val_mae: 0.0571	test_loss: 0.0666 test_mae: 0.0666
train: {'epoch': 91, 'time_epoch': 9.409, 'eta': 3952.9848, 'eta_hours': 1.09805, 'loss': 0.0384292, 'lr': 0.00097966, 'params': 479627, 'time_iter': 0.01113, 'mae': 0.03843, 'r2': 0.84065, 'spearmanr': 0.91547, 'mse': 0.00513, 'rmse': 0.07161}
val: {'epoch': 91, 'time_epoch': 0.49653, 'loss': 0.06769628, 'lr': 0, 'params': 479627, 'time_iter': 0.00502, 'mae': 0.0677, 'r2': 0.63702, 'spearmanr': 0.83113, 'mse': 0.01303, 'rmse': 0.11414}
test: {'epoch': 91, 'time_epoch': 0.32871, 'loss': 0.09187845, 'lr': 0, 'params': 479627, 'time_iter': 0.00498, 'mae': 0.09188, 'r2': 0.50685, 'spearmanr': 0.75725, 'mse': 0.02006, 'rmse': 0.14163}
> Epoch 91: took 10.3s (avg 10.5s) | Best so far: epoch 31	train_loss: 0.0583 train_mae: 0.0583	val_loss: 0.0572 val_mae: 0.0571	test_loss: 0.0666 test_mae: 0.0666
train: {'epoch': 92, 'time_epoch': 9.43827, 'eta': 3942.20018, 'eta_hours': 1.09506, 'loss': 0.03807952, 'lr': 0.00097866, 'params': 479627, 'time_iter': 0.01117, 'mae': 0.03808, 'r2': 0.84281, 'spearmanr': 0.91813, 'mse': 0.00506, 'rmse': 0.07112}
val: {'epoch': 92, 'time_epoch': 0.49496, 'loss': 0.06452866, 'lr': 0, 'params': 479627, 'time_iter': 0.005, 'mae': 0.06453, 'r2': 0.64235, 'spearmanr': 0.82895, 'mse': 0.01284, 'rmse': 0.1133}
test: {'epoch': 92, 'time_epoch': 0.32827, 'loss': 0.08739345, 'lr': 0, 'params': 479627, 'time_iter': 0.00497, 'mae': 0.08739, 'r2': 0.52006, 'spearmanr': 0.76051, 'mse': 0.01952, 'rmse': 0.13972}
> Epoch 92: took 10.3s (avg 10.5s) | Best so far: epoch 31	train_loss: 0.0583 train_mae: 0.0583	val_loss: 0.0572 val_mae: 0.0571	test_loss: 0.0666 test_mae: 0.0666
train: {'epoch': 93, 'time_epoch': 9.42808, 'eta': 3931.40022, 'eta_hours': 1.09206, 'loss': 0.03756147, 'lr': 0.00097764, 'params': 479627, 'time_iter': 0.01116, 'mae': 0.03756, 'r2': 0.84603, 'spearmanr': 0.91955, 'mse': 0.00495, 'rmse': 0.07039}
val: {'epoch': 93, 'time_epoch': 0.49101, 'loss': 0.06690946, 'lr': 0, 'params': 479627, 'time_iter': 0.00496, 'mae': 0.06691, 'r2': 0.6279, 'spearmanr': 0.81654, 'mse': 0.01335, 'rmse': 0.11556}
test: {'epoch': 93, 'time_epoch': 0.32681, 'loss': 0.08249372, 'lr': 0, 'params': 479627, 'time_iter': 0.00495, 'mae': 0.08249, 'r2': 0.55616, 'spearmanr': 0.7736, 'mse': 0.01805, 'rmse': 0.13437}
> Epoch 93: took 10.3s (avg 10.5s) | Best so far: epoch 31	train_loss: 0.0583 train_mae: 0.0583	val_loss: 0.0572 val_mae: 0.0571	test_loss: 0.0666 test_mae: 0.0666
train: {'epoch': 94, 'time_epoch': 10.43508, 'eta': 3924.92214, 'eta_hours': 1.09026, 'loss': 0.03751605, 'lr': 0.0009766, 'params': 479627, 'time_iter': 0.01235, 'mae': 0.03752, 'r2': 0.84637, 'spearmanr': 0.91927, 'mse': 0.00494, 'rmse': 0.07031}
val: {'epoch': 94, 'time_epoch': 0.49889, 'loss': 0.06495734, 'lr': 0, 'params': 479627, 'time_iter': 0.00504, 'mae': 0.06496, 'r2': 0.63822, 'spearmanr': 0.82321, 'mse': 0.01298, 'rmse': 0.11395}
test: {'epoch': 94, 'time_epoch': 0.3277, 'loss': 0.08955666, 'lr': 0, 'params': 479627, 'time_iter': 0.00497, 'mae': 0.08956, 'r2': 0.51975, 'spearmanr': 0.76643, 'mse': 0.01954, 'rmse': 0.13977}
> Epoch 94: took 11.3s (avg 10.5s) | Best so far: epoch 31	train_loss: 0.0583 train_mae: 0.0583	val_loss: 0.0572 val_mae: 0.0571	test_loss: 0.0666 test_mae: 0.0666
train: {'epoch': 95, 'time_epoch': 10.25608, 'eta': 3917.60834, 'eta_hours': 1.08822, 'loss': 0.03736605, 'lr': 0.00097553, 'params': 479627, 'time_iter': 0.01214, 'mae': 0.03737, 'r2': 0.8477, 'spearmanr': 0.9205, 'mse': 0.0049, 'rmse': 0.07}
val: {'epoch': 95, 'time_epoch': 0.49452, 'loss': 0.0637137, 'lr': 0, 'params': 479627, 'time_iter': 0.005, 'mae': 0.06371, 'r2': 0.64709, 'spearmanr': 0.82739, 'mse': 0.01267, 'rmse': 0.11254}
test: {'epoch': 95, 'time_epoch': 0.32699, 'loss': 0.08170281, 'lr': 0, 'params': 479627, 'time_iter': 0.00495, 'mae': 0.0817, 'r2': 0.54255, 'spearmanr': 0.77734, 'mse': 0.01861, 'rmse': 0.13641}
> Epoch 95: took 11.1s (avg 10.5s) | Best so far: epoch 31	train_loss: 0.0583 train_mae: 0.0583	val_loss: 0.0572 val_mae: 0.0571	test_loss: 0.0666 test_mae: 0.0666
train: {'epoch': 96, 'time_epoch': 10.09299, 'eta': 3909.55627, 'eta_hours': 1.08599, 'loss': 0.03729406, 'lr': 0.00097444, 'params': 479627, 'time_iter': 0.01194, 'mae': 0.03729, 'r2': 0.84637, 'spearmanr': 0.92053, 'mse': 0.00494, 'rmse': 0.07031}
val: {'epoch': 96, 'time_epoch': 0.48958, 'loss': 0.07104658, 'lr': 0, 'params': 479627, 'time_iter': 0.00495, 'mae': 0.07105, 'r2': 0.58517, 'spearmanr': 0.79958, 'mse': 0.01489, 'rmse': 0.12202}
test: {'epoch': 96, 'time_epoch': 0.32535, 'loss': 0.08875693, 'lr': 0, 'params': 479627, 'time_iter': 0.00493, 'mae': 0.08876, 'r2': 0.49096, 'spearmanr': 0.74127, 'mse': 0.02071, 'rmse': 0.1439}
> Epoch 96: took 10.9s (avg 10.6s) | Best so far: epoch 31	train_loss: 0.0583 train_mae: 0.0583	val_loss: 0.0572 val_mae: 0.0571	test_loss: 0.0666 test_mae: 0.0666
train: {'epoch': 97, 'time_epoch': 9.99398, 'eta': 3901.05641, 'eta_hours': 1.08363, 'loss': 0.03735078, 'lr': 0.00097332, 'params': 479627, 'time_iter': 0.01183, 'mae': 0.03735, 'r2': 0.8467, 'spearmanr': 0.92006, 'mse': 0.00493, 'rmse': 0.07023}
val: {'epoch': 97, 'time_epoch': 0.49567, 'loss': 0.06337324, 'lr': 0, 'params': 479627, 'time_iter': 0.00501, 'mae': 0.06337, 'r2': 0.65245, 'spearmanr': 0.83281, 'mse': 0.01247, 'rmse': 0.11169}
test: {'epoch': 97, 'time_epoch': 0.32947, 'loss': 0.09078346, 'lr': 0, 'params': 479627, 'time_iter': 0.00499, 'mae': 0.09078, 'r2': 0.48927, 'spearmanr': 0.78236, 'mse': 0.02077, 'rmse': 0.14413}
> Epoch 97: took 10.8s (avg 10.6s) | Best so far: epoch 31	train_loss: 0.0583 train_mae: 0.0583	val_loss: 0.0572 val_mae: 0.0571	test_loss: 0.0666 test_mae: 0.0666
train: {'epoch': 98, 'time_epoch': 10.17443, 'eta': 3893.25727, 'eta_hours': 1.08146, 'loss': 0.03719795, 'lr': 0.00097219, 'params': 479627, 'time_iter': 0.01204, 'mae': 0.0372, 'r2': 0.84679, 'spearmanr': 0.92068, 'mse': 0.00493, 'rmse': 0.07021}
val: {'epoch': 98, 'time_epoch': 0.49881, 'loss': 0.06983705, 'lr': 0, 'params': 479627, 'time_iter': 0.00504, 'mae': 0.06984, 'r2': 0.59558, 'spearmanr': 0.80357, 'mse': 0.01451, 'rmse': 0.12048}
test: {'epoch': 98, 'time_epoch': 0.33174, 'loss': 0.08712069, 'lr': 0, 'params': 479627, 'time_iter': 0.00503, 'mae': 0.08712, 'r2': 0.50095, 'spearmanr': 0.75386, 'mse': 0.0203, 'rmse': 0.14248}
> Epoch 98: took 11.0s (avg 10.6s) | Best so far: epoch 31	train_loss: 0.0583 train_mae: 0.0583	val_loss: 0.0572 val_mae: 0.0571	test_loss: 0.0666 test_mae: 0.0666
train: {'epoch': 99, 'time_epoch': 10.22424, 'eta': 3885.60987, 'eta_hours': 1.07934, 'loss': 0.03673883, 'lr': 0.00097103, 'params': 479627, 'time_iter': 0.0121, 'mae': 0.03674, 'r2': 0.84871, 'spearmanr': 0.92221, 'mse': 0.00487, 'rmse': 0.06977}
val: {'epoch': 99, 'time_epoch': 0.49143, 'loss': 0.06660117, 'lr': 0, 'params': 479627, 'time_iter': 0.00496, 'mae': 0.0666, 'r2': 0.62344, 'spearmanr': 0.82134, 'mse': 0.01351, 'rmse': 0.11625}
test: {'epoch': 99, 'time_epoch': 0.32804, 'loss': 0.08911703, 'lr': 0, 'params': 479627, 'time_iter': 0.00497, 'mae': 0.08912, 'r2': 0.49643, 'spearmanr': 0.75918, 'mse': 0.02048, 'rmse': 0.14312}
> Epoch 99: took 11.1s (avg 10.6s) | Best so far: epoch 31	train_loss: 0.0583 train_mae: 0.0583	val_loss: 0.0572 val_mae: 0.0571	test_loss: 0.0666 test_mae: 0.0666
train: {'epoch': 100, 'time_epoch': 9.97084, 'eta': 3876.91039, 'eta_hours': 1.07692, 'loss': 0.03616311, 'lr': 0.00096985, 'params': 479627, 'time_iter': 0.0118, 'mae': 0.03616, 'r2': 0.85096, 'spearmanr': 0.92261, 'mse': 0.0048, 'rmse': 0.06925}
val: {'epoch': 100, 'time_epoch': 0.49238, 'loss': 0.06559797, 'lr': 0, 'params': 479627, 'time_iter': 0.00497, 'mae': 0.0656, 'r2': 0.63832, 'spearmanr': 0.82482, 'mse': 0.01298, 'rmse': 0.11393}
test: {'epoch': 100, 'time_epoch': 0.32657, 'loss': 0.08191308, 'lr': 0, 'params': 479627, 'time_iter': 0.00495, 'mae': 0.08191, 'r2': 0.54335, 'spearmanr': 0.76392, 'mse': 0.01858, 'rmse': 0.13629}
> Epoch 100: took 10.8s (avg 10.6s) | Best so far: epoch 31	train_loss: 0.0583 train_mae: 0.0583	val_loss: 0.0572 val_mae: 0.0571	test_loss: 0.0666 test_mae: 0.0666
train: {'epoch': 101, 'time_epoch': 9.65329, 'eta': 3866.94692, 'eta_hours': 1.07415, 'loss': 0.03601929, 'lr': 0.00096864, 'params': 479627, 'time_iter': 0.01142, 'mae': 0.03602, 'r2': 0.8554, 'spearmanr': 0.92552, 'mse': 0.00465, 'rmse': 0.06821}
val: {'epoch': 101, 'time_epoch': 0.49611, 'loss': 0.06583154, 'lr': 0, 'params': 479627, 'time_iter': 0.00501, 'mae': 0.06583, 'r2': 0.62297, 'spearmanr': 0.82187, 'mse': 0.01353, 'rmse': 0.11633}
test: {'epoch': 101, 'time_epoch': 0.3289, 'loss': 0.08532952, 'lr': 0, 'params': 479627, 'time_iter': 0.00498, 'mae': 0.08533, 'r2': 0.52621, 'spearmanr': 0.7698, 'mse': 0.01927, 'rmse': 0.13883}
> Epoch 101: took 10.5s (avg 10.6s) | Best so far: epoch 31	train_loss: 0.0583 train_mae: 0.0583	val_loss: 0.0572 val_mae: 0.0571	test_loss: 0.0666 test_mae: 0.0666
train: {'epoch': 102, 'time_epoch': 10.47087, 'eta': 3860.14074, 'eta_hours': 1.07226, 'loss': 0.03585774, 'lr': 0.00096741, 'params': 479627, 'time_iter': 0.01239, 'mae': 0.03586, 'r2': 0.85436, 'spearmanr': 0.9245, 'mse': 0.00469, 'rmse': 0.06846}
val: {'epoch': 102, 'time_epoch': 0.49523, 'loss': 0.06550847, 'lr': 0, 'params': 479627, 'time_iter': 0.005, 'mae': 0.06551, 'r2': 0.6483, 'spearmanr': 0.82834, 'mse': 0.01262, 'rmse': 0.11235}
test: {'epoch': 102, 'time_epoch': 0.32755, 'loss': 0.0875495, 'lr': 0, 'params': 479627, 'time_iter': 0.00496, 'mae': 0.08755, 'r2': 0.54464, 'spearmanr': 0.77079, 'mse': 0.01852, 'rmse': 0.1361}
> Epoch 102: took 11.3s (avg 10.6s) | Best so far: epoch 31	train_loss: 0.0583 train_mae: 0.0583	val_loss: 0.0572 val_mae: 0.0571	test_loss: 0.0666 test_mae: 0.0666
train: {'epoch': 103, 'time_epoch': 9.90863, 'eta': 3851.12323, 'eta_hours': 1.06976, 'loss': 0.03536136, 'lr': 0.00096616, 'params': 479627, 'time_iter': 0.01173, 'mae': 0.03536, 'r2': 0.8586, 'spearmanr': 0.92673, 'mse': 0.00455, 'rmse': 0.06745}
val: {'epoch': 103, 'time_epoch': 0.49387, 'loss': 0.06686766, 'lr': 0, 'params': 479627, 'time_iter': 0.00499, 'mae': 0.06687, 'r2': 0.64321, 'spearmanr': 0.83643, 'mse': 0.01281, 'rmse': 0.11316}
test: {'epoch': 103, 'time_epoch': 0.32863, 'loss': 0.09534286, 'lr': 0, 'params': 479627, 'time_iter': 0.00498, 'mae': 0.09534, 'r2': 0.48863, 'spearmanr': 0.76323, 'mse': 0.0208, 'rmse': 0.14423}
> Epoch 103: took 10.8s (avg 10.6s) | Best so far: epoch 31	train_loss: 0.0583 train_mae: 0.0583	val_loss: 0.0572 val_mae: 0.0571	test_loss: 0.0666 test_mae: 0.0666
train: {'epoch': 104, 'time_epoch': 10.02203, 'eta': 3842.51535, 'eta_hours': 1.06737, 'loss': 0.03531026, 'lr': 0.00096489, 'params': 479627, 'time_iter': 0.01186, 'mae': 0.03531, 'r2': 0.856, 'spearmanr': 0.92577, 'mse': 0.00463, 'rmse': 0.06807}
val: {'epoch': 104, 'time_epoch': 0.49033, 'loss': 0.07110216, 'lr': 0, 'params': 479627, 'time_iter': 0.00495, 'mae': 0.0711, 'r2': 0.58926, 'spearmanr': 0.81225, 'mse': 0.01474, 'rmse': 0.12142}
test: {'epoch': 104, 'time_epoch': 0.32943, 'loss': 0.0922762, 'lr': 0, 'params': 479627, 'time_iter': 0.00499, 'mae': 0.09228, 'r2': 0.47404, 'spearmanr': 0.75344, 'mse': 0.02139, 'rmse': 0.14627}
> Epoch 104: took 10.9s (avg 10.6s) | Best so far: epoch 31	train_loss: 0.0583 train_mae: 0.0583	val_loss: 0.0572 val_mae: 0.0571	test_loss: 0.0666 test_mae: 0.0666
train: {'epoch': 105, 'time_epoch': 10.23929, 'eta': 3834.68833, 'eta_hours': 1.06519, 'loss': 0.03534455, 'lr': 0.00096359, 'params': 479627, 'time_iter': 0.01212, 'mae': 0.03534, 'r2': 0.85695, 'spearmanr': 0.92529, 'mse': 0.0046, 'rmse': 0.06785}
val: {'epoch': 105, 'time_epoch': 0.49467, 'loss': 0.06675321, 'lr': 0, 'params': 479627, 'time_iter': 0.005, 'mae': 0.06675, 'r2': 0.63463, 'spearmanr': 0.82541, 'mse': 0.01311, 'rmse': 0.11451}
test: {'epoch': 105, 'time_epoch': 0.32467, 'loss': 0.08999548, 'lr': 0, 'params': 479627, 'time_iter': 0.00492, 'mae': 0.09, 'r2': 0.51373, 'spearmanr': 0.75531, 'mse': 0.01978, 'rmse': 0.14064}
> Epoch 105: took 11.1s (avg 10.6s) | Best so far: epoch 31	train_loss: 0.0583 train_mae: 0.0583	val_loss: 0.0572 val_mae: 0.0571	test_loss: 0.0666 test_mae: 0.0666
train: {'epoch': 106, 'time_epoch': 9.87347, 'eta': 3825.47263, 'eta_hours': 1.06263, 'loss': 0.03472346, 'lr': 0.00096227, 'params': 479627, 'time_iter': 0.01168, 'mae': 0.03472, 'r2': 0.86087, 'spearmanr': 0.92919, 'mse': 0.00448, 'rmse': 0.06691}
val: {'epoch': 106, 'time_epoch': 0.4987, 'loss': 0.0648042, 'lr': 0, 'params': 479627, 'time_iter': 0.00504, 'mae': 0.0648, 'r2': 0.63912, 'spearmanr': 0.82713, 'mse': 0.01295, 'rmse': 0.11381}
test: {'epoch': 106, 'time_epoch': 0.32828, 'loss': 0.08268647, 'lr': 0, 'params': 479627, 'time_iter': 0.00497, 'mae': 0.08269, 'r2': 0.54278, 'spearmanr': 0.78096, 'mse': 0.0186, 'rmse': 0.13638}
> Epoch 106: took 10.7s (avg 10.6s) | Best so far: epoch 31	train_loss: 0.0583 train_mae: 0.0583	val_loss: 0.0572 val_mae: 0.0571	test_loss: 0.0666 test_mae: 0.0666
train: {'epoch': 107, 'time_epoch': 9.89744, 'eta': 3816.33172, 'eta_hours': 1.06009, 'loss': 0.03485614, 'lr': 0.00096093, 'params': 479627, 'time_iter': 0.01171, 'mae': 0.03486, 'r2': 0.86083, 'spearmanr': 0.92864, 'mse': 0.00448, 'rmse': 0.06692}
val: {'epoch': 107, 'time_epoch': 0.4969, 'loss': 0.06884071, 'lr': 0, 'params': 479627, 'time_iter': 0.00502, 'mae': 0.06884, 'r2': 0.60649, 'spearmanr': 0.81131, 'mse': 0.01412, 'rmse': 0.11884}
test: {'epoch': 107, 'time_epoch': 0.32893, 'loss': 0.08808702, 'lr': 0, 'params': 479627, 'time_iter': 0.00498, 'mae': 0.08809, 'r2': 0.49723, 'spearmanr': 0.7498, 'mse': 0.02045, 'rmse': 0.14301}
> Epoch 107: took 10.7s (avg 10.6s) | Best so far: epoch 31	train_loss: 0.0583 train_mae: 0.0583	val_loss: 0.0572 val_mae: 0.0571	test_loss: 0.0666 test_mae: 0.0666
train: {'epoch': 108, 'time_epoch': 9.41048, 'eta': 3805.43012, 'eta_hours': 1.05706, 'loss': 0.03495147, 'lr': 0.00095957, 'params': 479627, 'time_iter': 0.01114, 'mae': 0.03495, 'r2': 0.85951, 'spearmanr': 0.92784, 'mse': 0.00452, 'rmse': 0.06724}
val: {'epoch': 108, 'time_epoch': 0.49658, 'loss': 0.06906993, 'lr': 0, 'params': 479627, 'time_iter': 0.00502, 'mae': 0.06907, 'r2': 0.60324, 'spearmanr': 0.8109, 'mse': 0.01424, 'rmse': 0.11933}
test: {'epoch': 108, 'time_epoch': 0.32651, 'loss': 0.1007663, 'lr': 0, 'params': 479627, 'time_iter': 0.00495, 'mae': 0.10077, 'r2': 0.42302, 'spearmanr': 0.73401, 'mse': 0.02347, 'rmse': 0.1532}
> Epoch 108: took 10.3s (avg 10.6s) | Best so far: epoch 31	train_loss: 0.0583 train_mae: 0.0583	val_loss: 0.0572 val_mae: 0.0571	test_loss: 0.0666 test_mae: 0.0666
train: {'epoch': 109, 'time_epoch': 9.56004, 'eta': 3795.08592, 'eta_hours': 1.05419, 'loss': 0.03455891, 'lr': 0.00095818, 'params': 479627, 'time_iter': 0.01131, 'mae': 0.03456, 'r2': 0.86288, 'spearmanr': 0.92961, 'mse': 0.00441, 'rmse': 0.06642}
val: {'epoch': 109, 'time_epoch': 0.49471, 'loss': 0.06993146, 'lr': 0, 'params': 479627, 'time_iter': 0.005, 'mae': 0.06993, 'r2': 0.60672, 'spearmanr': 0.80634, 'mse': 0.01411, 'rmse': 0.11881}
test: {'epoch': 109, 'time_epoch': 0.32629, 'loss': 0.09409467, 'lr': 0, 'params': 479627, 'time_iter': 0.00494, 'mae': 0.09409, 'r2': 0.476, 'spearmanr': 0.74989, 'mse': 0.02131, 'rmse': 0.146}
> Epoch 109: took 10.4s (avg 10.6s) | Best so far: epoch 31	train_loss: 0.0583 train_mae: 0.0583	val_loss: 0.0572 val_mae: 0.0571	test_loss: 0.0666 test_mae: 0.0666
train: {'epoch': 110, 'time_epoch': 9.73397, 'eta': 3785.36536, 'eta_hours': 1.05149, 'loss': 0.03430121, 'lr': 0.00095677, 'params': 479627, 'time_iter': 0.01152, 'mae': 0.0343, 'r2': 0.86294, 'spearmanr': 0.93021, 'mse': 0.00441, 'rmse': 0.06641}
val: {'epoch': 110, 'time_epoch': 0.49857, 'loss': 0.06389967, 'lr': 0, 'params': 479627, 'time_iter': 0.00504, 'mae': 0.0639, 'r2': 0.64906, 'spearmanr': 0.81847, 'mse': 0.0126, 'rmse': 0.11223}
test: {'epoch': 110, 'time_epoch': 0.32897, 'loss': 0.08180907, 'lr': 0, 'params': 479627, 'time_iter': 0.00498, 'mae': 0.08181, 'r2': 0.55292, 'spearmanr': 0.77409, 'mse': 0.01819, 'rmse': 0.13485}
> Epoch 110: took 10.6s (avg 10.6s) | Best so far: epoch 31	train_loss: 0.0583 train_mae: 0.0583	val_loss: 0.0572 val_mae: 0.0571	test_loss: 0.0666 test_mae: 0.0666
train: {'epoch': 111, 'time_epoch': 9.42013, 'eta': 3774.55736, 'eta_hours': 1.04849, 'loss': 0.0346453, 'lr': 0.00095534, 'params': 479627, 'time_iter': 0.01115, 'mae': 0.03465, 'r2': 0.85992, 'spearmanr': 0.92829, 'mse': 0.00451, 'rmse': 0.06714}
val: {'epoch': 111, 'time_epoch': 0.49119, 'loss': 0.07462037, 'lr': 0, 'params': 479627, 'time_iter': 0.00496, 'mae': 0.07462, 'r2': 0.56691, 'spearmanr': 0.79988, 'mse': 0.01554, 'rmse': 0.12468}
test: {'epoch': 111, 'time_epoch': 0.33299, 'loss': 0.09396189, 'lr': 0, 'params': 479627, 'time_iter': 0.00505, 'mae': 0.09396, 'r2': 0.48027, 'spearmanr': 0.73208, 'mse': 0.02114, 'rmse': 0.1454}
> Epoch 111: took 10.3s (avg 10.6s) | Best so far: epoch 31	train_loss: 0.0583 train_mae: 0.0583	val_loss: 0.0572 val_mae: 0.0571	test_loss: 0.0666 test_mae: 0.0666
train: {'epoch': 112, 'time_epoch': 9.73542, 'eta': 3764.85371, 'eta_hours': 1.04579, 'loss': 0.0342568, 'lr': 0.00095389, 'params': 479627, 'time_iter': 0.01152, 'mae': 0.03426, 'r2': 0.8613, 'spearmanr': 0.92932, 'mse': 0.00446, 'rmse': 0.0668}
val: {'epoch': 112, 'time_epoch': 0.49652, 'loss': 0.07024503, 'lr': 0, 'params': 479627, 'time_iter': 0.00502, 'mae': 0.07025, 'r2': 0.56575, 'spearmanr': 0.79046, 'mse': 0.01559, 'rmse': 0.12484}
test: {'epoch': 112, 'time_epoch': 0.32941, 'loss': 0.08921919, 'lr': 0, 'params': 479627, 'time_iter': 0.00499, 'mae': 0.08922, 'r2': 0.49637, 'spearmanr': 0.73935, 'mse': 0.02049, 'rmse': 0.14313}
> Epoch 112: took 10.6s (avg 10.6s) | Best so far: epoch 31	train_loss: 0.0583 train_mae: 0.0583	val_loss: 0.0572 val_mae: 0.0571	test_loss: 0.0666 test_mae: 0.0666
train: {'epoch': 113, 'time_epoch': 9.40476, 'eta': 3754.02988, 'eta_hours': 1.04279, 'loss': 0.03410273, 'lr': 0.00095241, 'params': 479627, 'time_iter': 0.01113, 'mae': 0.0341, 'r2': 0.86354, 'spearmanr': 0.93107, 'mse': 0.00439, 'rmse': 0.06626}
val: {'epoch': 113, 'time_epoch': 0.49479, 'loss': 0.0679273, 'lr': 0, 'params': 479627, 'time_iter': 0.005, 'mae': 0.06793, 'r2': 0.61952, 'spearmanr': 0.81001, 'mse': 0.01366, 'rmse': 0.11686}
test: {'epoch': 113, 'time_epoch': 0.32886, 'loss': 0.08978435, 'lr': 0, 'params': 479627, 'time_iter': 0.00498, 'mae': 0.08978, 'r2': 0.51088, 'spearmanr': 0.76222, 'mse': 0.0199, 'rmse': 0.14105}
> Epoch 113: took 10.2s (avg 10.6s) | Best so far: epoch 31	train_loss: 0.0583 train_mae: 0.0583	val_loss: 0.0572 val_mae: 0.0571	test_loss: 0.0666 test_mae: 0.0666
train: {'epoch': 114, 'time_epoch': 9.3914, 'eta': 3743.18602, 'eta_hours': 1.03977, 'loss': 0.03352604, 'lr': 0.00095092, 'params': 479627, 'time_iter': 0.01111, 'mae': 0.03353, 'r2': 0.86556, 'spearmanr': 0.93229, 'mse': 0.00433, 'rmse': 0.06577}
val: {'epoch': 114, 'time_epoch': 0.49583, 'loss': 0.06816656, 'lr': 0, 'params': 479627, 'time_iter': 0.00501, 'mae': 0.06817, 'r2': 0.61511, 'spearmanr': 0.80438, 'mse': 0.01381, 'rmse': 0.11753}
test: {'epoch': 114, 'time_epoch': 0.32847, 'loss': 0.08795637, 'lr': 0, 'params': 479627, 'time_iter': 0.00498, 'mae': 0.08796, 'r2': 0.52577, 'spearmanr': 0.75375, 'mse': 0.01929, 'rmse': 0.13889}
> Epoch 114: took 10.2s (avg 10.6s) | Best so far: epoch 31	train_loss: 0.0583 train_mae: 0.0583	val_loss: 0.0572 val_mae: 0.0571	test_loss: 0.0666 test_mae: 0.0666
train: {'epoch': 115, 'time_epoch': 9.44355, 'eta': 3732.53983, 'eta_hours': 1.03682, 'loss': 0.03357095, 'lr': 0.0009494, 'params': 479627, 'time_iter': 0.01118, 'mae': 0.03357, 'r2': 0.86632, 'spearmanr': 0.93127, 'mse': 0.0043, 'rmse': 0.06559}
val: {'epoch': 115, 'time_epoch': 0.50096, 'loss': 0.0700166, 'lr': 0, 'params': 479627, 'time_iter': 0.00506, 'mae': 0.07002, 'r2': 0.61314, 'spearmanr': 0.81436, 'mse': 0.01388, 'rmse': 0.11783}
test: {'epoch': 115, 'time_epoch': 0.3337, 'loss': 0.09641644, 'lr': 0, 'params': 479627, 'time_iter': 0.00506, 'mae': 0.09642, 'r2': 0.47195, 'spearmanr': 0.75991, 'mse': 0.02148, 'rmse': 0.14656}
> Epoch 115: took 10.3s (avg 10.6s) | Best so far: epoch 31	train_loss: 0.0583 train_mae: 0.0583	val_loss: 0.0572 val_mae: 0.0571	test_loss: 0.0666 test_mae: 0.0666
train: {'epoch': 116, 'time_epoch': 9.43011, 'eta': 3721.87022, 'eta_hours': 1.03385, 'loss': 0.033519, 'lr': 0.00094786, 'params': 479627, 'time_iter': 0.01116, 'mae': 0.03352, 'r2': 0.86597, 'spearmanr': 0.93201, 'mse': 0.00431, 'rmse': 0.06567}
val: {'epoch': 116, 'time_epoch': 0.49503, 'loss': 0.06823779, 'lr': 0, 'params': 479627, 'time_iter': 0.005, 'mae': 0.06824, 'r2': 0.60673, 'spearmanr': 0.8046, 'mse': 0.01411, 'rmse': 0.11881}
test: {'epoch': 116, 'time_epoch': 0.32862, 'loss': 0.08935253, 'lr': 0, 'params': 479627, 'time_iter': 0.00498, 'mae': 0.08935, 'r2': 0.49948, 'spearmanr': 0.75508, 'mse': 0.02036, 'rmse': 0.14269}
> Epoch 116: took 10.3s (avg 10.6s) | Best so far: epoch 31	train_loss: 0.0583 train_mae: 0.0583	val_loss: 0.0572 val_mae: 0.0571	test_loss: 0.0666 test_mae: 0.0666
train: {'epoch': 117, 'time_epoch': 9.40636, 'eta': 3711.14471, 'eta_hours': 1.03087, 'loss': 0.03344193, 'lr': 0.00094629, 'params': 479627, 'time_iter': 0.01113, 'mae': 0.03344, 'r2': 0.86555, 'spearmanr': 0.93154, 'mse': 0.00433, 'rmse': 0.06577}
val: {'epoch': 117, 'time_epoch': 0.50107, 'loss': 0.06779262, 'lr': 0, 'params': 479627, 'time_iter': 0.00506, 'mae': 0.06779, 'r2': 0.6345, 'spearmanr': 0.81323, 'mse': 0.01312, 'rmse': 0.11453}
test: {'epoch': 117, 'time_epoch': 0.32766, 'loss': 0.10449281, 'lr': 0, 'params': 479627, 'time_iter': 0.00496, 'mae': 0.10449, 'r2': 0.41002, 'spearmanr': 0.71896, 'mse': 0.024, 'rmse': 0.15491}
> Epoch 117: took 10.3s (avg 10.6s) | Best so far: epoch 31	train_loss: 0.0583 train_mae: 0.0583	val_loss: 0.0572 val_mae: 0.0571	test_loss: 0.0666 test_mae: 0.0666
train: {'epoch': 118, 'time_epoch': 9.40897, 'eta': 3700.44974, 'eta_hours': 1.0279, 'loss': 0.03319464, 'lr': 0.00094471, 'params': 479627, 'time_iter': 0.01113, 'mae': 0.03319, 'r2': 0.86546, 'spearmanr': 0.9325, 'mse': 0.00433, 'rmse': 0.0658}
val: {'epoch': 118, 'time_epoch': 0.49538, 'loss': 0.06902655, 'lr': 0, 'params': 479627, 'time_iter': 0.005, 'mae': 0.06903, 'r2': 0.61518, 'spearmanr': 0.81681, 'mse': 0.01381, 'rmse': 0.11752}
test: {'epoch': 118, 'time_epoch': 0.32964, 'loss': 0.09745313, 'lr': 0, 'params': 479627, 'time_iter': 0.00499, 'mae': 0.09745, 'r2': 0.45477, 'spearmanr': 0.75709, 'mse': 0.02218, 'rmse': 0.14892}
> Epoch 118: took 10.3s (avg 10.6s) | Best so far: epoch 31	train_loss: 0.0583 train_mae: 0.0583	val_loss: 0.0572 val_mae: 0.0571	test_loss: 0.0666 test_mae: 0.0666
train: {'epoch': 119, 'time_epoch': 9.41858, 'eta': 3689.80664, 'eta_hours': 1.02495, 'loss': 0.0326802, 'lr': 0.0009431, 'params': 479627, 'time_iter': 0.01115, 'mae': 0.03268, 'r2': 0.87062, 'spearmanr': 0.93455, 'mse': 0.00416, 'rmse': 0.06452}
val: {'epoch': 119, 'time_epoch': 0.49562, 'loss': 0.06447428, 'lr': 0, 'params': 479627, 'time_iter': 0.00501, 'mae': 0.06447, 'r2': 0.62467, 'spearmanr': 0.80998, 'mse': 0.01347, 'rmse': 0.11606}
test: {'epoch': 119, 'time_epoch': 0.32921, 'loss': 0.08939062, 'lr': 0, 'params': 479627, 'time_iter': 0.00499, 'mae': 0.08939, 'r2': 0.4935, 'spearmanr': 0.76107, 'mse': 0.0206, 'rmse': 0.14354}
> Epoch 119: took 10.3s (avg 10.6s) | Best so far: epoch 31	train_loss: 0.0583 train_mae: 0.0583	val_loss: 0.0572 val_mae: 0.0571	test_loss: 0.0666 test_mae: 0.0666
train: {'epoch': 120, 'time_epoch': 9.39984, 'eta': 3679.12507, 'eta_hours': 1.02198, 'loss': 0.03273258, 'lr': 0.00094147, 'params': 479627, 'time_iter': 0.01112, 'mae': 0.03273, 'r2': 0.87005, 'spearmanr': 0.93467, 'mse': 0.00418, 'rmse': 0.06466}
val: {'epoch': 120, 'time_epoch': 0.4947, 'loss': 0.06760943, 'lr': 0, 'params': 479627, 'time_iter': 0.005, 'mae': 0.06761, 'r2': 0.63154, 'spearmanr': 0.81644, 'mse': 0.01322, 'rmse': 0.115}
test: {'epoch': 120, 'time_epoch': 0.32819, 'loss': 0.09489994, 'lr': 0, 'params': 479627, 'time_iter': 0.00497, 'mae': 0.0949, 'r2': 0.4827, 'spearmanr': 0.75072, 'mse': 0.02104, 'rmse': 0.14506}
> Epoch 120: took 10.2s (avg 10.6s) | Best so far: epoch 31	train_loss: 0.0583 train_mae: 0.0583	val_loss: 0.0572 val_mae: 0.0571	test_loss: 0.0666 test_mae: 0.0666
train: {'epoch': 121, 'time_epoch': 9.90166, 'eta': 3670.01934, 'eta_hours': 1.01945, 'loss': 0.03263986, 'lr': 0.00093982, 'params': 479627, 'time_iter': 0.01172, 'mae': 0.03264, 'r2': 0.87015, 'spearmanr': 0.93399, 'mse': 0.00418, 'rmse': 0.06464}
val: {'epoch': 121, 'time_epoch': 0.49484, 'loss': 0.06749234, 'lr': 0, 'params': 479627, 'time_iter': 0.005, 'mae': 0.06749, 'r2': 0.61752, 'spearmanr': 0.81703, 'mse': 0.01373, 'rmse': 0.11716}
test: {'epoch': 121, 'time_epoch': 0.32705, 'loss': 0.08893168, 'lr': 0, 'params': 479627, 'time_iter': 0.00496, 'mae': 0.08893, 'r2': 0.50812, 'spearmanr': 0.76264, 'mse': 0.02001, 'rmse': 0.14145}
> Epoch 121: took 10.7s (avg 10.6s) | Best so far: epoch 31	train_loss: 0.0583 train_mae: 0.0583	val_loss: 0.0572 val_mae: 0.0571	test_loss: 0.0666 test_mae: 0.0666
train: {'epoch': 122, 'time_epoch': 9.46968, 'eta': 3659.57664, 'eta_hours': 1.01655, 'loss': 0.03237112, 'lr': 0.00093815, 'params': 479627, 'time_iter': 0.01121, 'mae': 0.03237, 'r2': 0.87135, 'spearmanr': 0.93572, 'mse': 0.00414, 'rmse': 0.06434}
val: {'epoch': 122, 'time_epoch': 0.49383, 'loss': 0.0714353, 'lr': 0, 'params': 479627, 'time_iter': 0.00499, 'mae': 0.07144, 'r2': 0.59211, 'spearmanr': 0.80594, 'mse': 0.01464, 'rmse': 0.12099}
test: {'epoch': 122, 'time_epoch': 0.32757, 'loss': 0.0968475, 'lr': 0, 'params': 479627, 'time_iter': 0.00496, 'mae': 0.09685, 'r2': 0.4504, 'spearmanr': 0.75503, 'mse': 0.02236, 'rmse': 0.14952}
> Epoch 122: took 10.3s (avg 10.6s) | Best so far: epoch 31	train_loss: 0.0583 train_mae: 0.0583	val_loss: 0.0572 val_mae: 0.0571	test_loss: 0.0666 test_mae: 0.0666
train: {'epoch': 123, 'time_epoch': 10.19722, 'eta': 3651.35571, 'eta_hours': 1.01427, 'loss': 0.03273105, 'lr': 0.00093646, 'params': 479627, 'time_iter': 0.01207, 'mae': 0.03273, 'r2': 0.86875, 'spearmanr': 0.93407, 'mse': 0.00422, 'rmse': 0.06499}
val: {'epoch': 123, 'time_epoch': 0.49189, 'loss': 0.06639967, 'lr': 0, 'params': 479627, 'time_iter': 0.00497, 'mae': 0.0664, 'r2': 0.62442, 'spearmanr': 0.80821, 'mse': 0.01348, 'rmse': 0.1161}
test: {'epoch': 123, 'time_epoch': 0.32685, 'loss': 0.08650874, 'lr': 0, 'params': 479627, 'time_iter': 0.00495, 'mae': 0.08651, 'r2': 0.50981, 'spearmanr': 0.75053, 'mse': 0.01994, 'rmse': 0.14121}
> Epoch 123: took 11.0s (avg 10.6s) | Best so far: epoch 31	train_loss: 0.0583 train_mae: 0.0583	val_loss: 0.0572 val_mae: 0.0571	test_loss: 0.0666 test_mae: 0.0666
train: {'epoch': 124, 'time_epoch': 10.0465, 'eta': 3642.651, 'eta_hours': 1.01185, 'loss': 0.03241627, 'lr': 0.00093475, 'params': 479627, 'time_iter': 0.01189, 'mae': 0.03242, 'r2': 0.87095, 'spearmanr': 0.93524, 'mse': 0.00415, 'rmse': 0.06444}
val: {'epoch': 124, 'time_epoch': 0.49764, 'loss': 0.07230765, 'lr': 0, 'params': 479627, 'time_iter': 0.00503, 'mae': 0.07231, 'r2': 0.59075, 'spearmanr': 0.81155, 'mse': 0.01469, 'rmse': 0.1212}
test: {'epoch': 124, 'time_epoch': 0.32979, 'loss': 0.09704346, 'lr': 0, 'params': 479627, 'time_iter': 0.005, 'mae': 0.09704, 'r2': 0.44168, 'spearmanr': 0.74539, 'mse': 0.02271, 'rmse': 0.1507}
> Epoch 124: took 10.9s (avg 10.6s) | Best so far: epoch 31	train_loss: 0.0583 train_mae: 0.0583	val_loss: 0.0572 val_mae: 0.0571	test_loss: 0.0666 test_mae: 0.0666
train: {'epoch': 125, 'time_epoch': 9.60791, 'eta': 3632.62314, 'eta_hours': 1.00906, 'loss': 0.03223434, 'lr': 0.00093301, 'params': 479627, 'time_iter': 0.01137, 'mae': 0.03223, 'r2': 0.87215, 'spearmanr': 0.93607, 'mse': 0.00411, 'rmse': 0.06414}
val: {'epoch': 125, 'time_epoch': 0.50115, 'loss': 0.06895266, 'lr': 0, 'params': 479627, 'time_iter': 0.00506, 'mae': 0.06895, 'r2': 0.6153, 'spearmanr': 0.81092, 'mse': 0.01381, 'rmse': 0.1175}
test: {'epoch': 125, 'time_epoch': 0.33147, 'loss': 0.09658139, 'lr': 0, 'params': 479627, 'time_iter': 0.00502, 'mae': 0.09658, 'r2': 0.45406, 'spearmanr': 0.75, 'mse': 0.02221, 'rmse': 0.14902}
> Epoch 125: took 10.5s (avg 10.6s) | Best so far: epoch 31	train_loss: 0.0583 train_mae: 0.0583	val_loss: 0.0572 val_mae: 0.0571	test_loss: 0.0666 test_mae: 0.0666
train: {'epoch': 126, 'time_epoch': 9.9179, 'eta': 3623.51234, 'eta_hours': 1.00653, 'loss': 0.03218879, 'lr': 0.00093126, 'params': 479627, 'time_iter': 0.01174, 'mae': 0.03219, 'r2': 0.87048, 'spearmanr': 0.93598, 'mse': 0.00417, 'rmse': 0.06456}
val: {'epoch': 126, 'time_epoch': 0.49176, 'loss': 0.06898468, 'lr': 0, 'params': 479627, 'time_iter': 0.00497, 'mae': 0.06898, 'r2': 0.61058, 'spearmanr': 0.81357, 'mse': 0.01398, 'rmse': 0.11822}
test: {'epoch': 126, 'time_epoch': 0.32531, 'loss': 0.08895212, 'lr': 0, 'params': 479627, 'time_iter': 0.00493, 'mae': 0.08895, 'r2': 0.50126, 'spearmanr': 0.7634, 'mse': 0.02029, 'rmse': 0.14243}
> Epoch 126: took 10.8s (avg 10.6s) | Best so far: epoch 31	train_loss: 0.0583 train_mae: 0.0583	val_loss: 0.0572 val_mae: 0.0571	test_loss: 0.0666 test_mae: 0.0666
train: {'epoch': 127, 'time_epoch': 9.44205, 'eta': 3613.006, 'eta_hours': 1.00361, 'loss': 0.03158612, 'lr': 0.00092948, 'params': 479627, 'time_iter': 0.01117, 'mae': 0.03159, 'r2': 0.87569, 'spearmanr': 0.93833, 'mse': 0.004, 'rmse': 0.06325}
val: {'epoch': 127, 'time_epoch': 0.49609, 'loss': 0.0661722, 'lr': 0, 'params': 479627, 'time_iter': 0.00501, 'mae': 0.06617, 'r2': 0.63011, 'spearmanr': 0.81747, 'mse': 0.01328, 'rmse': 0.11522}
test: {'epoch': 127, 'time_epoch': 0.33335, 'loss': 0.09095469, 'lr': 0, 'params': 479627, 'time_iter': 0.00505, 'mae': 0.09095, 'r2': 0.46003, 'spearmanr': 0.7569, 'mse': 0.02196, 'rmse': 0.1482}
> Epoch 127: took 10.3s (avg 10.6s) | Best so far: epoch 31	train_loss: 0.0583 train_mae: 0.0583	val_loss: 0.0572 val_mae: 0.0571	test_loss: 0.0666 test_mae: 0.0666
train: {'epoch': 128, 'time_epoch': 9.44562, 'eta': 3602.52641, 'eta_hours': 1.0007, 'loss': 0.03177321, 'lr': 0.00092768, 'params': 479627, 'time_iter': 0.01118, 'mae': 0.03177, 'r2': 0.87534, 'spearmanr': 0.93767, 'mse': 0.00401, 'rmse': 0.06333}
val: {'epoch': 128, 'time_epoch': 0.49488, 'loss': 0.07026223, 'lr': 0, 'params': 479627, 'time_iter': 0.005, 'mae': 0.07026, 'r2': 0.59571, 'spearmanr': 0.80693, 'mse': 0.01451, 'rmse': 0.12046}
test: {'epoch': 128, 'time_epoch': 0.32932, 'loss': 0.09171342, 'lr': 0, 'params': 479627, 'time_iter': 0.00499, 'mae': 0.09171, 'r2': 0.48631, 'spearmanr': 0.75427, 'mse': 0.0209, 'rmse': 0.14455}
> Epoch 128: took 10.3s (avg 10.6s) | Best so far: epoch 31	train_loss: 0.0583 train_mae: 0.0583	val_loss: 0.0572 val_mae: 0.0571	test_loss: 0.0666 test_mae: 0.0666
train: {'epoch': 129, 'time_epoch': 9.40411, 'eta': 3591.9446, 'eta_hours': 0.99776, 'loss': 0.03149875, 'lr': 0.00092586, 'params': 479627, 'time_iter': 0.01113, 'mae': 0.0315, 'r2': 0.87502, 'spearmanr': 0.93746, 'mse': 0.00402, 'rmse': 0.06342}
val: {'epoch': 129, 'time_epoch': 0.49244, 'loss': 0.067619, 'lr': 0, 'params': 479627, 'time_iter': 0.00497, 'mae': 0.06762, 'r2': 0.60617, 'spearmanr': 0.81282, 'mse': 0.01413, 'rmse': 0.11889}
test: {'epoch': 129, 'time_epoch': 0.3321, 'loss': 0.08711137, 'lr': 0, 'params': 479627, 'time_iter': 0.00503, 'mae': 0.08711, 'r2': 0.50572, 'spearmanr': 0.77352, 'mse': 0.02011, 'rmse': 0.14179}
> Epoch 129: took 10.3s (avg 10.6s) | Best so far: epoch 31	train_loss: 0.0583 train_mae: 0.0583	val_loss: 0.0572 val_mae: 0.0571	test_loss: 0.0666 test_mae: 0.0666
train: {'epoch': 130, 'time_epoch': 9.40652, 'eta': 3581.38754, 'eta_hours': 0.99483, 'loss': 0.03112919, 'lr': 0.00092402, 'params': 479627, 'time_iter': 0.01113, 'mae': 0.03113, 'r2': 0.87712, 'spearmanr': 0.93869, 'mse': 0.00395, 'rmse': 0.06288}
val: {'epoch': 130, 'time_epoch': 0.49959, 'loss': 0.06924215, 'lr': 0, 'params': 479627, 'time_iter': 0.00505, 'mae': 0.06924, 'r2': 0.60831, 'spearmanr': 0.81359, 'mse': 0.01406, 'rmse': 0.11857}
test: {'epoch': 130, 'time_epoch': 0.32832, 'loss': 0.10602012, 'lr': 0, 'params': 479627, 'time_iter': 0.00497, 'mae': 0.10602, 'r2': 0.36726, 'spearmanr': 0.73906, 'mse': 0.02574, 'rmse': 0.16043}
> Epoch 130: took 10.3s (avg 10.6s) | Best so far: epoch 31	train_loss: 0.0583 train_mae: 0.0583	val_loss: 0.0572 val_mae: 0.0571	test_loss: 0.0666 test_mae: 0.0666
train: {'epoch': 131, 'time_epoch': 10.43976, 'eta': 3573.72849, 'eta_hours': 0.9927, 'loss': 0.03131744, 'lr': 0.00092216, 'params': 479627, 'time_iter': 0.01235, 'mae': 0.03132, 'r2': 0.87738, 'spearmanr': 0.93949, 'mse': 0.00395, 'rmse': 0.06281}
val: {'epoch': 131, 'time_epoch': 0.49545, 'loss': 0.07020546, 'lr': 0, 'params': 479627, 'time_iter': 0.005, 'mae': 0.07021, 'r2': 0.60339, 'spearmanr': 0.79488, 'mse': 0.01423, 'rmse': 0.11931}
test: {'epoch': 131, 'time_epoch': 0.32902, 'loss': 0.08960596, 'lr': 0, 'params': 479627, 'time_iter': 0.00499, 'mae': 0.08961, 'r2': 0.49287, 'spearmanr': 0.73627, 'mse': 0.02063, 'rmse': 0.14363}
> Epoch 131: took 11.3s (avg 10.6s) | Best so far: epoch 31	train_loss: 0.0583 train_mae: 0.0583	val_loss: 0.0572 val_mae: 0.0571	test_loss: 0.0666 test_mae: 0.0666
train: {'epoch': 132, 'time_epoch': 9.86731, 'eta': 3564.448, 'eta_hours': 0.99012, 'loss': 0.03083519, 'lr': 0.00092028, 'params': 479627, 'time_iter': 0.01168, 'mae': 0.03084, 'r2': 0.88002, 'spearmanr': 0.93959, 'mse': 0.00386, 'rmse': 0.06213}
val: {'epoch': 132, 'time_epoch': 0.49691, 'loss': 0.07211399, 'lr': 0, 'params': 479627, 'time_iter': 0.00502, 'mae': 0.07211, 'r2': 0.58223, 'spearmanr': 0.79591, 'mse': 0.01499, 'rmse': 0.12245}
test: {'epoch': 132, 'time_epoch': 0.32724, 'loss': 0.09295664, 'lr': 0, 'params': 479627, 'time_iter': 0.00496, 'mae': 0.09296, 'r2': 0.46313, 'spearmanr': 0.73749, 'mse': 0.02184, 'rmse': 0.14778}
> Epoch 132: took 10.7s (avg 10.6s) | Best so far: epoch 31	train_loss: 0.0583 train_mae: 0.0583	val_loss: 0.0572 val_mae: 0.0571	test_loss: 0.0666 test_mae: 0.0666
train: {'epoch': 133, 'time_epoch': 9.87185, 'eta': 3555.17114, 'eta_hours': 0.98755, 'loss': 0.03157656, 'lr': 0.00091838, 'params': 479627, 'time_iter': 0.01168, 'mae': 0.03158, 'r2': 0.87779, 'spearmanr': 0.93845, 'mse': 0.00393, 'rmse': 0.06271}
val: {'epoch': 133, 'time_epoch': 0.49767, 'loss': 0.07034396, 'lr': 0, 'params': 479627, 'time_iter': 0.00503, 'mae': 0.07034, 'r2': 0.59834, 'spearmanr': 0.81732, 'mse': 0.01442, 'rmse': 0.12007}
test: {'epoch': 133, 'time_epoch': 0.33093, 'loss': 0.0996438, 'lr': 0, 'params': 479627, 'time_iter': 0.00501, 'mae': 0.09964, 'r2': 0.42492, 'spearmanr': 0.76778, 'mse': 0.02339, 'rmse': 0.15295}
> Epoch 133: took 10.7s (avg 10.6s) | Best so far: epoch 31	train_loss: 0.0583 train_mae: 0.0583	val_loss: 0.0572 val_mae: 0.0571	test_loss: 0.0666 test_mae: 0.0666
train: {'epoch': 134, 'time_epoch': 9.77549, 'eta': 3545.62494, 'eta_hours': 0.9849, 'loss': 0.03082561, 'lr': 0.00091646, 'params': 479627, 'time_iter': 0.01157, 'mae': 0.03083, 'r2': 0.87908, 'spearmanr': 0.9405, 'mse': 0.00389, 'rmse': 0.06238}
val: {'epoch': 134, 'time_epoch': 0.50721, 'loss': 0.06782198, 'lr': 0, 'params': 479627, 'time_iter': 0.00512, 'mae': 0.06782, 'r2': 0.6061, 'spearmanr': 0.80385, 'mse': 0.01414, 'rmse': 0.1189}
test: {'epoch': 134, 'time_epoch': 0.33279, 'loss': 0.08615909, 'lr': 0, 'params': 479627, 'time_iter': 0.00504, 'mae': 0.08616, 'r2': 0.50702, 'spearmanr': 0.76533, 'mse': 0.02005, 'rmse': 0.14161}
> Epoch 134: took 10.6s (avg 10.6s) | Best so far: epoch 31	train_loss: 0.0583 train_mae: 0.0583	val_loss: 0.0572 val_mae: 0.0571	test_loss: 0.0666 test_mae: 0.0666
train: {'epoch': 135, 'time_epoch': 9.66741, 'eta': 3535.7861, 'eta_hours': 0.98216, 'loss': 0.03101766, 'lr': 0.00091452, 'params': 479627, 'time_iter': 0.01144, 'mae': 0.03102, 'r2': 0.87716, 'spearmanr': 0.93932, 'mse': 0.00395, 'rmse': 0.06287}
val: {'epoch': 135, 'time_epoch': 0.49767, 'loss': 0.07115111, 'lr': 0, 'params': 479627, 'time_iter': 0.00503, 'mae': 0.07115, 'r2': 0.5819, 'spearmanr': 0.79924, 'mse': 0.01501, 'rmse': 0.1225}
test: {'epoch': 135, 'time_epoch': 0.3312, 'loss': 0.09002936, 'lr': 0, 'params': 479627, 'time_iter': 0.00502, 'mae': 0.09003, 'r2': 0.47367, 'spearmanr': 0.75871, 'mse': 0.02141, 'rmse': 0.14632}
> Epoch 135: took 10.5s (avg 10.6s) | Best so far: epoch 31	train_loss: 0.0583 train_mae: 0.0583	val_loss: 0.0572 val_mae: 0.0571	test_loss: 0.0666 test_mae: 0.0666
train: {'epoch': 136, 'time_epoch': 9.44018, 'eta': 3525.34768, 'eta_hours': 0.97926, 'loss': 0.03051231, 'lr': 0.00091256, 'params': 479627, 'time_iter': 0.01117, 'mae': 0.03051, 'r2': 0.88258, 'spearmanr': 0.94223, 'mse': 0.00378, 'rmse': 0.06147}
val: {'epoch': 136, 'time_epoch': 0.49541, 'loss': 0.07154927, 'lr': 0, 'params': 479627, 'time_iter': 0.005, 'mae': 0.07155, 'r2': 0.59159, 'spearmanr': 0.8163, 'mse': 0.01466, 'rmse': 0.12107}
test: {'epoch': 136, 'time_epoch': 0.32907, 'loss': 0.09238277, 'lr': 0, 'params': 479627, 'time_iter': 0.00499, 'mae': 0.09238, 'r2': 0.47722, 'spearmanr': 0.75562, 'mse': 0.02127, 'rmse': 0.14583}
> Epoch 136: took 10.3s (avg 10.6s) | Best so far: epoch 31	train_loss: 0.0583 train_mae: 0.0583	val_loss: 0.0572 val_mae: 0.0571	test_loss: 0.0666 test_mae: 0.0666
train: {'epoch': 137, 'time_epoch': 9.56595, 'eta': 3515.25365, 'eta_hours': 0.97646, 'loss': 0.03026245, 'lr': 0.00091057, 'params': 479627, 'time_iter': 0.01132, 'mae': 0.03026, 'r2': 0.88417, 'spearmanr': 0.94273, 'mse': 0.00373, 'rmse': 0.06105}
val: {'epoch': 137, 'time_epoch': 0.4958, 'loss': 0.06665945, 'lr': 0, 'params': 479627, 'time_iter': 0.00501, 'mae': 0.06666, 'r2': 0.62138, 'spearmanr': 0.81413, 'mse': 0.01359, 'rmse': 0.11657}
test: {'epoch': 137, 'time_epoch': 0.33159, 'loss': 0.08643805, 'lr': 0, 'params': 479627, 'time_iter': 0.00502, 'mae': 0.08644, 'r2': 0.49765, 'spearmanr': 0.75415, 'mse': 0.02043, 'rmse': 0.14295}
> Epoch 137: took 10.4s (avg 10.6s) | Best so far: epoch 31	train_loss: 0.0583 train_mae: 0.0583	val_loss: 0.0572 val_mae: 0.0571	test_loss: 0.0666 test_mae: 0.0666
train: {'epoch': 138, 'time_epoch': 9.40947, 'eta': 3504.76083, 'eta_hours': 0.97354, 'loss': 0.03026907, 'lr': 0.00090857, 'params': 479627, 'time_iter': 0.01114, 'mae': 0.03027, 'r2': 0.88012, 'spearmanr': 0.94138, 'mse': 0.00386, 'rmse': 0.06211}
val: {'epoch': 138, 'time_epoch': 0.49284, 'loss': 0.0668888, 'lr': 0, 'params': 479627, 'time_iter': 0.00498, 'mae': 0.06689, 'r2': 0.62322, 'spearmanr': 0.816, 'mse': 0.01352, 'rmse': 0.11629}
test: {'epoch': 138, 'time_epoch': 0.32745, 'loss': 0.08678776, 'lr': 0, 'params': 479627, 'time_iter': 0.00496, 'mae': 0.08679, 'r2': 0.51799, 'spearmanr': 0.75884, 'mse': 0.01961, 'rmse': 0.14002}
> Epoch 138: took 10.2s (avg 10.6s) | Best so far: epoch 31	train_loss: 0.0583 train_mae: 0.0583	val_loss: 0.0572 val_mae: 0.0571	test_loss: 0.0666 test_mae: 0.0666
train: {'epoch': 139, 'time_epoch': 9.40508, 'eta': 3494.27217, 'eta_hours': 0.97063, 'loss': 0.02979667, 'lr': 0.00090655, 'params': 479627, 'time_iter': 0.01113, 'mae': 0.0298, 'r2': 0.88529, 'spearmanr': 0.94327, 'mse': 0.00369, 'rmse': 0.06075}
val: {'epoch': 139, 'time_epoch': 0.4963, 'loss': 0.06861088, 'lr': 0, 'params': 479627, 'time_iter': 0.00501, 'mae': 0.06861, 'r2': 0.60165, 'spearmanr': 0.80887, 'mse': 0.0143, 'rmse': 0.11957}
test: {'epoch': 139, 'time_epoch': 0.3285, 'loss': 0.09501664, 'lr': 0, 'params': 479627, 'time_iter': 0.00498, 'mae': 0.09502, 'r2': 0.47229, 'spearmanr': 0.75247, 'mse': 0.02147, 'rmse': 0.14651}
> Epoch 139: took 10.2s (avg 10.6s) | Best so far: epoch 31	train_loss: 0.0583 train_mae: 0.0583	val_loss: 0.0572 val_mae: 0.0571	test_loss: 0.0666 test_mae: 0.0666
train: {'epoch': 140, 'time_epoch': 9.49392, 'eta': 3484.02509, 'eta_hours': 0.96778, 'loss': 0.02998412, 'lr': 0.00090451, 'params': 479627, 'time_iter': 0.01124, 'mae': 0.02998, 'r2': 0.88209, 'spearmanr': 0.94172, 'mse': 0.00379, 'rmse': 0.06159}
val: {'epoch': 140, 'time_epoch': 0.50134, 'loss': 0.06916315, 'lr': 0, 'params': 479627, 'time_iter': 0.00506, 'mae': 0.06916, 'r2': 0.60901, 'spearmanr': 0.81151, 'mse': 0.01403, 'rmse': 0.11846}
test: {'epoch': 140, 'time_epoch': 0.32825, 'loss': 0.09748166, 'lr': 0, 'params': 479627, 'time_iter': 0.00497, 'mae': 0.09748, 'r2': 0.45069, 'spearmanr': 0.73229, 'mse': 0.02234, 'rmse': 0.14948}
> Epoch 140: took 10.3s (avg 10.6s) | Best so far: epoch 31	train_loss: 0.0583 train_mae: 0.0583	val_loss: 0.0572 val_mae: 0.0571	test_loss: 0.0666 test_mae: 0.0666
train: {'epoch': 141, 'time_epoch': 9.43399, 'eta': 3473.63751, 'eta_hours': 0.9649, 'loss': 0.03005131, 'lr': 0.00090245, 'params': 479627, 'time_iter': 0.01116, 'mae': 0.03005, 'r2': 0.88519, 'spearmanr': 0.94344, 'mse': 0.00369, 'rmse': 0.06078}
val: {'epoch': 141, 'time_epoch': 0.49586, 'loss': 0.07158486, 'lr': 0, 'params': 479627, 'time_iter': 0.00501, 'mae': 0.07158, 'r2': 0.58174, 'spearmanr': 0.79306, 'mse': 0.01501, 'rmse': 0.12252}
test: {'epoch': 141, 'time_epoch': 0.3321, 'loss': 0.08887835, 'lr': 0, 'params': 479627, 'time_iter': 0.00503, 'mae': 0.08888, 'r2': 0.49225, 'spearmanr': 0.74494, 'mse': 0.02065, 'rmse': 0.14371}
> Epoch 141: took 10.3s (avg 10.6s) | Best so far: epoch 31	train_loss: 0.0583 train_mae: 0.0583	val_loss: 0.0572 val_mae: 0.0571	test_loss: 0.0666 test_mae: 0.0666
train: {'epoch': 142, 'time_epoch': 9.42454, 'eta': 3463.23969, 'eta_hours': 0.96201, 'loss': 0.0296827, 'lr': 0.00090037, 'params': 479627, 'time_iter': 0.01115, 'mae': 0.02968, 'r2': 0.88564, 'spearmanr': 0.94398, 'mse': 0.00368, 'rmse': 0.06066}
val: {'epoch': 142, 'time_epoch': 0.49445, 'loss': 0.06905565, 'lr': 0, 'params': 479627, 'time_iter': 0.00499, 'mae': 0.06906, 'r2': 0.59073, 'spearmanr': 0.81577, 'mse': 0.01469, 'rmse': 0.1212}
test: {'epoch': 142, 'time_epoch': 0.32956, 'loss': 0.09918867, 'lr': 0, 'params': 479627, 'time_iter': 0.00499, 'mae': 0.09919, 'r2': 0.44233, 'spearmanr': 0.77168, 'mse': 0.02268, 'rmse': 0.15061}
> Epoch 142: took 10.3s (avg 10.6s) | Best so far: epoch 31	train_loss: 0.0583 train_mae: 0.0583	val_loss: 0.0572 val_mae: 0.0571	test_loss: 0.0666 test_mae: 0.0666
train: {'epoch': 143, 'time_epoch': 9.43729, 'eta': 3452.88691, 'eta_hours': 0.95914, 'loss': 0.02972379, 'lr': 0.00089826, 'params': 479627, 'time_iter': 0.01117, 'mae': 0.02972, 'r2': 0.88608, 'spearmanr': 0.94331, 'mse': 0.00367, 'rmse': 0.06055}
val: {'epoch': 143, 'time_epoch': 0.49645, 'loss': 0.06742899, 'lr': 0, 'params': 479627, 'time_iter': 0.00501, 'mae': 0.06743, 'r2': 0.6016, 'spearmanr': 0.80575, 'mse': 0.0143, 'rmse': 0.11958}
test: {'epoch': 143, 'time_epoch': 0.33063, 'loss': 0.08727952, 'lr': 0, 'params': 479627, 'time_iter': 0.00501, 'mae': 0.08728, 'r2': 0.50163, 'spearmanr': 0.74721, 'mse': 0.02027, 'rmse': 0.14238}
> Epoch 143: took 10.3s (avg 10.5s) | Best so far: epoch 31	train_loss: 0.0583 train_mae: 0.0583	val_loss: 0.0572 val_mae: 0.0571	test_loss: 0.0666 test_mae: 0.0666
train: {'epoch': 144, 'time_epoch': 9.42782, 'eta': 3442.52358, 'eta_hours': 0.95626, 'loss': 0.02980941, 'lr': 0.00089614, 'params': 479627, 'time_iter': 0.01116, 'mae': 0.02981, 'r2': 0.88551, 'spearmanr': 0.94374, 'mse': 0.00368, 'rmse': 0.0607}
val: {'epoch': 144, 'time_epoch': 0.49496, 'loss': 0.06973044, 'lr': 0, 'params': 479627, 'time_iter': 0.005, 'mae': 0.06973, 'r2': 0.58706, 'spearmanr': 0.79415, 'mse': 0.01482, 'rmse': 0.12174}
test: {'epoch': 144, 'time_epoch': 0.33043, 'loss': 0.10116842, 'lr': 0, 'params': 479627, 'time_iter': 0.00501, 'mae': 0.10117, 'r2': 0.40038, 'spearmanr': 0.7295, 'mse': 0.02439, 'rmse': 0.15617}
> Epoch 144: took 10.3s (avg 10.5s) | Best so far: epoch 31	train_loss: 0.0583 train_mae: 0.0583	val_loss: 0.0572 val_mae: 0.0571	test_loss: 0.0666 test_mae: 0.0666
train: {'epoch': 145, 'time_epoch': 9.54602, 'eta': 3432.45965, 'eta_hours': 0.95346, 'loss': 0.02934704, 'lr': 0.00089401, 'params': 479627, 'time_iter': 0.0113, 'mae': 0.02935, 'r2': 0.88797, 'spearmanr': 0.9452, 'mse': 0.0036, 'rmse': 0.06004}
val: {'epoch': 145, 'time_epoch': 0.4948, 'loss': 0.06855818, 'lr': 0, 'params': 479627, 'time_iter': 0.005, 'mae': 0.06856, 'r2': 0.609, 'spearmanr': 0.80435, 'mse': 0.01403, 'rmse': 0.11846}
test: {'epoch': 145, 'time_epoch': 0.32486, 'loss': 0.0924061, 'lr': 0, 'params': 479627, 'time_iter': 0.00492, 'mae': 0.09241, 'r2': 0.49539, 'spearmanr': 0.75252, 'mse': 0.02053, 'rmse': 0.14327}
> Epoch 145: took 10.4s (avg 10.5s) | Best so far: epoch 31	train_loss: 0.0583 train_mae: 0.0583	val_loss: 0.0572 val_mae: 0.0571	test_loss: 0.0666 test_mae: 0.0666
train: {'epoch': 146, 'time_epoch': 9.67546, 'eta': 3422.71361, 'eta_hours': 0.95075, 'loss': 0.02887593, 'lr': 0.00089185, 'params': 479627, 'time_iter': 0.01145, 'mae': 0.02888, 'r2': 0.89005, 'spearmanr': 0.94564, 'mse': 0.00354, 'rmse': 0.05948}
val: {'epoch': 146, 'time_epoch': 0.4875, 'loss': 0.0715914, 'lr': 0, 'params': 479627, 'time_iter': 0.00492, 'mae': 0.07159, 'r2': 0.57356, 'spearmanr': 0.79027, 'mse': 0.01531, 'rmse': 0.12371}
test: {'epoch': 146, 'time_epoch': 0.33073, 'loss': 0.09833919, 'lr': 0, 'params': 479627, 'time_iter': 0.00501, 'mae': 0.09834, 'r2': 0.42432, 'spearmanr': 0.73186, 'mse': 0.02342, 'rmse': 0.15303}
> Epoch 146: took 10.5s (avg 10.5s) | Best so far: epoch 31	train_loss: 0.0583 train_mae: 0.0583	val_loss: 0.0572 val_mae: 0.0571	test_loss: 0.0666 test_mae: 0.0666
train: {'epoch': 147, 'time_epoch': 10.04081, 'eta': 3413.83744, 'eta_hours': 0.94829, 'loss': 0.02928303, 'lr': 0.00088967, 'params': 479627, 'time_iter': 0.01188, 'mae': 0.02928, 'r2': 0.88707, 'spearmanr': 0.94474, 'mse': 0.00363, 'rmse': 0.06028}
val: {'epoch': 147, 'time_epoch': 0.49181, 'loss': 0.07091366, 'lr': 0, 'params': 479627, 'time_iter': 0.00497, 'mae': 0.07091, 'r2': 0.59218, 'spearmanr': 0.8164, 'mse': 0.01464, 'rmse': 0.12098}
test: {'epoch': 147, 'time_epoch': 0.32939, 'loss': 0.0964729, 'lr': 0, 'params': 479627, 'time_iter': 0.00499, 'mae': 0.09647, 'r2': 0.45453, 'spearmanr': 0.75787, 'mse': 0.02219, 'rmse': 0.14896}
> Epoch 147: took 10.9s (avg 10.5s) | Best so far: epoch 31	train_loss: 0.0583 train_mae: 0.0583	val_loss: 0.0572 val_mae: 0.0571	test_loss: 0.0666 test_mae: 0.0666
train: {'epoch': 148, 'time_epoch': 9.4248, 'eta': 3403.49452, 'eta_hours': 0.94542, 'loss': 0.0289495, 'lr': 0.00088747, 'params': 479627, 'time_iter': 0.01115, 'mae': 0.02895, 'r2': 0.88968, 'spearmanr': 0.94505, 'mse': 0.00355, 'rmse': 0.05958}
val: {'epoch': 148, 'time_epoch': 0.49134, 'loss': 0.07415616, 'lr': 0, 'params': 479627, 'time_iter': 0.00496, 'mae': 0.07416, 'r2': 0.58032, 'spearmanr': 0.80549, 'mse': 0.01506, 'rmse': 0.12273}
test: {'epoch': 148, 'time_epoch': 0.32967, 'loss': 0.10065654, 'lr': 0, 'params': 479627, 'time_iter': 0.00499, 'mae': 0.10066, 'r2': 0.44235, 'spearmanr': 0.7455, 'mse': 0.02268, 'rmse': 0.15061}
> Epoch 148: took 10.3s (avg 10.5s) | Best so far: epoch 31	train_loss: 0.0583 train_mae: 0.0583	val_loss: 0.0572 val_mae: 0.0571	test_loss: 0.0666 test_mae: 0.0666
train: {'epoch': 149, 'time_epoch': 9.43122, 'eta': 3393.17881, 'eta_hours': 0.94255, 'loss': 0.02897758, 'lr': 0.00088526, 'params': 479627, 'time_iter': 0.01116, 'mae': 0.02898, 'r2': 0.88995, 'spearmanr': 0.94529, 'mse': 0.00354, 'rmse': 0.05951}
val: {'epoch': 149, 'time_epoch': 0.49702, 'loss': 0.06815908, 'lr': 0, 'params': 479627, 'time_iter': 0.00502, 'mae': 0.06816, 'r2': 0.60935, 'spearmanr': 0.81121, 'mse': 0.01402, 'rmse': 0.11841}
test: {'epoch': 149, 'time_epoch': 0.32979, 'loss': 0.09061292, 'lr': 0, 'params': 479627, 'time_iter': 0.005, 'mae': 0.09061, 'r2': 0.48647, 'spearmanr': 0.75443, 'mse': 0.02089, 'rmse': 0.14453}
> Epoch 149: took 10.3s (avg 10.5s) | Best so far: epoch 31	train_loss: 0.0583 train_mae: 0.0583	val_loss: 0.0572 val_mae: 0.0571	test_loss: 0.0666 test_mae: 0.0666
train: {'epoch': 150, 'time_epoch': 9.46064, 'eta': 3382.94281, 'eta_hours': 0.93971, 'loss': 0.02887948, 'lr': 0.00088302, 'params': 479627, 'time_iter': 0.0112, 'mae': 0.02888, 'r2': 0.88954, 'spearmanr': 0.946, 'mse': 0.00355, 'rmse': 0.05962}
val: {'epoch': 150, 'time_epoch': 0.49543, 'loss': 0.07342838, 'lr': 0, 'params': 479627, 'time_iter': 0.005, 'mae': 0.07343, 'r2': 0.56477, 'spearmanr': 0.79336, 'mse': 0.01562, 'rmse': 0.12498}
test: {'epoch': 150, 'time_epoch': 0.33133, 'loss': 0.09348368, 'lr': 0, 'params': 479627, 'time_iter': 0.00502, 'mae': 0.09348, 'r2': 0.45194, 'spearmanr': 0.73193, 'mse': 0.02229, 'rmse': 0.14931}
> Epoch 150: took 10.3s (avg 10.5s) | Best so far: epoch 31	train_loss: 0.0583 train_mae: 0.0583	val_loss: 0.0572 val_mae: 0.0571	test_loss: 0.0666 test_mae: 0.0666
train: {'epoch': 151, 'time_epoch': 9.94539, 'eta': 3373.82684, 'eta_hours': 0.93717, 'loss': 0.02876713, 'lr': 0.00088077, 'params': 479627, 'time_iter': 0.01177, 'mae': 0.02877, 'r2': 0.88978, 'spearmanr': 0.94558, 'mse': 0.00355, 'rmse': 0.05955}
val: {'epoch': 151, 'time_epoch': 0.48991, 'loss': 0.07037245, 'lr': 0, 'params': 479627, 'time_iter': 0.00495, 'mae': 0.07037, 'r2': 0.60093, 'spearmanr': 0.79962, 'mse': 0.01432, 'rmse': 0.11968}
test: {'epoch': 151, 'time_epoch': 0.32566, 'loss': 0.09035862, 'lr': 0, 'params': 479627, 'time_iter': 0.00493, 'mae': 0.09036, 'r2': 0.50189, 'spearmanr': 0.75486, 'mse': 0.02026, 'rmse': 0.14234}
> Epoch 151: took 10.8s (avg 10.5s) | Best so far: epoch 31	train_loss: 0.0583 train_mae: 0.0583	val_loss: 0.0572 val_mae: 0.0571	test_loss: 0.0666 test_mae: 0.0666
train: {'epoch': 152, 'time_epoch': 10.29984, 'eta': 3365.50391, 'eta_hours': 0.93486, 'loss': 0.02840473, 'lr': 0.0008785, 'params': 479627, 'time_iter': 0.01219, 'mae': 0.0284, 'r2': 0.89119, 'spearmanr': 0.94717, 'mse': 0.0035, 'rmse': 0.05917}
val: {'epoch': 152, 'time_epoch': 0.50497, 'loss': 0.07066915, 'lr': 0, 'params': 479627, 'time_iter': 0.0051, 'mae': 0.07067, 'r2': 0.58781, 'spearmanr': 0.80607, 'mse': 0.01479, 'rmse': 0.12163}
test: {'epoch': 152, 'time_epoch': 0.33508, 'loss': 0.10016654, 'lr': 0, 'params': 479627, 'time_iter': 0.00508, 'mae': 0.10017, 'r2': 0.40316, 'spearmanr': 0.73314, 'mse': 0.02428, 'rmse': 0.15581}
> Epoch 152: took 11.2s (avg 10.5s) | Best so far: epoch 31	train_loss: 0.0583 train_mae: 0.0583	val_loss: 0.0572 val_mae: 0.0571	test_loss: 0.0666 test_mae: 0.0666
train: {'epoch': 153, 'time_epoch': 9.64207, 'eta': 3355.67745, 'eta_hours': 0.93213, 'loss': 0.02888473, 'lr': 0.00087621, 'params': 479627, 'time_iter': 0.01141, 'mae': 0.02888, 'r2': 0.89003, 'spearmanr': 0.94639, 'mse': 0.00354, 'rmse': 0.05949}
val: {'epoch': 153, 'time_epoch': 0.49585, 'loss': 0.06939324, 'lr': 0, 'params': 479627, 'time_iter': 0.00501, 'mae': 0.06939, 'r2': 0.60433, 'spearmanr': 0.80924, 'mse': 0.0142, 'rmse': 0.11917}
test: {'epoch': 153, 'time_epoch': 0.33092, 'loss': 0.09849761, 'lr': 0, 'params': 479627, 'time_iter': 0.00501, 'mae': 0.0985, 'r2': 0.42064, 'spearmanr': 0.74003, 'mse': 0.02357, 'rmse': 0.15351}
> Epoch 153: took 10.5s (avg 10.5s) | Best so far: epoch 31	train_loss: 0.0583 train_mae: 0.0583	val_loss: 0.0572 val_mae: 0.0571	test_loss: 0.0666 test_mae: 0.0666
train: {'epoch': 154, 'time_epoch': 9.41499, 'eta': 3345.34794, 'eta_hours': 0.92926, 'loss': 0.02858929, 'lr': 0.0008739, 'params': 479627, 'time_iter': 0.01114, 'mae': 0.02859, 'r2': 0.89245, 'spearmanr': 0.94771, 'mse': 0.00346, 'rmse': 0.05883}
val: {'epoch': 154, 'time_epoch': 0.49677, 'loss': 0.06917593, 'lr': 0, 'params': 479627, 'time_iter': 0.00502, 'mae': 0.06918, 'r2': 0.61259, 'spearmanr': 0.80637, 'mse': 0.0139, 'rmse': 0.11792}
test: {'epoch': 154, 'time_epoch': 0.32982, 'loss': 0.09248402, 'lr': 0, 'params': 479627, 'time_iter': 0.005, 'mae': 0.09248, 'r2': 0.47565, 'spearmanr': 0.73996, 'mse': 0.02133, 'rmse': 0.14604}
> Epoch 154: took 10.3s (avg 10.5s) | Best so far: epoch 31	train_loss: 0.0583 train_mae: 0.0583	val_loss: 0.0572 val_mae: 0.0571	test_loss: 0.0666 test_mae: 0.0666
train: {'epoch': 155, 'time_epoch': 9.77002, 'eta': 3335.81304, 'eta_hours': 0.92661, 'loss': 0.02776816, 'lr': 0.00087157, 'params': 479627, 'time_iter': 0.01156, 'mae': 0.02777, 'r2': 0.89294, 'spearmanr': 0.94925, 'mse': 0.00344, 'rmse': 0.05869}
val: {'epoch': 155, 'time_epoch': 0.49347, 'loss': 0.06970598, 'lr': 0, 'params': 479627, 'time_iter': 0.00498, 'mae': 0.06971, 'r2': 0.60409, 'spearmanr': 0.79954, 'mse': 0.01421, 'rmse': 0.1192}
test: {'epoch': 155, 'time_epoch': 0.32643, 'loss': 0.09477215, 'lr': 0, 'params': 479627, 'time_iter': 0.00495, 'mae': 0.09477, 'r2': 0.474, 'spearmanr': 0.72153, 'mse': 0.0214, 'rmse': 0.14627}
> Epoch 155: took 10.6s (avg 10.5s) | Best so far: epoch 31	train_loss: 0.0583 train_mae: 0.0583	val_loss: 0.0572 val_mae: 0.0571	test_loss: 0.0666 test_mae: 0.0666
train: {'epoch': 156, 'time_epoch': 9.38854, 'eta': 3325.44173, 'eta_hours': 0.92373, 'loss': 0.02845063, 'lr': 0.00086923, 'params': 479627, 'time_iter': 0.01111, 'mae': 0.02845, 'r2': 0.89062, 'spearmanr': 0.94688, 'mse': 0.00352, 'rmse': 0.05933}
val: {'epoch': 156, 'time_epoch': 0.49592, 'loss': 0.06987352, 'lr': 0, 'params': 479627, 'time_iter': 0.00501, 'mae': 0.06987, 'r2': 0.60232, 'spearmanr': 0.80311, 'mse': 0.01427, 'rmse': 0.11947}
test: {'epoch': 156, 'time_epoch': 0.32887, 'loss': 0.09151828, 'lr': 0, 'params': 479627, 'time_iter': 0.00498, 'mae': 0.09152, 'r2': 0.48355, 'spearmanr': 0.73535, 'mse': 0.02101, 'rmse': 0.14494}
> Epoch 156: took 10.2s (avg 10.5s) | Best so far: epoch 31	train_loss: 0.0583 train_mae: 0.0583	val_loss: 0.0572 val_mae: 0.0571	test_loss: 0.0666 test_mae: 0.0666
train: {'epoch': 157, 'time_epoch': 9.39772, 'eta': 3315.10273, 'eta_hours': 0.92086, 'loss': 0.02821506, 'lr': 0.00086686, 'params': 479627, 'time_iter': 0.01112, 'mae': 0.02822, 'r2': 0.894, 'spearmanr': 0.94813, 'mse': 0.00341, 'rmse': 0.0584}
val: {'epoch': 157, 'time_epoch': 0.49109, 'loss': 0.07271632, 'lr': 0, 'params': 479627, 'time_iter': 0.00496, 'mae': 0.07272, 'r2': 0.58687, 'spearmanr': 0.80136, 'mse': 0.01483, 'rmse': 0.12177}
test: {'epoch': 157, 'time_epoch': 0.32646, 'loss': 0.10487578, 'lr': 0, 'params': 479627, 'time_iter': 0.00495, 'mae': 0.10488, 'r2': 0.39883, 'spearmanr': 0.73679, 'mse': 0.02445, 'rmse': 0.15638}
> Epoch 157: took 10.2s (avg 10.5s) | Best so far: epoch 31	train_loss: 0.0583 train_mae: 0.0583	val_loss: 0.0572 val_mae: 0.0571	test_loss: 0.0666 test_mae: 0.0666
train: {'epoch': 158, 'time_epoch': 9.50382, 'eta': 3305.00312, 'eta_hours': 0.91806, 'loss': 0.02815143, 'lr': 0.00086448, 'params': 479627, 'time_iter': 0.01125, 'mae': 0.02815, 'r2': 0.8923, 'spearmanr': 0.94827, 'mse': 0.00347, 'rmse': 0.05887}
val: {'epoch': 158, 'time_epoch': 0.49553, 'loss': 0.07069321, 'lr': 0, 'params': 479627, 'time_iter': 0.00501, 'mae': 0.07069, 'r2': 0.58721, 'spearmanr': 0.79875, 'mse': 0.01482, 'rmse': 0.12172}
test: {'epoch': 158, 'time_epoch': 0.32945, 'loss': 0.0934281, 'lr': 0, 'params': 479627, 'time_iter': 0.00499, 'mae': 0.09343, 'r2': 0.46767, 'spearmanr': 0.72747, 'mse': 0.02165, 'rmse': 0.14715}
> Epoch 158: took 10.3s (avg 10.5s) | Best so far: epoch 31	train_loss: 0.0583 train_mae: 0.0583	val_loss: 0.0572 val_mae: 0.0571	test_loss: 0.0666 test_mae: 0.0666
train: {'epoch': 159, 'time_epoch': 9.49797, 'eta': 3294.89851, 'eta_hours': 0.91525, 'loss': 0.02793595, 'lr': 0.00086209, 'params': 479627, 'time_iter': 0.01124, 'mae': 0.02794, 'r2': 0.89283, 'spearmanr': 0.94818, 'mse': 0.00345, 'rmse': 0.05872}
val: {'epoch': 159, 'time_epoch': 0.49157, 'loss': 0.06966782, 'lr': 0, 'params': 479627, 'time_iter': 0.00497, 'mae': 0.06967, 'r2': 0.59523, 'spearmanr': 0.80329, 'mse': 0.01453, 'rmse': 0.12053}
test: {'epoch': 159, 'time_epoch': 0.32532, 'loss': 0.09255292, 'lr': 0, 'params': 479627, 'time_iter': 0.00493, 'mae': 0.09255, 'r2': 0.46529, 'spearmanr': 0.72216, 'mse': 0.02175, 'rmse': 0.14748}
> Epoch 159: took 10.3s (avg 10.5s) | Best so far: epoch 31	train_loss: 0.0583 train_mae: 0.0583	val_loss: 0.0572 val_mae: 0.0571	test_loss: 0.0666 test_mae: 0.0666
train: {'epoch': 160, 'time_epoch': 9.41088, 'eta': 3284.61808, 'eta_hours': 0.91239, 'loss': 0.02803464, 'lr': 0.00085967, 'params': 479627, 'time_iter': 0.01114, 'mae': 0.02803, 'r2': 0.89281, 'spearmanr': 0.94773, 'mse': 0.00345, 'rmse': 0.05873}
val: {'epoch': 160, 'time_epoch': 0.49595, 'loss': 0.07248466, 'lr': 0, 'params': 479627, 'time_iter': 0.00501, 'mae': 0.07248, 'r2': 0.58228, 'spearmanr': 0.80217, 'mse': 0.01499, 'rmse': 0.12244}
test: {'epoch': 160, 'time_epoch': 0.32904, 'loss': 0.09584702, 'lr': 0, 'params': 479627, 'time_iter': 0.00499, 'mae': 0.09585, 'r2': 0.43904, 'spearmanr': 0.7053, 'mse': 0.02282, 'rmse': 0.15106}
> Epoch 160: took 10.3s (avg 10.5s) | Best so far: epoch 31	train_loss: 0.0583 train_mae: 0.0583	val_loss: 0.0572 val_mae: 0.0571	test_loss: 0.0666 test_mae: 0.0666
train: {'epoch': 161, 'time_epoch': 9.42831, 'eta': 3274.38473, 'eta_hours': 0.90955, 'loss': 0.02777901, 'lr': 0.00085724, 'params': 479627, 'time_iter': 0.01116, 'mae': 0.02778, 'r2': 0.89343, 'spearmanr': 0.94834, 'mse': 0.00343, 'rmse': 0.05856}
val: {'epoch': 161, 'time_epoch': 0.49606, 'loss': 0.0705118, 'lr': 0, 'params': 479627, 'time_iter': 0.00501, 'mae': 0.07051, 'r2': 0.59782, 'spearmanr': 0.80403, 'mse': 0.01443, 'rmse': 0.12014}
test: {'epoch': 161, 'time_epoch': 0.32885, 'loss': 0.09790529, 'lr': 0, 'params': 479627, 'time_iter': 0.00498, 'mae': 0.09791, 'r2': 0.44767, 'spearmanr': 0.74625, 'mse': 0.02247, 'rmse': 0.14989}
> Epoch 161: took 10.3s (avg 10.5s) | Best so far: epoch 31	train_loss: 0.0583 train_mae: 0.0583	val_loss: 0.0572 val_mae: 0.0571	test_loss: 0.0666 test_mae: 0.0666
train: {'epoch': 162, 'time_epoch': 9.92462, 'eta': 3265.18738, 'eta_hours': 0.907, 'loss': 0.02722567, 'lr': 0.00085479, 'params': 479627, 'time_iter': 0.01175, 'mae': 0.02723, 'r2': 0.8975, 'spearmanr': 0.95034, 'mse': 0.0033, 'rmse': 0.05743}
val: {'epoch': 162, 'time_epoch': 0.49324, 'loss': 0.07823814, 'lr': 0, 'params': 479627, 'time_iter': 0.00498, 'mae': 0.07824, 'r2': 0.54202, 'spearmanr': 0.80382, 'mse': 0.01644, 'rmse': 0.12821}
test: {'epoch': 162, 'time_epoch': 0.32762, 'loss': 0.11604823, 'lr': 0, 'params': 479627, 'time_iter': 0.00496, 'mae': 0.11605, 'r2': 0.29772, 'spearmanr': 0.71954, 'mse': 0.02857, 'rmse': 0.16902}
> Epoch 162: took 10.8s (avg 10.5s) | Best so far: epoch 31	train_loss: 0.0583 train_mae: 0.0583	val_loss: 0.0572 val_mae: 0.0571	test_loss: 0.0666 test_mae: 0.0666
train: {'epoch': 163, 'time_epoch': 9.71521, 'eta': 3255.55214, 'eta_hours': 0.90432, 'loss': 0.02739919, 'lr': 0.00085232, 'params': 479627, 'time_iter': 0.0115, 'mae': 0.0274, 'r2': 0.89666, 'spearmanr': 0.95028, 'mse': 0.00333, 'rmse': 0.05767}
val: {'epoch': 163, 'time_epoch': 0.4951, 'loss': 0.07141155, 'lr': 0, 'params': 479627, 'time_iter': 0.005, 'mae': 0.07141, 'r2': 0.59096, 'spearmanr': 0.7961, 'mse': 0.01468, 'rmse': 0.12116}
test: {'epoch': 163, 'time_epoch': 0.32912, 'loss': 0.09641628, 'lr': 0, 'params': 479627, 'time_iter': 0.00499, 'mae': 0.09642, 'r2': 0.44601, 'spearmanr': 0.72468, 'mse': 0.02253, 'rmse': 0.15012}
> Epoch 163: took 10.6s (avg 10.5s) | Best so far: epoch 31	train_loss: 0.0583 train_mae: 0.0583	val_loss: 0.0572 val_mae: 0.0571	test_loss: 0.0666 test_mae: 0.0666
train: {'epoch': 164, 'time_epoch': 9.90444, 'eta': 3246.30012, 'eta_hours': 0.90175, 'loss': 0.02716885, 'lr': 0.00084983, 'params': 479627, 'time_iter': 0.01172, 'mae': 0.02717, 'r2': 0.89789, 'spearmanr': 0.95081, 'mse': 0.00329, 'rmse': 0.05732}
val: {'epoch': 164, 'time_epoch': 0.49295, 'loss': 0.07085794, 'lr': 0, 'params': 479627, 'time_iter': 0.00498, 'mae': 0.07086, 'r2': 0.57292, 'spearmanr': 0.80347, 'mse': 0.01533, 'rmse': 0.12381}
test: {'epoch': 164, 'time_epoch': 0.32948, 'loss': 0.09376132, 'lr': 0, 'params': 479627, 'time_iter': 0.00499, 'mae': 0.09376, 'r2': 0.45228, 'spearmanr': 0.73204, 'mse': 0.02228, 'rmse': 0.14926}
> Epoch 164: took 10.7s (avg 10.5s) | Best so far: epoch 31	train_loss: 0.0583 train_mae: 0.0583	val_loss: 0.0572 val_mae: 0.0571	test_loss: 0.0666 test_mae: 0.0666
train: {'epoch': 165, 'time_epoch': 9.82565, 'eta': 3236.8817, 'eta_hours': 0.89913, 'loss': 0.02710335, 'lr': 0.00084733, 'params': 479627, 'time_iter': 0.01163, 'mae': 0.0271, 'r2': 0.89985, 'spearmanr': 0.95166, 'mse': 0.00322, 'rmse': 0.05677}
val: {'epoch': 165, 'time_epoch': 0.49701, 'loss': 0.07072298, 'lr': 0, 'params': 479627, 'time_iter': 0.00502, 'mae': 0.07072, 'r2': 0.58504, 'spearmanr': 0.80037, 'mse': 0.01489, 'rmse': 0.12204}
test: {'epoch': 165, 'time_epoch': 0.32893, 'loss': 0.09740564, 'lr': 0, 'params': 479627, 'time_iter': 0.00498, 'mae': 0.09741, 'r2': 0.42493, 'spearmanr': 0.72212, 'mse': 0.02339, 'rmse': 0.15294}
> Epoch 165: took 10.7s (avg 10.5s) | Best so far: epoch 31	train_loss: 0.0583 train_mae: 0.0583	val_loss: 0.0572 val_mae: 0.0571	test_loss: 0.0666 test_mae: 0.0666
train: {'epoch': 166, 'time_epoch': 10.03721, 'eta': 3227.88026, 'eta_hours': 0.89663, 'loss': 0.02683268, 'lr': 0.00084481, 'params': 479627, 'time_iter': 0.01188, 'mae': 0.02683, 'r2': 0.89891, 'spearmanr': 0.9516, 'mse': 0.00325, 'rmse': 0.05703}
val: {'epoch': 166, 'time_epoch': 0.49849, 'loss': 0.07296599, 'lr': 0, 'params': 479627, 'time_iter': 0.00504, 'mae': 0.07297, 'r2': 0.57174, 'spearmanr': 0.79185, 'mse': 0.01537, 'rmse': 0.12398}
test: {'epoch': 166, 'time_epoch': 0.33076, 'loss': 0.09327745, 'lr': 0, 'params': 479627, 'time_iter': 0.00501, 'mae': 0.09328, 'r2': 0.4628, 'spearmanr': 0.72468, 'mse': 0.02185, 'rmse': 0.14782}
> Epoch 166: took 10.9s (avg 10.5s) | Best so far: epoch 31	train_loss: 0.0583 train_mae: 0.0583	val_loss: 0.0572 val_mae: 0.0571	test_loss: 0.0666 test_mae: 0.0666
train: {'epoch': 167, 'time_epoch': 9.42734, 'eta': 3217.66126, 'eta_hours': 0.89379, 'loss': 0.02661334, 'lr': 0.00084227, 'params': 479627, 'time_iter': 0.01116, 'mae': 0.02661, 'r2': 0.90004, 'spearmanr': 0.95103, 'mse': 0.00322, 'rmse': 0.05671}
val: {'epoch': 167, 'time_epoch': 0.50315, 'loss': 0.06947249, 'lr': 0, 'params': 479627, 'time_iter': 0.00508, 'mae': 0.06947, 'r2': 0.59924, 'spearmanr': 0.80638, 'mse': 0.01438, 'rmse': 0.11993}
test: {'epoch': 167, 'time_epoch': 0.33476, 'loss': 0.09486067, 'lr': 0, 'params': 479627, 'time_iter': 0.00507, 'mae': 0.09486, 'r2': 0.45683, 'spearmanr': 0.73043, 'mse': 0.02209, 'rmse': 0.14864}
> Epoch 167: took 10.3s (avg 10.5s) | Best so far: epoch 31	train_loss: 0.0583 train_mae: 0.0583	val_loss: 0.0572 val_mae: 0.0571	test_loss: 0.0666 test_mae: 0.0666
train: {'epoch': 168, 'time_epoch': 9.70442, 'eta': 3207.99433, 'eta_hours': 0.89111, 'loss': 0.02691398, 'lr': 0.00083972, 'params': 479627, 'time_iter': 0.01148, 'mae': 0.02691, 'r2': 0.8993, 'spearmanr': 0.95221, 'mse': 0.00324, 'rmse': 0.05692}
val: {'epoch': 168, 'time_epoch': 0.506, 'loss': 0.07233922, 'lr': 0, 'params': 479627, 'time_iter': 0.00511, 'mae': 0.07234, 'r2': 0.5773, 'spearmanr': 0.8074, 'mse': 0.01517, 'rmse': 0.12317}
test: {'epoch': 168, 'time_epoch': 0.33702, 'loss': 0.09953661, 'lr': 0, 'params': 479627, 'time_iter': 0.00511, 'mae': 0.09954, 'r2': 0.42651, 'spearmanr': 0.73438, 'mse': 0.02333, 'rmse': 0.15273}
> Epoch 168: took 10.6s (avg 10.5s) | Best so far: epoch 31	train_loss: 0.0583 train_mae: 0.0583	val_loss: 0.0572 val_mae: 0.0571	test_loss: 0.0666 test_mae: 0.0666
train: {'epoch': 169, 'time_epoch': 9.55992, 'eta': 3198.04644, 'eta_hours': 0.88835, 'loss': 0.02685779, 'lr': 0.00083715, 'params': 479627, 'time_iter': 0.01131, 'mae': 0.02686, 'r2': 0.897, 'spearmanr': 0.95123, 'mse': 0.00331, 'rmse': 0.05757}
val: {'epoch': 169, 'time_epoch': 0.49369, 'loss': 0.07777608, 'lr': 0, 'params': 479627, 'time_iter': 0.00499, 'mae': 0.07778, 'r2': 0.54474, 'spearmanr': 0.785, 'mse': 0.01634, 'rmse': 0.12783}
test: {'epoch': 169, 'time_epoch': 0.32716, 'loss': 0.10403023, 'lr': 0, 'params': 479627, 'time_iter': 0.00496, 'mae': 0.10403, 'r2': 0.37722, 'spearmanr': 0.67404, 'mse': 0.02533, 'rmse': 0.15916}
> Epoch 169: took 10.4s (avg 10.5s) | Best so far: epoch 31	train_loss: 0.0583 train_mae: 0.0583	val_loss: 0.0572 val_mae: 0.0571	test_loss: 0.0666 test_mae: 0.0666
train: {'epoch': 170, 'time_epoch': 9.4728, 'eta': 3187.93548, 'eta_hours': 0.88554, 'loss': 0.02665505, 'lr': 0.00083457, 'params': 479627, 'time_iter': 0.01121, 'mae': 0.02666, 'r2': 0.89888, 'spearmanr': 0.95169, 'mse': 0.00325, 'rmse': 0.05704}
val: {'epoch': 170, 'time_epoch': 0.49602, 'loss': 0.0704694, 'lr': 0, 'params': 479627, 'time_iter': 0.00501, 'mae': 0.07047, 'r2': 0.58717, 'spearmanr': 0.80181, 'mse': 0.01482, 'rmse': 0.12172}
test: {'epoch': 170, 'time_epoch': 0.33204, 'loss': 0.09619795, 'lr': 0, 'params': 479627, 'time_iter': 0.00503, 'mae': 0.0962, 'r2': 0.4357, 'spearmanr': 0.71217, 'mse': 0.02295, 'rmse': 0.15151}
> Epoch 170: took 10.3s (avg 10.5s) | Best so far: epoch 31	train_loss: 0.0583 train_mae: 0.0583	val_loss: 0.0572 val_mae: 0.0571	test_loss: 0.0666 test_mae: 0.0666
train: {'epoch': 171, 'time_epoch': 9.71551, 'eta': 3178.29479, 'eta_hours': 0.88286, 'loss': 0.0266, 'lr': 0.00083196, 'params': 479627, 'time_iter': 0.0115, 'mae': 0.0266, 'r2': 0.90099, 'spearmanr': 0.95231, 'mse': 0.00319, 'rmse': 0.05644}
val: {'epoch': 171, 'time_epoch': 0.49707, 'loss': 0.07442907, 'lr': 0, 'params': 479627, 'time_iter': 0.00502, 'mae': 0.07443, 'r2': 0.56053, 'spearmanr': 0.79244, 'mse': 0.01577, 'rmse': 0.12559}
test: {'epoch': 171, 'time_epoch': 0.33002, 'loss': 0.10069013, 'lr': 0, 'params': 479627, 'time_iter': 0.005, 'mae': 0.10069, 'r2': 0.39378, 'spearmanr': 0.71756, 'mse': 0.02466, 'rmse': 0.15703}
> Epoch 171: took 10.6s (avg 10.5s) | Best so far: epoch 31	train_loss: 0.0583 train_mae: 0.0583	val_loss: 0.0572 val_mae: 0.0571	test_loss: 0.0666 test_mae: 0.0666
train: {'epoch': 172, 'time_epoch': 9.42504, 'eta': 3168.10419, 'eta_hours': 0.88003, 'loss': 0.02641627, 'lr': 0.00082934, 'params': 479627, 'time_iter': 0.01115, 'mae': 0.02642, 'r2': 0.90132, 'spearmanr': 0.9532, 'mse': 0.00318, 'rmse': 0.05635}
val: {'epoch': 172, 'time_epoch': 0.49586, 'loss': 0.0711496, 'lr': 0, 'params': 479627, 'time_iter': 0.00501, 'mae': 0.07115, 'r2': 0.57635, 'spearmanr': 0.7933, 'mse': 0.0152, 'rmse': 0.12331}
test: {'epoch': 172, 'time_epoch': 0.3296, 'loss': 0.09417041, 'lr': 0, 'params': 479627, 'time_iter': 0.00499, 'mae': 0.09417, 'r2': 0.45021, 'spearmanr': 0.73281, 'mse': 0.02236, 'rmse': 0.14954}
> Epoch 172: took 10.3s (avg 10.5s) | Best so far: epoch 31	train_loss: 0.0583 train_mae: 0.0583	val_loss: 0.0572 val_mae: 0.0571	test_loss: 0.0666 test_mae: 0.0666
train: {'epoch': 173, 'time_epoch': 9.85231, 'eta': 3158.7229, 'eta_hours': 0.87742, 'loss': 0.0265015, 'lr': 0.00082671, 'params': 479627, 'time_iter': 0.01166, 'mae': 0.0265, 'r2': 0.90071, 'spearmanr': 0.95313, 'mse': 0.00319, 'rmse': 0.05652}
val: {'epoch': 173, 'time_epoch': 0.49527, 'loss': 0.07115682, 'lr': 0, 'params': 479627, 'time_iter': 0.005, 'mae': 0.07116, 'r2': 0.56815, 'spearmanr': 0.79726, 'mse': 0.0155, 'rmse': 0.1245}
test: {'epoch': 173, 'time_epoch': 0.32842, 'loss': 0.08943545, 'lr': 0, 'params': 479627, 'time_iter': 0.00498, 'mae': 0.08944, 'r2': 0.46862, 'spearmanr': 0.73572, 'mse': 0.02161, 'rmse': 0.14702}
> Epoch 173: took 10.7s (avg 10.5s) | Best so far: epoch 31	train_loss: 0.0583 train_mae: 0.0583	val_loss: 0.0572 val_mae: 0.0571	test_loss: 0.0666 test_mae: 0.0666
train: {'epoch': 174, 'time_epoch': 9.8929, 'eta': 3149.41163, 'eta_hours': 0.87484, 'loss': 0.02606792, 'lr': 0.00082406, 'params': 479627, 'time_iter': 0.01171, 'mae': 0.02607, 'r2': 0.90532, 'spearmanr': 0.95506, 'mse': 0.00305, 'rmse': 0.05519}
val: {'epoch': 174, 'time_epoch': 0.49155, 'loss': 0.07366142, 'lr': 0, 'params': 479627, 'time_iter': 0.00497, 'mae': 0.07366, 'r2': 0.56921, 'spearmanr': 0.78116, 'mse': 0.01546, 'rmse': 0.12434}
test: {'epoch': 174, 'time_epoch': 0.32692, 'loss': 0.09550155, 'lr': 0, 'params': 479627, 'time_iter': 0.00495, 'mae': 0.0955, 'r2': 0.4287, 'spearmanr': 0.71619, 'mse': 0.02324, 'rmse': 0.15244}
> Epoch 174: took 10.7s (avg 10.5s) | Best so far: epoch 31	train_loss: 0.0583 train_mae: 0.0583	val_loss: 0.0572 val_mae: 0.0571	test_loss: 0.0666 test_mae: 0.0666
train: {'epoch': 175, 'time_epoch': 10.05683, 'eta': 3140.39551, 'eta_hours': 0.87233, 'loss': 0.02619982, 'lr': 0.00082139, 'params': 479627, 'time_iter': 0.0119, 'mae': 0.0262, 'r2': 0.90399, 'spearmanr': 0.95387, 'mse': 0.00309, 'rmse': 0.05558}
val: {'epoch': 175, 'time_epoch': 0.49111, 'loss': 0.07035808, 'lr': 0, 'params': 479627, 'time_iter': 0.00496, 'mae': 0.07036, 'r2': 0.59055, 'spearmanr': 0.80433, 'mse': 0.0147, 'rmse': 0.12122}
test: {'epoch': 175, 'time_epoch': 0.32672, 'loss': 0.10107128, 'lr': 0, 'params': 479627, 'time_iter': 0.00495, 'mae': 0.10107, 'r2': 0.39493, 'spearmanr': 0.74679, 'mse': 0.02461, 'rmse': 0.15688}
> Epoch 175: took 10.9s (avg 10.5s) | Best so far: epoch 31	train_loss: 0.0583 train_mae: 0.0583	val_loss: 0.0572 val_mae: 0.0571	test_loss: 0.0666 test_mae: 0.0666
train: {'epoch': 176, 'time_epoch': 10.23573, 'eta': 3131.69411, 'eta_hours': 0.86992, 'loss': 0.0261663, 'lr': 0.00081871, 'params': 479627, 'time_iter': 0.01211, 'mae': 0.02617, 'r2': 0.90128, 'spearmanr': 0.95318, 'mse': 0.00318, 'rmse': 0.05636}
val: {'epoch': 176, 'time_epoch': 0.49603, 'loss': 0.07296844, 'lr': 0, 'params': 479627, 'time_iter': 0.00501, 'mae': 0.07297, 'r2': 0.58413, 'spearmanr': 0.79412, 'mse': 0.01493, 'rmse': 0.12217}
test: {'epoch': 176, 'time_epoch': 0.33068, 'loss': 0.09636075, 'lr': 0, 'params': 479627, 'time_iter': 0.00501, 'mae': 0.09636, 'r2': 0.44936, 'spearmanr': 0.72842, 'mse': 0.0224, 'rmse': 0.14966}
> Epoch 176: took 11.1s (avg 10.5s) | Best so far: epoch 31	train_loss: 0.0583 train_mae: 0.0583	val_loss: 0.0572 val_mae: 0.0571	test_loss: 0.0666 test_mae: 0.0666
train: {'epoch': 177, 'time_epoch': 9.4351, 'eta': 3121.52714, 'eta_hours': 0.86709, 'loss': 0.02633738, 'lr': 0.00081601, 'params': 479627, 'time_iter': 0.01117, 'mae': 0.02634, 'r2': 0.90178, 'spearmanr': 0.95395, 'mse': 0.00316, 'rmse': 0.05622}
val: {'epoch': 177, 'time_epoch': 0.49954, 'loss': 0.07016539, 'lr': 0, 'params': 479627, 'time_iter': 0.00505, 'mae': 0.07017, 'r2': 0.57952, 'spearmanr': 0.80486, 'mse': 0.01509, 'rmse': 0.12285}
test: {'epoch': 177, 'time_epoch': 0.33927, 'loss': 0.09639461, 'lr': 0, 'params': 479627, 'time_iter': 0.00514, 'mae': 0.09639, 'r2': 0.4465, 'spearmanr': 0.75107, 'mse': 0.02251, 'rmse': 0.15005}
> Epoch 177: took 10.3s (avg 10.5s) | Best so far: epoch 31	train_loss: 0.0583 train_mae: 0.0583	val_loss: 0.0572 val_mae: 0.0571	test_loss: 0.0666 test_mae: 0.0666
train: {'epoch': 178, 'time_epoch': 9.4196, 'eta': 3111.34054, 'eta_hours': 0.86426, 'loss': 0.0262267, 'lr': 0.0008133, 'params': 479627, 'time_iter': 0.01115, 'mae': 0.02623, 'r2': 0.90207, 'spearmanr': 0.95331, 'mse': 0.00315, 'rmse': 0.05613}
val: {'epoch': 178, 'time_epoch': 0.49499, 'loss': 0.07329456, 'lr': 0, 'params': 479627, 'time_iter': 0.005, 'mae': 0.07329, 'r2': 0.58269, 'spearmanr': 0.79633, 'mse': 0.01498, 'rmse': 0.12238}
test: {'epoch': 178, 'time_epoch': 0.32913, 'loss': 0.10463303, 'lr': 0, 'params': 479627, 'time_iter': 0.00499, 'mae': 0.10463, 'r2': 0.403, 'spearmanr': 0.7359, 'mse': 0.02428, 'rmse': 0.15583}
> Epoch 178: took 10.3s (avg 10.5s) | Best so far: epoch 31	train_loss: 0.0583 train_mae: 0.0583	val_loss: 0.0572 val_mae: 0.0571	test_loss: 0.0666 test_mae: 0.0666
train: {'epoch': 179, 'time_epoch': 9.40192, 'eta': 3101.13104, 'eta_hours': 0.86143, 'loss': 0.02593486, 'lr': 0.00081057, 'params': 479627, 'time_iter': 0.01113, 'mae': 0.02593, 'r2': 0.90306, 'spearmanr': 0.95376, 'mse': 0.00312, 'rmse': 0.05585}
val: {'epoch': 179, 'time_epoch': 0.4937, 'loss': 0.06925031, 'lr': 0, 'params': 479627, 'time_iter': 0.00499, 'mae': 0.06925, 'r2': 0.59716, 'spearmanr': 0.80374, 'mse': 0.01446, 'rmse': 0.12024}
test: {'epoch': 179, 'time_epoch': 0.32889, 'loss': 0.09547313, 'lr': 0, 'params': 479627, 'time_iter': 0.00498, 'mae': 0.09547, 'r2': 0.46188, 'spearmanr': 0.74064, 'mse': 0.02189, 'rmse': 0.14795}
> Epoch 179: took 10.2s (avg 10.5s) | Best so far: epoch 31	train_loss: 0.0583 train_mae: 0.0583	val_loss: 0.0572 val_mae: 0.0571	test_loss: 0.0666 test_mae: 0.0666
train: {'epoch': 180, 'time_epoch': 9.40198, 'eta': 3090.93055, 'eta_hours': 0.85859, 'loss': 0.02566466, 'lr': 0.00080783, 'params': 479627, 'time_iter': 0.01113, 'mae': 0.02566, 'r2': 0.90453, 'spearmanr': 0.95548, 'mse': 0.00307, 'rmse': 0.05543}
val: {'epoch': 180, 'time_epoch': 0.49287, 'loss': 0.07365007, 'lr': 0, 'params': 479627, 'time_iter': 0.00498, 'mae': 0.07365, 'r2': 0.558, 'spearmanr': 0.79865, 'mse': 0.01586, 'rmse': 0.12595}
test: {'epoch': 180, 'time_epoch': 0.32771, 'loss': 0.09868476, 'lr': 0, 'params': 479627, 'time_iter': 0.00497, 'mae': 0.09868, 'r2': 0.40909, 'spearmanr': 0.74127, 'mse': 0.02404, 'rmse': 0.15504}
> Epoch 180: took 10.2s (avg 10.5s) | Best so far: epoch 31	train_loss: 0.0583 train_mae: 0.0583	val_loss: 0.0572 val_mae: 0.0571	test_loss: 0.0666 test_mae: 0.0666
train: {'epoch': 181, 'time_epoch': 9.41646, 'eta': 3080.76416, 'eta_hours': 0.85577, 'loss': 0.02568764, 'lr': 0.00080507, 'params': 479627, 'time_iter': 0.01114, 'mae': 0.02569, 'r2': 0.90414, 'spearmanr': 0.95452, 'mse': 0.00308, 'rmse': 0.05554}
val: {'epoch': 181, 'time_epoch': 0.49454, 'loss': 0.0721613, 'lr': 0, 'params': 479627, 'time_iter': 0.005, 'mae': 0.07216, 'r2': 0.58691, 'spearmanr': 0.79874, 'mse': 0.01483, 'rmse': 0.12176}
test: {'epoch': 181, 'time_epoch': 0.32785, 'loss': 0.09643516, 'lr': 0, 'params': 479627, 'time_iter': 0.00497, 'mae': 0.09644, 'r2': 0.44692, 'spearmanr': 0.71749, 'mse': 0.0225, 'rmse': 0.14999}
> Epoch 181: took 10.3s (avg 10.5s) | Best so far: epoch 31	train_loss: 0.0583 train_mae: 0.0583	val_loss: 0.0572 val_mae: 0.0571	test_loss: 0.0666 test_mae: 0.0666
train: {'epoch': 182, 'time_epoch': 9.89808, 'eta': 3071.44024, 'eta_hours': 0.85318, 'loss': 0.02510314, 'lr': 0.0008023, 'params': 479627, 'time_iter': 0.01171, 'mae': 0.0251, 'r2': 0.90705, 'spearmanr': 0.95561, 'mse': 0.00299, 'rmse': 0.05469}
val: {'epoch': 182, 'time_epoch': 0.49444, 'loss': 0.07439144, 'lr': 0, 'params': 479627, 'time_iter': 0.00499, 'mae': 0.07439, 'r2': 0.57046, 'spearmanr': 0.79417, 'mse': 0.01542, 'rmse': 0.12416}
test: {'epoch': 182, 'time_epoch': 0.32759, 'loss': 0.09805977, 'lr': 0, 'params': 479627, 'time_iter': 0.00496, 'mae': 0.09806, 'r2': 0.4606, 'spearmanr': 0.74643, 'mse': 0.02194, 'rmse': 0.14812}
> Epoch 182: took 10.7s (avg 10.5s) | Best so far: epoch 31	train_loss: 0.0583 train_mae: 0.0583	val_loss: 0.0572 val_mae: 0.0571	test_loss: 0.0666 test_mae: 0.0666
train: {'epoch': 183, 'time_epoch': 9.67468, 'eta': 3061.72642, 'eta_hours': 0.85048, 'loss': 0.02537474, 'lr': 0.00079951, 'params': 479627, 'time_iter': 0.01145, 'mae': 0.02537, 'r2': 0.90531, 'spearmanr': 0.95476, 'mse': 0.00305, 'rmse': 0.0552}
val: {'epoch': 183, 'time_epoch': 0.49989, 'loss': 0.07182556, 'lr': 0, 'params': 479627, 'time_iter': 0.00505, 'mae': 0.07183, 'r2': 0.56845, 'spearmanr': 0.79731, 'mse': 0.01549, 'rmse': 0.12445}
test: {'epoch': 183, 'time_epoch': 0.33705, 'loss': 0.09512293, 'lr': 0, 'params': 479627, 'time_iter': 0.00511, 'mae': 0.09512, 'r2': 0.43503, 'spearmanr': 0.73839, 'mse': 0.02298, 'rmse': 0.1516}
> Epoch 183: took 10.5s (avg 10.5s) | Best so far: epoch 31	train_loss: 0.0583 train_mae: 0.0583	val_loss: 0.0572 val_mae: 0.0571	test_loss: 0.0666 test_mae: 0.0666
train: {'epoch': 184, 'time_epoch': 9.9188, 'eta': 3052.42868, 'eta_hours': 0.8479, 'loss': 0.02533877, 'lr': 0.00079671, 'params': 479627, 'time_iter': 0.01174, 'mae': 0.02534, 'r2': 0.90713, 'spearmanr': 0.95565, 'mse': 0.00299, 'rmse': 0.05466}
val: {'epoch': 184, 'time_epoch': 0.50871, 'loss': 0.06894047, 'lr': 0, 'params': 479627, 'time_iter': 0.00514, 'mae': 0.06894, 'r2': 0.59479, 'spearmanr': 0.799, 'mse': 0.01454, 'rmse': 0.1206}
test: {'epoch': 184, 'time_epoch': 0.33263, 'loss': 0.09056145, 'lr': 0, 'params': 479627, 'time_iter': 0.00504, 'mae': 0.09056, 'r2': 0.46629, 'spearmanr': 0.73448, 'mse': 0.02171, 'rmse': 0.14734}
> Epoch 184: took 10.8s (avg 10.5s) | Best so far: epoch 31	train_loss: 0.0583 train_mae: 0.0583	val_loss: 0.0572 val_mae: 0.0571	test_loss: 0.0666 test_mae: 0.0666
train: {'epoch': 185, 'time_epoch': 9.5472, 'eta': 3042.49694, 'eta_hours': 0.84514, 'loss': 0.02573609, 'lr': 0.00079389, 'params': 479627, 'time_iter': 0.0113, 'mae': 0.02574, 'r2': 0.90421, 'spearmanr': 0.95528, 'mse': 0.00308, 'rmse': 0.05552}
val: {'epoch': 185, 'time_epoch': 0.49484, 'loss': 0.07258295, 'lr': 0, 'params': 479627, 'time_iter': 0.005, 'mae': 0.07258, 'r2': 0.57475, 'spearmanr': 0.79353, 'mse': 0.01526, 'rmse': 0.12354}
test: {'epoch': 185, 'time_epoch': 0.32946, 'loss': 0.0956384, 'lr': 0, 'params': 479627, 'time_iter': 0.00499, 'mae': 0.09564, 'r2': 0.42698, 'spearmanr': 0.70189, 'mse': 0.02331, 'rmse': 0.15267}
> Epoch 185: took 10.4s (avg 10.5s) | Best so far: epoch 31	train_loss: 0.0583 train_mae: 0.0583	val_loss: 0.0572 val_mae: 0.0571	test_loss: 0.0666 test_mae: 0.0666
train: {'epoch': 186, 'time_epoch': 9.62381, 'eta': 3032.69754, 'eta_hours': 0.84242, 'loss': 0.02499351, 'lr': 0.00079106, 'params': 479627, 'time_iter': 0.01139, 'mae': 0.02499, 'r2': 0.90797, 'spearmanr': 0.95699, 'mse': 0.00296, 'rmse': 0.05442}
val: {'epoch': 186, 'time_epoch': 0.49682, 'loss': 0.07166365, 'lr': 0, 'params': 479627, 'time_iter': 0.00502, 'mae': 0.07166, 'r2': 0.57326, 'spearmanr': 0.79421, 'mse': 0.01532, 'rmse': 0.12376}
test: {'epoch': 186, 'time_epoch': 0.33082, 'loss': 0.09299752, 'lr': 0, 'params': 479627, 'time_iter': 0.00501, 'mae': 0.093, 'r2': 0.45, 'spearmanr': 0.73828, 'mse': 0.02237, 'rmse': 0.14957}
> Epoch 186: took 10.5s (avg 10.5s) | Best so far: epoch 31	train_loss: 0.0583 train_mae: 0.0583	val_loss: 0.0572 val_mae: 0.0571	test_loss: 0.0666 test_mae: 0.0666
train: {'epoch': 187, 'time_epoch': 9.90315, 'eta': 3023.36358, 'eta_hours': 0.83982, 'loss': 0.02530679, 'lr': 0.00078822, 'params': 479627, 'time_iter': 0.01172, 'mae': 0.02531, 'r2': 0.90833, 'spearmanr': 0.95694, 'mse': 0.00295, 'rmse': 0.05431}
val: {'epoch': 187, 'time_epoch': 0.50286, 'loss': 0.0756595, 'lr': 0, 'params': 479627, 'time_iter': 0.00508, 'mae': 0.07566, 'r2': 0.55481, 'spearmanr': 0.80151, 'mse': 0.01598, 'rmse': 0.1264}
test: {'epoch': 187, 'time_epoch': 0.3308, 'loss': 0.10890979, 'lr': 0, 'params': 479627, 'time_iter': 0.00501, 'mae': 0.10891, 'r2': 0.35799, 'spearmanr': 0.74673, 'mse': 0.02612, 'rmse': 0.1616}
> Epoch 187: took 10.8s (avg 10.5s) | Best so far: epoch 31	train_loss: 0.0583 train_mae: 0.0583	val_loss: 0.0572 val_mae: 0.0571	test_loss: 0.0666 test_mae: 0.0666
train: {'epoch': 188, 'time_epoch': 10.03417, 'eta': 3014.23921, 'eta_hours': 0.83729, 'loss': 0.02488115, 'lr': 0.00078536, 'params': 479627, 'time_iter': 0.01187, 'mae': 0.02488, 'r2': 0.90864, 'spearmanr': 0.9571, 'mse': 0.00294, 'rmse': 0.05422}
val: {'epoch': 188, 'time_epoch': 0.49817, 'loss': 0.06854977, 'lr': 0, 'params': 479627, 'time_iter': 0.00503, 'mae': 0.06855, 'r2': 0.59742, 'spearmanr': 0.80747, 'mse': 0.01445, 'rmse': 0.1202}
test: {'epoch': 188, 'time_epoch': 0.32924, 'loss': 0.08802712, 'lr': 0, 'params': 479627, 'time_iter': 0.00499, 'mae': 0.08803, 'r2': 0.50018, 'spearmanr': 0.75578, 'mse': 0.02033, 'rmse': 0.14259}
> Epoch 188: took 10.9s (avg 10.5s) | Best so far: epoch 31	train_loss: 0.0583 train_mae: 0.0583	val_loss: 0.0572 val_mae: 0.0571	test_loss: 0.0666 test_mae: 0.0666
train: {'epoch': 189, 'time_epoch': 10.15647, 'eta': 3005.30481, 'eta_hours': 0.83481, 'loss': 0.02511172, 'lr': 0.00078248, 'params': 479627, 'time_iter': 0.01202, 'mae': 0.02511, 'r2': 0.90814, 'spearmanr': 0.9571, 'mse': 0.00296, 'rmse': 0.05437}
val: {'epoch': 189, 'time_epoch': 0.50773, 'loss': 0.0726616, 'lr': 0, 'params': 479627, 'time_iter': 0.00513, 'mae': 0.07266, 'r2': 0.58251, 'spearmanr': 0.80259, 'mse': 0.01498, 'rmse': 0.12241}
test: {'epoch': 189, 'time_epoch': 0.33668, 'loss': 0.09182705, 'lr': 0, 'params': 479627, 'time_iter': 0.0051, 'mae': 0.09183, 'r2': 0.48905, 'spearmanr': 0.75623, 'mse': 0.02078, 'rmse': 0.14417}
> Epoch 189: took 11.0s (avg 10.5s) | Best so far: epoch 31	train_loss: 0.0583 train_mae: 0.0583	val_loss: 0.0572 val_mae: 0.0571	test_loss: 0.0666 test_mae: 0.0666
train: {'epoch': 190, 'time_epoch': 9.78993, 'eta': 2995.76461, 'eta_hours': 0.83216, 'loss': 0.02471989, 'lr': 0.0007796, 'params': 479627, 'time_iter': 0.01159, 'mae': 0.02472, 'r2': 0.90877, 'spearmanr': 0.95754, 'mse': 0.00294, 'rmse': 0.05418}
val: {'epoch': 190, 'time_epoch': 0.49841, 'loss': 0.07107051, 'lr': 0, 'params': 479627, 'time_iter': 0.00503, 'mae': 0.07107, 'r2': 0.58858, 'spearmanr': 0.8038, 'mse': 0.01477, 'rmse': 0.12152}
test: {'epoch': 190, 'time_epoch': 0.32949, 'loss': 0.09539914, 'lr': 0, 'params': 479627, 'time_iter': 0.00499, 'mae': 0.0954, 'r2': 0.45395, 'spearmanr': 0.74451, 'mse': 0.02221, 'rmse': 0.14904}
> Epoch 190: took 10.6s (avg 10.5s) | Best so far: epoch 31	train_loss: 0.0583 train_mae: 0.0583	val_loss: 0.0572 val_mae: 0.0571	test_loss: 0.0666 test_mae: 0.0666
train: {'epoch': 191, 'time_epoch': 9.4252, 'eta': 2985.63673, 'eta_hours': 0.82934, 'loss': 0.02471828, 'lr': 0.0007767, 'params': 479627, 'time_iter': 0.01115, 'mae': 0.02472, 'r2': 0.90892, 'spearmanr': 0.95712, 'mse': 0.00293, 'rmse': 0.05413}
val: {'epoch': 191, 'time_epoch': 0.4928, 'loss': 0.07063004, 'lr': 0, 'params': 479627, 'time_iter': 0.00498, 'mae': 0.07063, 'r2': 0.57577, 'spearmanr': 0.79934, 'mse': 0.01523, 'rmse': 0.12339}
test: {'epoch': 191, 'time_epoch': 0.33031, 'loss': 0.09104469, 'lr': 0, 'params': 479627, 'time_iter': 0.005, 'mae': 0.09104, 'r2': 0.4595, 'spearmanr': 0.72749, 'mse': 0.02199, 'rmse': 0.14828}
> Epoch 191: took 10.3s (avg 10.5s) | Best so far: epoch 31	train_loss: 0.0583 train_mae: 0.0583	val_loss: 0.0572 val_mae: 0.0571	test_loss: 0.0666 test_mae: 0.0666
train: {'epoch': 192, 'time_epoch': 10.20053, 'eta': 2976.74943, 'eta_hours': 0.82687, 'loss': 0.02422407, 'lr': 0.00077378, 'params': 479627, 'time_iter': 0.01207, 'mae': 0.02422, 'r2': 0.91131, 'spearmanr': 0.95894, 'mse': 0.00285, 'rmse': 0.05342}
val: {'epoch': 192, 'time_epoch': 0.50087, 'loss': 0.0706536, 'lr': 0, 'params': 479627, 'time_iter': 0.00506, 'mae': 0.07065, 'r2': 0.58243, 'spearmanr': 0.79695, 'mse': 0.01499, 'rmse': 0.12242}
test: {'epoch': 192, 'time_epoch': 0.33262, 'loss': 0.09046995, 'lr': 0, 'params': 479627, 'time_iter': 0.00504, 'mae': 0.09047, 'r2': 0.46812, 'spearmanr': 0.73631, 'mse': 0.02164, 'rmse': 0.14709}
> Epoch 192: took 11.1s (avg 10.5s) | Best so far: epoch 31	train_loss: 0.0583 train_mae: 0.0583	val_loss: 0.0572 val_mae: 0.0571	test_loss: 0.0666 test_mae: 0.0666
train: {'epoch': 193, 'time_epoch': 10.19574, 'eta': 2967.84103, 'eta_hours': 0.8244, 'loss': 0.02460007, 'lr': 0.00077085, 'params': 479627, 'time_iter': 0.01207, 'mae': 0.0246, 'r2': 0.91009, 'spearmanr': 0.95707, 'mse': 0.00289, 'rmse': 0.05379}
val: {'epoch': 193, 'time_epoch': 0.49616, 'loss': 0.07222072, 'lr': 0, 'params': 479627, 'time_iter': 0.00501, 'mae': 0.07222, 'r2': 0.57666, 'spearmanr': 0.80191, 'mse': 0.01519, 'rmse': 0.12326}
test: {'epoch': 193, 'time_epoch': 0.32943, 'loss': 0.09384948, 'lr': 0, 'params': 479627, 'time_iter': 0.00499, 'mae': 0.09385, 'r2': 0.45732, 'spearmanr': 0.74878, 'mse': 0.02207, 'rmse': 0.14858}
> Epoch 193: took 11.0s (avg 10.5s) | Best so far: epoch 31	train_loss: 0.0583 train_mae: 0.0583	val_loss: 0.0572 val_mae: 0.0571	test_loss: 0.0666 test_mae: 0.0666
train: {'epoch': 194, 'time_epoch': 10.29912, 'eta': 2959.08112, 'eta_hours': 0.82197, 'loss': 0.02397875, 'lr': 0.00076791, 'params': 479627, 'time_iter': 0.01219, 'mae': 0.02398, 'r2': 0.91325, 'spearmanr': 0.9594, 'mse': 0.00279, 'rmse': 0.05283}
val: {'epoch': 194, 'time_epoch': 0.49192, 'loss': 0.07046537, 'lr': 0, 'params': 479627, 'time_iter': 0.00497, 'mae': 0.07047, 'r2': 0.5964, 'spearmanr': 0.80495, 'mse': 0.01449, 'rmse': 0.12035}
test: {'epoch': 194, 'time_epoch': 0.32947, 'loss': 0.09685688, 'lr': 0, 'params': 479627, 'time_iter': 0.00499, 'mae': 0.09686, 'r2': 0.44636, 'spearmanr': 0.75733, 'mse': 0.02252, 'rmse': 0.15007}
> Epoch 194: took 11.1s (avg 10.6s) | Best so far: epoch 31	train_loss: 0.0583 train_mae: 0.0583	val_loss: 0.0572 val_mae: 0.0571	test_loss: 0.0666 test_mae: 0.0666
train: {'epoch': 195, 'time_epoch': 10.41947, 'eta': 2950.49217, 'eta_hours': 0.81958, 'loss': 0.02431799, 'lr': 0.00076496, 'params': 479627, 'time_iter': 0.01233, 'mae': 0.02432, 'r2': 0.91148, 'spearmanr': 0.95835, 'mse': 0.00285, 'rmse': 0.05337}
val: {'epoch': 195, 'time_epoch': 0.49514, 'loss': 0.07747351, 'lr': 0, 'params': 479627, 'time_iter': 0.005, 'mae': 0.07747, 'r2': 0.52086, 'spearmanr': 0.78296, 'mse': 0.0172, 'rmse': 0.13114}
test: {'epoch': 195, 'time_epoch': 0.32942, 'loss': 0.10919695, 'lr': 0, 'params': 479627, 'time_iter': 0.00499, 'mae': 0.1092, 'r2': 0.34269, 'spearmanr': 0.72185, 'mse': 0.02674, 'rmse': 0.16352}
> Epoch 195: took 11.3s (avg 10.6s) | Best so far: epoch 31	train_loss: 0.0583 train_mae: 0.0583	val_loss: 0.0572 val_mae: 0.0571	test_loss: 0.0666 test_mae: 0.0666
train: {'epoch': 196, 'time_epoch': 10.01072, 'eta': 2941.25594, 'eta_hours': 0.81702, 'loss': 0.02435099, 'lr': 0.00076199, 'params': 479627, 'time_iter': 0.01185, 'mae': 0.02435, 'r2': 0.91032, 'spearmanr': 0.95901, 'mse': 0.00289, 'rmse': 0.05372}
val: {'epoch': 196, 'time_epoch': 0.49766, 'loss': 0.07415865, 'lr': 0, 'params': 479627, 'time_iter': 0.00503, 'mae': 0.07416, 'r2': 0.54516, 'spearmanr': 0.77948, 'mse': 0.01632, 'rmse': 0.12777}
test: {'epoch': 196, 'time_epoch': 0.33167, 'loss': 0.09662522, 'lr': 0, 'params': 479627, 'time_iter': 0.00503, 'mae': 0.09663, 'r2': 0.42438, 'spearmanr': 0.70805, 'mse': 0.02341, 'rmse': 0.15302}
> Epoch 196: took 10.9s (avg 10.6s) | Best so far: epoch 31	train_loss: 0.0583 train_mae: 0.0583	val_loss: 0.0572 val_mae: 0.0571	test_loss: 0.0666 test_mae: 0.0666
train: {'epoch': 197, 'time_epoch': 9.41561, 'eta': 2931.10421, 'eta_hours': 0.8142, 'loss': 0.02400175, 'lr': 0.00075901, 'params': 479627, 'time_iter': 0.01114, 'mae': 0.024, 'r2': 0.91416, 'spearmanr': 0.96008, 'mse': 0.00276, 'rmse': 0.05256}
val: {'epoch': 197, 'time_epoch': 0.49525, 'loss': 0.06957909, 'lr': 0, 'params': 479627, 'time_iter': 0.005, 'mae': 0.06958, 'r2': 0.59416, 'spearmanr': 0.79551, 'mse': 0.01457, 'rmse': 0.12069}
test: {'epoch': 197, 'time_epoch': 0.32874, 'loss': 0.09188179, 'lr': 0, 'params': 479627, 'time_iter': 0.00498, 'mae': 0.09188, 'r2': 0.46757, 'spearmanr': 0.73857, 'mse': 0.02166, 'rmse': 0.14717}
> Epoch 197: took 10.3s (avg 10.6s) | Best so far: epoch 31	train_loss: 0.0583 train_mae: 0.0583	val_loss: 0.0572 val_mae: 0.0571	test_loss: 0.0666 test_mae: 0.0666
train: {'epoch': 198, 'time_epoch': 10.26041, 'eta': 2922.23769, 'eta_hours': 0.81173, 'loss': 0.02378978, 'lr': 0.00075602, 'params': 479627, 'time_iter': 0.01214, 'mae': 0.02379, 'r2': 0.91434, 'spearmanr': 0.96009, 'mse': 0.00276, 'rmse': 0.0525}
val: {'epoch': 198, 'time_epoch': 0.49976, 'loss': 0.07217105, 'lr': 0, 'params': 479627, 'time_iter': 0.00505, 'mae': 0.07217, 'r2': 0.58302, 'spearmanr': 0.80766, 'mse': 0.01497, 'rmse': 0.12233}
test: {'epoch': 198, 'time_epoch': 0.32408, 'loss': 0.09834846, 'lr': 0, 'params': 479627, 'time_iter': 0.00491, 'mae': 0.09835, 'r2': 0.42871, 'spearmanr': 0.73835, 'mse': 0.02324, 'rmse': 0.15244}
> Epoch 198: took 11.1s (avg 10.6s) | Best so far: epoch 31	train_loss: 0.0583 train_mae: 0.0583	val_loss: 0.0572 val_mae: 0.0571	test_loss: 0.0666 test_mae: 0.0666
train: {'epoch': 199, 'time_epoch': 9.594, 'eta': 2912.35762, 'eta_hours': 0.80899, 'loss': 0.02379483, 'lr': 0.00075302, 'params': 479627, 'time_iter': 0.01135, 'mae': 0.02379, 'r2': 0.91225, 'spearmanr': 0.96006, 'mse': 0.00282, 'rmse': 0.05314}
val: {'epoch': 199, 'time_epoch': 0.49729, 'loss': 0.06960846, 'lr': 0, 'params': 479627, 'time_iter': 0.00502, 'mae': 0.06961, 'r2': 0.58759, 'spearmanr': 0.80205, 'mse': 0.0148, 'rmse': 0.12166}
test: {'epoch': 199, 'time_epoch': 0.33151, 'loss': 0.090743, 'lr': 0, 'params': 479627, 'time_iter': 0.00502, 'mae': 0.09074, 'r2': 0.47382, 'spearmanr': 0.73725, 'mse': 0.0214, 'rmse': 0.1463}
> Epoch 199: took 10.4s (avg 10.6s) | Best so far: epoch 31	train_loss: 0.0583 train_mae: 0.0583	val_loss: 0.0572 val_mae: 0.0571	test_loss: 0.0666 test_mae: 0.0666
train: {'epoch': 200, 'time_epoch': 9.4049, 'eta': 2902.19909, 'eta_hours': 0.80617, 'loss': 0.02388349, 'lr': 0.00075, 'params': 479627, 'time_iter': 0.01113, 'mae': 0.02388, 'r2': 0.9133, 'spearmanr': 0.96036, 'mse': 0.00279, 'rmse': 0.05282}
val: {'epoch': 200, 'time_epoch': 0.49523, 'loss': 0.07223869, 'lr': 0, 'params': 479627, 'time_iter': 0.005, 'mae': 0.07224, 'r2': 0.56875, 'spearmanr': 0.80286, 'mse': 0.01548, 'rmse': 0.12441}
test: {'epoch': 200, 'time_epoch': 0.32528, 'loss': 0.09608748, 'lr': 0, 'params': 479627, 'time_iter': 0.00493, 'mae': 0.09609, 'r2': 0.44153, 'spearmanr': 0.73557, 'mse': 0.02272, 'rmse': 0.15072}
> Epoch 200: took 10.2s (avg 10.6s) | Best so far: epoch 31	train_loss: 0.0583 train_mae: 0.0583	val_loss: 0.0572 val_mae: 0.0571	test_loss: 0.0666 test_mae: 0.0666
train: {'epoch': 201, 'time_epoch': 9.79112, 'eta': 2892.61779, 'eta_hours': 0.8035, 'loss': 0.02354864, 'lr': 0.00074697, 'params': 479627, 'time_iter': 0.01159, 'mae': 0.02355, 'r2': 0.91486, 'spearmanr': 0.96091, 'mse': 0.00274, 'rmse': 0.05234}
val: {'epoch': 201, 'time_epoch': 0.49481, 'loss': 0.0742548, 'lr': 0, 'params': 479627, 'time_iter': 0.005, 'mae': 0.07425, 'r2': 0.55083, 'spearmanr': 0.79414, 'mse': 0.01612, 'rmse': 0.12697}
test: {'epoch': 201, 'time_epoch': 0.32959, 'loss': 0.10702499, 'lr': 0, 'params': 479627, 'time_iter': 0.00499, 'mae': 0.10702, 'r2': 0.35588, 'spearmanr': 0.72721, 'mse': 0.0262, 'rmse': 0.16187}
> Epoch 201: took 10.6s (avg 10.6s) | Best so far: epoch 31	train_loss: 0.0583 train_mae: 0.0583	val_loss: 0.0572 val_mae: 0.0571	test_loss: 0.0666 test_mae: 0.0666
train: {'epoch': 202, 'time_epoch': 9.44127, 'eta': 2882.52257, 'eta_hours': 0.8007, 'loss': 0.02343261, 'lr': 0.00074393, 'params': 479627, 'time_iter': 0.01117, 'mae': 0.02343, 'r2': 0.9149, 'spearmanr': 0.9611, 'mse': 0.00274, 'rmse': 0.05233}
val: {'epoch': 202, 'time_epoch': 0.49951, 'loss': 0.07204062, 'lr': 0, 'params': 479627, 'time_iter': 0.00505, 'mae': 0.07204, 'r2': 0.58611, 'spearmanr': 0.80351, 'mse': 0.01485, 'rmse': 0.12188}
test: {'epoch': 202, 'time_epoch': 0.32903, 'loss': 0.09916839, 'lr': 0, 'params': 479627, 'time_iter': 0.00499, 'mae': 0.09917, 'r2': 0.42992, 'spearmanr': 0.73439, 'mse': 0.02319, 'rmse': 0.15228}
> Epoch 202: took 10.3s (avg 10.6s) | Best so far: epoch 31	train_loss: 0.0583 train_mae: 0.0583	val_loss: 0.0572 val_mae: 0.0571	test_loss: 0.0666 test_mae: 0.0666
train: {'epoch': 203, 'time_epoch': 9.44038, 'eta': 2872.43249, 'eta_hours': 0.7979, 'loss': 0.02383446, 'lr': 0.00074088, 'params': 479627, 'time_iter': 0.01117, 'mae': 0.02383, 'r2': 0.91161, 'spearmanr': 0.95954, 'mse': 0.00284, 'rmse': 0.05333}
val: {'epoch': 203, 'time_epoch': 0.49369, 'loss': 0.07429368, 'lr': 0, 'params': 479627, 'time_iter': 0.00499, 'mae': 0.07429, 'r2': 0.55481, 'spearmanr': 0.79651, 'mse': 0.01598, 'rmse': 0.12641}
test: {'epoch': 203, 'time_epoch': 0.32955, 'loss': 0.09620363, 'lr': 0, 'params': 479627, 'time_iter': 0.00499, 'mae': 0.0962, 'r2': 0.41003, 'spearmanr': 0.70516, 'mse': 0.024, 'rmse': 0.15491}
> Epoch 203: took 10.3s (avg 10.6s) | Best so far: epoch 31	train_loss: 0.0583 train_mae: 0.0583	val_loss: 0.0572 val_mae: 0.0571	test_loss: 0.0666 test_mae: 0.0666
train: {'epoch': 204, 'time_epoch': 9.40801, 'eta': 2862.30215, 'eta_hours': 0.79508, 'loss': 0.02388565, 'lr': 0.00073781, 'params': 479627, 'time_iter': 0.01113, 'mae': 0.02389, 'r2': 0.91149, 'spearmanr': 0.95888, 'mse': 0.00285, 'rmse': 0.05337}
val: {'epoch': 204, 'time_epoch': 0.49096, 'loss': 0.07785603, 'lr': 0, 'params': 479627, 'time_iter': 0.00496, 'mae': 0.07786, 'r2': 0.52107, 'spearmanr': 0.77966, 'mse': 0.01719, 'rmse': 0.13111}
test: {'epoch': 204, 'time_epoch': 0.32833, 'loss': 0.101433, 'lr': 0, 'params': 479627, 'time_iter': 0.00497, 'mae': 0.10143, 'r2': 0.37671, 'spearmanr': 0.70076, 'mse': 0.02535, 'rmse': 0.15923}
> Epoch 204: took 10.2s (avg 10.6s) | Best so far: epoch 31	train_loss: 0.0583 train_mae: 0.0583	val_loss: 0.0572 val_mae: 0.0571	test_loss: 0.0666 test_mae: 0.0666
train: {'epoch': 205, 'time_epoch': 9.42672, 'eta': 2852.20554, 'eta_hours': 0.79228, 'loss': 0.0235271, 'lr': 0.00073474, 'params': 479627, 'time_iter': 0.01116, 'mae': 0.02353, 'r2': 0.9133, 'spearmanr': 0.96003, 'mse': 0.00279, 'rmse': 0.05282}
val: {'epoch': 205, 'time_epoch': 0.4945, 'loss': 0.0717573, 'lr': 0, 'params': 479627, 'time_iter': 0.00499, 'mae': 0.07176, 'r2': 0.58419, 'spearmanr': 0.80303, 'mse': 0.01492, 'rmse': 0.12216}
test: {'epoch': 205, 'time_epoch': 0.32939, 'loss': 0.09805048, 'lr': 0, 'params': 479627, 'time_iter': 0.00499, 'mae': 0.09805, 'r2': 0.40854, 'spearmanr': 0.71633, 'mse': 0.02406, 'rmse': 0.15511}
> Epoch 205: took 10.3s (avg 10.6s) | Best so far: epoch 31	train_loss: 0.0583 train_mae: 0.0583	val_loss: 0.0572 val_mae: 0.0571	test_loss: 0.0666 test_mae: 0.0666
train: {'epoch': 206, 'time_epoch': 9.41948, 'eta': 2842.10514, 'eta_hours': 0.78947, 'loss': 0.02332277, 'lr': 0.00073165, 'params': 479627, 'time_iter': 0.01115, 'mae': 0.02332, 'r2': 0.91499, 'spearmanr': 0.96021, 'mse': 0.00274, 'rmse': 0.0523}
val: {'epoch': 206, 'time_epoch': 0.49666, 'loss': 0.07210421, 'lr': 0, 'params': 479627, 'time_iter': 0.00502, 'mae': 0.0721, 'r2': 0.56988, 'spearmanr': 0.79218, 'mse': 0.01544, 'rmse': 0.12425}
test: {'epoch': 206, 'time_epoch': 0.33021, 'loss': 0.09839241, 'lr': 0, 'params': 479627, 'time_iter': 0.005, 'mae': 0.09839, 'r2': 0.39609, 'spearmanr': 0.69367, 'mse': 0.02457, 'rmse': 0.15673}
> Epoch 206: took 10.3s (avg 10.5s) | Best so far: epoch 31	train_loss: 0.0583 train_mae: 0.0583	val_loss: 0.0572 val_mae: 0.0571	test_loss: 0.0666 test_mae: 0.0666
train: {'epoch': 207, 'time_epoch': 10.22931, 'eta': 2833.14816, 'eta_hours': 0.78699, 'loss': 0.02363261, 'lr': 0.00072855, 'params': 479627, 'time_iter': 0.01211, 'mae': 0.02363, 'r2': 0.91141, 'spearmanr': 0.95934, 'mse': 0.00285, 'rmse': 0.05339}
val: {'epoch': 207, 'time_epoch': 0.48967, 'loss': 0.07333975, 'lr': 0, 'params': 479627, 'time_iter': 0.00495, 'mae': 0.07334, 'r2': 0.55786, 'spearmanr': 0.79925, 'mse': 0.01587, 'rmse': 0.12597}
test: {'epoch': 207, 'time_epoch': 0.32783, 'loss': 0.09609025, 'lr': 0, 'params': 479627, 'time_iter': 0.00497, 'mae': 0.09609, 'r2': 0.4313, 'spearmanr': 0.74761, 'mse': 0.02313, 'rmse': 0.15209}
> Epoch 207: took 11.1s (avg 10.6s) | Best so far: epoch 31	train_loss: 0.0583 train_mae: 0.0583	val_loss: 0.0572 val_mae: 0.0571	test_loss: 0.0666 test_mae: 0.0666
train: {'epoch': 208, 'time_epoch': 10.09933, 'eta': 2823.99803, 'eta_hours': 0.78444, 'loss': 0.02337576, 'lr': 0.00072544, 'params': 479627, 'time_iter': 0.01195, 'mae': 0.02338, 'r2': 0.91404, 'spearmanr': 0.96057, 'mse': 0.00277, 'rmse': 0.05259}
val: {'epoch': 208, 'time_epoch': 0.49513, 'loss': 0.07236967, 'lr': 0, 'params': 479627, 'time_iter': 0.005, 'mae': 0.07237, 'r2': 0.5687, 'spearmanr': 0.7907, 'mse': 0.01548, 'rmse': 0.12442}
test: {'epoch': 208, 'time_epoch': 0.32894, 'loss': 0.09465796, 'lr': 0, 'params': 479627, 'time_iter': 0.00498, 'mae': 0.09466, 'r2': 0.44687, 'spearmanr': 0.71987, 'mse': 0.0225, 'rmse': 0.15}
> Epoch 208: took 10.9s (avg 10.6s) | Best so far: epoch 31	train_loss: 0.0583 train_mae: 0.0583	val_loss: 0.0572 val_mae: 0.0571	test_loss: 0.0666 test_mae: 0.0666
train: {'epoch': 209, 'time_epoch': 9.74125, 'eta': 2814.34438, 'eta_hours': 0.78176, 'loss': 0.02283685, 'lr': 0.00072232, 'params': 479627, 'time_iter': 0.01153, 'mae': 0.02284, 'r2': 0.91701, 'spearmanr': 0.96222, 'mse': 0.00267, 'rmse': 0.05168}
val: {'epoch': 209, 'time_epoch': 0.49223, 'loss': 0.07277504, 'lr': 0, 'params': 479627, 'time_iter': 0.00497, 'mae': 0.07278, 'r2': 0.57825, 'spearmanr': 0.79959, 'mse': 0.01514, 'rmse': 0.12303}
test: {'epoch': 209, 'time_epoch': 0.32858, 'loss': 0.09435606, 'lr': 0, 'params': 479627, 'time_iter': 0.00498, 'mae': 0.09436, 'r2': 0.44623, 'spearmanr': 0.74259, 'mse': 0.02253, 'rmse': 0.15009}
> Epoch 209: took 10.6s (avg 10.6s) | Best so far: epoch 31	train_loss: 0.0583 train_mae: 0.0583	val_loss: 0.0572 val_mae: 0.0571	test_loss: 0.0666 test_mae: 0.0666
train: {'epoch': 210, 'time_epoch': 9.5763, 'eta': 2804.46397, 'eta_hours': 0.77902, 'loss': 0.02322468, 'lr': 0.00071919, 'params': 479627, 'time_iter': 0.01133, 'mae': 0.02322, 'r2': 0.91419, 'spearmanr': 0.96031, 'mse': 0.00276, 'rmse': 0.05255}
val: {'epoch': 210, 'time_epoch': 0.49965, 'loss': 0.07524175, 'lr': 0, 'params': 479627, 'time_iter': 0.00505, 'mae': 0.07524, 'r2': 0.56385, 'spearmanr': 0.79713, 'mse': 0.01565, 'rmse': 0.12511}
test: {'epoch': 210, 'time_epoch': 0.33066, 'loss': 0.10176098, 'lr': 0, 'params': 479627, 'time_iter': 0.00501, 'mae': 0.10176, 'r2': 0.37478, 'spearmanr': 0.71977, 'mse': 0.02543, 'rmse': 0.15947}
> Epoch 210: took 10.4s (avg 10.6s) | Best so far: epoch 31	train_loss: 0.0583 train_mae: 0.0583	val_loss: 0.0572 val_mae: 0.0571	test_loss: 0.0666 test_mae: 0.0666
train: {'epoch': 211, 'time_epoch': 9.94066, 'eta': 2795.08141, 'eta_hours': 0.77641, 'loss': 0.02341975, 'lr': 0.00071604, 'params': 479627, 'time_iter': 0.01176, 'mae': 0.02342, 'r2': 0.91516, 'spearmanr': 0.96085, 'mse': 0.00273, 'rmse': 0.05225}
val: {'epoch': 211, 'time_epoch': 0.50254, 'loss': 0.07645459, 'lr': 0, 'params': 479627, 'time_iter': 0.00508, 'mae': 0.07645, 'r2': 0.54434, 'spearmanr': 0.78909, 'mse': 0.01635, 'rmse': 0.12788}
test: {'epoch': 211, 'time_epoch': 0.33473, 'loss': 0.10236063, 'lr': 0, 'params': 479627, 'time_iter': 0.00507, 'mae': 0.10236, 'r2': 0.37669, 'spearmanr': 0.70845, 'mse': 0.02535, 'rmse': 0.15923}
> Epoch 211: took 10.8s (avg 10.6s) | Best so far: epoch 31	train_loss: 0.0583 train_mae: 0.0583	val_loss: 0.0572 val_mae: 0.0571	test_loss: 0.0666 test_mae: 0.0666
train: {'epoch': 212, 'time_epoch': 10.043, 'eta': 2785.8315, 'eta_hours': 0.77384, 'loss': 0.0230531, 'lr': 0.00071289, 'params': 479627, 'time_iter': 0.01189, 'mae': 0.02305, 'r2': 0.91628, 'spearmanr': 0.96174, 'mse': 0.00269, 'rmse': 0.0519}
val: {'epoch': 212, 'time_epoch': 0.49309, 'loss': 0.07252657, 'lr': 0, 'params': 479627, 'time_iter': 0.00498, 'mae': 0.07253, 'r2': 0.56765, 'spearmanr': 0.79873, 'mse': 0.01552, 'rmse': 0.12457}
test: {'epoch': 212, 'time_epoch': 0.32702, 'loss': 0.09978298, 'lr': 0, 'params': 479627, 'time_iter': 0.00495, 'mae': 0.09978, 'r2': 0.40312, 'spearmanr': 0.72573, 'mse': 0.02428, 'rmse': 0.15582}
> Epoch 212: took 10.9s (avg 10.6s) | Best so far: epoch 31	train_loss: 0.0583 train_mae: 0.0583	val_loss: 0.0572 val_mae: 0.0571	test_loss: 0.0666 test_mae: 0.0666
train: {'epoch': 213, 'time_epoch': 9.42555, 'eta': 2775.74899, 'eta_hours': 0.77104, 'loss': 0.02354078, 'lr': 0.00070973, 'params': 479627, 'time_iter': 0.01115, 'mae': 0.02354, 'r2': 0.91278, 'spearmanr': 0.95976, 'mse': 0.00281, 'rmse': 0.05298}
val: {'epoch': 213, 'time_epoch': 0.49679, 'loss': 0.07575875, 'lr': 0, 'params': 479627, 'time_iter': 0.00502, 'mae': 0.07576, 'r2': 0.55954, 'spearmanr': 0.79667, 'mse': 0.01581, 'rmse': 0.12573}
test: {'epoch': 213, 'time_epoch': 0.32965, 'loss': 0.09982713, 'lr': 0, 'params': 479627, 'time_iter': 0.00499, 'mae': 0.09983, 'r2': 0.40678, 'spearmanr': 0.72248, 'mse': 0.02413, 'rmse': 0.15534}
> Epoch 213: took 10.3s (avg 10.6s) | Best so far: epoch 31	train_loss: 0.0583 train_mae: 0.0583	val_loss: 0.0572 val_mae: 0.0571	test_loss: 0.0666 test_mae: 0.0666
train: {'epoch': 214, 'time_epoch': 9.59924, 'eta': 2765.90282, 'eta_hours': 0.76831, 'loss': 0.02261526, 'lr': 0.00070655, 'params': 479627, 'time_iter': 0.01136, 'mae': 0.02262, 'r2': 0.91687, 'spearmanr': 0.962, 'mse': 0.00268, 'rmse': 0.05172}
val: {'epoch': 214, 'time_epoch': 0.49323, 'loss': 0.07204987, 'lr': 0, 'params': 479627, 'time_iter': 0.00498, 'mae': 0.07205, 'r2': 0.57242, 'spearmanr': 0.79766, 'mse': 0.01535, 'rmse': 0.12388}
test: {'epoch': 214, 'time_epoch': 0.32918, 'loss': 0.09615595, 'lr': 0, 'params': 479627, 'time_iter': 0.00499, 'mae': 0.09616, 'r2': 0.43047, 'spearmanr': 0.74136, 'mse': 0.02317, 'rmse': 0.15221}
> Epoch 214: took 10.4s (avg 10.6s) | Best so far: epoch 31	train_loss: 0.0583 train_mae: 0.0583	val_loss: 0.0572 val_mae: 0.0571	test_loss: 0.0666 test_mae: 0.0666
train: {'epoch': 215, 'time_epoch': 9.9648, 'eta': 2756.5396, 'eta_hours': 0.76571, 'loss': 0.02259486, 'lr': 0.00070337, 'params': 479627, 'time_iter': 0.01179, 'mae': 0.02259, 'r2': 0.91784, 'spearmanr': 0.96281, 'mse': 0.00264, 'rmse': 0.05142}
val: {'epoch': 215, 'time_epoch': 0.49074, 'loss': 0.0727815, 'lr': 0, 'params': 479627, 'time_iter': 0.00496, 'mae': 0.07278, 'r2': 0.5583, 'spearmanr': 0.78599, 'mse': 0.01585, 'rmse': 0.12591}
test: {'epoch': 215, 'time_epoch': 0.32777, 'loss': 0.09504468, 'lr': 0, 'params': 479627, 'time_iter': 0.00497, 'mae': 0.09504, 'r2': 0.43011, 'spearmanr': 0.72225, 'mse': 0.02318, 'rmse': 0.15225}
> Epoch 215: took 10.8s (avg 10.6s) | Best so far: epoch 31	train_loss: 0.0583 train_mae: 0.0583	val_loss: 0.0572 val_mae: 0.0571	test_loss: 0.0666 test_mae: 0.0666
train: {'epoch': 216, 'time_epoch': 10.1878, 'eta': 2747.46165, 'eta_hours': 0.76318, 'loss': 0.02274978, 'lr': 0.00070017, 'params': 479627, 'time_iter': 0.01206, 'mae': 0.02275, 'r2': 0.91717, 'spearmanr': 0.96212, 'mse': 0.00267, 'rmse': 0.05163}
val: {'epoch': 216, 'time_epoch': 0.63947, 'loss': 0.07631148, 'lr': 0, 'params': 479627, 'time_iter': 0.00646, 'mae': 0.07631, 'r2': 0.53822, 'spearmanr': 0.78454, 'mse': 0.01657, 'rmse': 0.12874}
test: {'epoch': 216, 'time_epoch': 0.32431, 'loss': 0.09660558, 'lr': 0, 'params': 479627, 'time_iter': 0.00491, 'mae': 0.09661, 'r2': 0.41705, 'spearmanr': 0.72407, 'mse': 0.02371, 'rmse': 0.15399}
> Epoch 216: took 11.2s (avg 10.6s) | Best so far: epoch 31	train_loss: 0.0583 train_mae: 0.0583	val_loss: 0.0572 val_mae: 0.0571	test_loss: 0.0666 test_mae: 0.0666
train: {'epoch': 217, 'time_epoch': 9.42773, 'eta': 2737.3903, 'eta_hours': 0.76039, 'loss': 0.02269523, 'lr': 0.00069697, 'params': 479627, 'time_iter': 0.01116, 'mae': 0.0227, 'r2': 0.91535, 'spearmanr': 0.96195, 'mse': 0.00272, 'rmse': 0.05219}
val: {'epoch': 217, 'time_epoch': 0.49597, 'loss': 0.07242434, 'lr': 0, 'params': 479627, 'time_iter': 0.00501, 'mae': 0.07242, 'r2': 0.57968, 'spearmanr': 0.80317, 'mse': 0.01509, 'rmse': 0.12282}
test: {'epoch': 217, 'time_epoch': 0.32983, 'loss': 0.09689863, 'lr': 0, 'params': 479627, 'time_iter': 0.005, 'mae': 0.0969, 'r2': 0.43977, 'spearmanr': 0.73776, 'mse': 0.02279, 'rmse': 0.15096}
> Epoch 217: took 10.3s (avg 10.6s) | Best so far: epoch 31	train_loss: 0.0583 train_mae: 0.0583	val_loss: 0.0572 val_mae: 0.0571	test_loss: 0.0666 test_mae: 0.0666
train: {'epoch': 218, 'time_epoch': 9.71511, 'eta': 2727.69357, 'eta_hours': 0.75769, 'loss': 0.02231231, 'lr': 0.00069376, 'params': 479627, 'time_iter': 0.0115, 'mae': 0.02231, 'r2': 0.91957, 'spearmanr': 0.9633, 'mse': 0.00259, 'rmse': 0.05087}
val: {'epoch': 218, 'time_epoch': 0.4917, 'loss': 0.07399171, 'lr': 0, 'params': 479627, 'time_iter': 0.00497, 'mae': 0.07399, 'r2': 0.56271, 'spearmanr': 0.79199, 'mse': 0.01569, 'rmse': 0.12528}
test: {'epoch': 218, 'time_epoch': 0.32549, 'loss': 0.09587386, 'lr': 0, 'params': 479627, 'time_iter': 0.00493, 'mae': 0.09587, 'r2': 0.43228, 'spearmanr': 0.72776, 'mse': 0.02309, 'rmse': 0.15196}
> Epoch 218: took 10.6s (avg 10.6s) | Best so far: epoch 31	train_loss: 0.0583 train_mae: 0.0583	val_loss: 0.0572 val_mae: 0.0571	test_loss: 0.0666 test_mae: 0.0666
train: {'epoch': 219, 'time_epoch': 10.25125, 'eta': 2718.67904, 'eta_hours': 0.75519, 'loss': 0.02235463, 'lr': 0.00069054, 'params': 479627, 'time_iter': 0.01213, 'mae': 0.02235, 'r2': 0.92017, 'spearmanr': 0.96371, 'mse': 0.00257, 'rmse': 0.05068}
val: {'epoch': 219, 'time_epoch': 0.49741, 'loss': 0.07722498, 'lr': 0, 'params': 479627, 'time_iter': 0.00502, 'mae': 0.07722, 'r2': 0.53103, 'spearmanr': 0.78061, 'mse': 0.01683, 'rmse': 0.12974}
test: {'epoch': 219, 'time_epoch': 0.32722, 'loss': 0.09771091, 'lr': 0, 'params': 479627, 'time_iter': 0.00496, 'mae': 0.09771, 'r2': 0.43234, 'spearmanr': 0.72567, 'mse': 0.02309, 'rmse': 0.15196}
> Epoch 219: took 11.1s (avg 10.6s) | Best so far: epoch 31	train_loss: 0.0583 train_mae: 0.0583	val_loss: 0.0572 val_mae: 0.0571	test_loss: 0.0666 test_mae: 0.0666
train: {'epoch': 220, 'time_epoch': 10.13732, 'eta': 2709.50948, 'eta_hours': 0.75264, 'loss': 0.02274477, 'lr': 0.0006873, 'params': 479627, 'time_iter': 0.012, 'mae': 0.02274, 'r2': 0.91473, 'spearmanr': 0.96128, 'mse': 0.00274, 'rmse': 0.05238}
val: {'epoch': 220, 'time_epoch': 0.49726, 'loss': 0.07218942, 'lr': 0, 'params': 479627, 'time_iter': 0.00502, 'mae': 0.07219, 'r2': 0.57291, 'spearmanr': 0.7919, 'mse': 0.01533, 'rmse': 0.12381}
test: {'epoch': 220, 'time_epoch': 0.3305, 'loss': 0.09541462, 'lr': 0, 'params': 479627, 'time_iter': 0.00501, 'mae': 0.09541, 'r2': 0.421, 'spearmanr': 0.71195, 'mse': 0.02355, 'rmse': 0.15347}
> Epoch 220: took 11.0s (avg 10.6s) | Best so far: epoch 31	train_loss: 0.0583 train_mae: 0.0583	val_loss: 0.0572 val_mae: 0.0571	test_loss: 0.0666 test_mae: 0.0666
train: {'epoch': 221, 'time_epoch': 9.94318, 'eta': 2700.08809, 'eta_hours': 0.75002, 'loss': 0.0221141, 'lr': 0.00068406, 'params': 479627, 'time_iter': 0.01177, 'mae': 0.02211, 'r2': 0.9211, 'spearmanr': 0.96412, 'mse': 0.00254, 'rmse': 0.05039}
val: {'epoch': 221, 'time_epoch': 0.49568, 'loss': 0.07443078, 'lr': 0, 'params': 479627, 'time_iter': 0.00501, 'mae': 0.07443, 'r2': 0.54956, 'spearmanr': 0.78764, 'mse': 0.01617, 'rmse': 0.12715}
test: {'epoch': 221, 'time_epoch': 0.32831, 'loss': 0.09549877, 'lr': 0, 'params': 479627, 'time_iter': 0.00497, 'mae': 0.0955, 'r2': 0.43443, 'spearmanr': 0.72453, 'mse': 0.02301, 'rmse': 0.15168}
> Epoch 221: took 10.8s (avg 10.6s) | Best so far: epoch 31	train_loss: 0.0583 train_mae: 0.0583	val_loss: 0.0572 val_mae: 0.0571	test_loss: 0.0666 test_mae: 0.0666
train: {'epoch': 222, 'time_epoch': 9.57022, 'eta': 2690.19875, 'eta_hours': 0.74728, 'loss': 0.02206236, 'lr': 0.00068081, 'params': 479627, 'time_iter': 0.01133, 'mae': 0.02206, 'r2': 0.92166, 'spearmanr': 0.96434, 'mse': 0.00252, 'rmse': 0.05021}
val: {'epoch': 222, 'time_epoch': 0.49323, 'loss': 0.0704513, 'lr': 0, 'params': 479627, 'time_iter': 0.00498, 'mae': 0.07045, 'r2': 0.59449, 'spearmanr': 0.79773, 'mse': 0.01455, 'rmse': 0.12064}
test: {'epoch': 222, 'time_epoch': 0.32751, 'loss': 0.09417773, 'lr': 0, 'params': 479627, 'time_iter': 0.00496, 'mae': 0.09418, 'r2': 0.44254, 'spearmanr': 0.72501, 'mse': 0.02268, 'rmse': 0.15058}
> Epoch 222: took 10.4s (avg 10.6s) | Best so far: epoch 31	train_loss: 0.0583 train_mae: 0.0583	val_loss: 0.0572 val_mae: 0.0571	test_loss: 0.0666 test_mae: 0.0666
train: {'epoch': 223, 'time_epoch': 9.73332, 'eta': 2680.51322, 'eta_hours': 0.74459, 'loss': 0.02200272, 'lr': 0.00067755, 'params': 479627, 'time_iter': 0.01152, 'mae': 0.022, 'r2': 0.92225, 'spearmanr': 0.9648, 'mse': 0.0025, 'rmse': 0.05002}
val: {'epoch': 223, 'time_epoch': 0.5039, 'loss': 0.07369642, 'lr': 0, 'params': 479627, 'time_iter': 0.00509, 'mae': 0.0737, 'r2': 0.56478, 'spearmanr': 0.79771, 'mse': 0.01562, 'rmse': 0.12498}
test: {'epoch': 223, 'time_epoch': 0.32499, 'loss': 0.09536456, 'lr': 0, 'params': 479627, 'time_iter': 0.00492, 'mae': 0.09536, 'r2': 0.44125, 'spearmanr': 0.72568, 'mse': 0.02273, 'rmse': 0.15076}
> Epoch 223: took 10.6s (avg 10.6s) | Best so far: epoch 31	train_loss: 0.0583 train_mae: 0.0583	val_loss: 0.0572 val_mae: 0.0571	test_loss: 0.0666 test_mae: 0.0666
train: {'epoch': 224, 'time_epoch': 10.2053, 'eta': 2671.40414, 'eta_hours': 0.74206, 'loss': 0.02176476, 'lr': 0.00067429, 'params': 479627, 'time_iter': 0.01208, 'mae': 0.02176, 'r2': 0.92203, 'spearmanr': 0.96486, 'mse': 0.00251, 'rmse': 0.05009}
val: {'epoch': 224, 'time_epoch': 0.49107, 'loss': 0.07336242, 'lr': 0, 'params': 479627, 'time_iter': 0.00496, 'mae': 0.07336, 'r2': 0.57515, 'spearmanr': 0.79558, 'mse': 0.01525, 'rmse': 0.12348}
test: {'epoch': 224, 'time_epoch': 0.32546, 'loss': 0.09617704, 'lr': 0, 'params': 479627, 'time_iter': 0.00493, 'mae': 0.09618, 'r2': 0.43112, 'spearmanr': 0.71591, 'mse': 0.02314, 'rmse': 0.15212}
> Epoch 224: took 11.0s (avg 10.6s) | Best so far: epoch 31	train_loss: 0.0583 train_mae: 0.0583	val_loss: 0.0572 val_mae: 0.0571	test_loss: 0.0666 test_mae: 0.0666
train: {'epoch': 225, 'time_epoch': 9.4417, 'eta': 2661.35957, 'eta_hours': 0.73927, 'loss': 0.02178621, 'lr': 0.00067101, 'params': 479627, 'time_iter': 0.01117, 'mae': 0.02179, 'r2': 0.92216, 'spearmanr': 0.9644, 'mse': 0.0025, 'rmse': 0.05005}
val: {'epoch': 225, 'time_epoch': 0.49336, 'loss': 0.07392903, 'lr': 0, 'params': 479627, 'time_iter': 0.00498, 'mae': 0.07393, 'r2': 0.57328, 'spearmanr': 0.79577, 'mse': 0.01532, 'rmse': 0.12375}
test: {'epoch': 225, 'time_epoch': 0.32671, 'loss': 0.09617383, 'lr': 0, 'params': 479627, 'time_iter': 0.00495, 'mae': 0.09617, 'r2': 0.4359, 'spearmanr': 0.7287, 'mse': 0.02295, 'rmse': 0.15148}
> Epoch 225: took 10.3s (avg 10.6s) | Best so far: epoch 31	train_loss: 0.0583 train_mae: 0.0583	val_loss: 0.0572 val_mae: 0.0571	test_loss: 0.0666 test_mae: 0.0666
train: {'epoch': 226, 'time_epoch': 9.65144, 'eta': 2651.57255, 'eta_hours': 0.73655, 'loss': 0.02199195, 'lr': 0.00066773, 'params': 479627, 'time_iter': 0.01142, 'mae': 0.02199, 'r2': 0.92129, 'spearmanr': 0.964, 'mse': 0.00253, 'rmse': 0.05032}
val: {'epoch': 226, 'time_epoch': 0.49036, 'loss': 0.07449957, 'lr': 0, 'params': 479627, 'time_iter': 0.00495, 'mae': 0.0745, 'r2': 0.56135, 'spearmanr': 0.8013, 'mse': 0.01574, 'rmse': 0.12547}
test: {'epoch': 226, 'time_epoch': 0.32718, 'loss': 0.10068925, 'lr': 0, 'params': 479627, 'time_iter': 0.00496, 'mae': 0.10069, 'r2': 0.40443, 'spearmanr': 0.74176, 'mse': 0.02423, 'rmse': 0.15565}
> Epoch 226: took 10.5s (avg 10.6s) | Best so far: epoch 31	train_loss: 0.0583 train_mae: 0.0583	val_loss: 0.0572 val_mae: 0.0571	test_loss: 0.0666 test_mae: 0.0666
train: {'epoch': 227, 'time_epoch': 9.68944, 'eta': 2641.83206, 'eta_hours': 0.73384, 'loss': 0.02185231, 'lr': 0.00066443, 'params': 479627, 'time_iter': 0.01147, 'mae': 0.02185, 'r2': 0.92073, 'spearmanr': 0.96398, 'mse': 0.00255, 'rmse': 0.0505}
val: {'epoch': 227, 'time_epoch': 0.49525, 'loss': 0.07734321, 'lr': 0, 'params': 479627, 'time_iter': 0.005, 'mae': 0.07734, 'r2': 0.55064, 'spearmanr': 0.78855, 'mse': 0.01613, 'rmse': 0.12699}
test: {'epoch': 227, 'time_epoch': 0.32842, 'loss': 0.10150514, 'lr': 0, 'params': 479627, 'time_iter': 0.00498, 'mae': 0.10151, 'r2': 0.40224, 'spearmanr': 0.72268, 'mse': 0.02432, 'rmse': 0.15593}
> Epoch 227: took 10.5s (avg 10.6s) | Best so far: epoch 31	train_loss: 0.0583 train_mae: 0.0583	val_loss: 0.0572 val_mae: 0.0571	test_loss: 0.0666 test_mae: 0.0666
train: {'epoch': 228, 'time_epoch': 9.41924, 'eta': 2631.77225, 'eta_hours': 0.73105, 'loss': 0.02175554, 'lr': 0.00066113, 'params': 479627, 'time_iter': 0.01115, 'mae': 0.02176, 'r2': 0.92363, 'spearmanr': 0.9657, 'mse': 0.00246, 'rmse': 0.04957}
val: {'epoch': 228, 'time_epoch': 0.49483, 'loss': 0.07752836, 'lr': 0, 'params': 479627, 'time_iter': 0.005, 'mae': 0.07753, 'r2': 0.53631, 'spearmanr': 0.77557, 'mse': 0.01664, 'rmse': 0.129}
test: {'epoch': 228, 'time_epoch': 0.3277, 'loss': 0.10119516, 'lr': 0, 'params': 479627, 'time_iter': 0.00497, 'mae': 0.1012, 'r2': 0.39494, 'spearmanr': 0.68718, 'mse': 0.02461, 'rmse': 0.15688}
> Epoch 228: took 10.3s (avg 10.6s) | Best so far: epoch 31	train_loss: 0.0583 train_mae: 0.0583	val_loss: 0.0572 val_mae: 0.0571	test_loss: 0.0666 test_mae: 0.0666
train: {'epoch': 229, 'time_epoch': 9.85523, 'eta': 2622.22983, 'eta_hours': 0.7284, 'loss': 0.0217656, 'lr': 0.00065782, 'params': 479627, 'time_iter': 0.01166, 'mae': 0.02177, 'r2': 0.92218, 'spearmanr': 0.96469, 'mse': 0.0025, 'rmse': 0.05004}
val: {'epoch': 229, 'time_epoch': 0.49237, 'loss': 0.07277837, 'lr': 0, 'params': 479627, 'time_iter': 0.00497, 'mae': 0.07278, 'r2': 0.57209, 'spearmanr': 0.80104, 'mse': 0.01536, 'rmse': 0.12393}
test: {'epoch': 229, 'time_epoch': 0.32569, 'loss': 0.09747779, 'lr': 0, 'params': 479627, 'time_iter': 0.00493, 'mae': 0.09748, 'r2': 0.43496, 'spearmanr': 0.74018, 'mse': 0.02298, 'rmse': 0.1516}
> Epoch 229: took 10.7s (avg 10.6s) | Best so far: epoch 31	train_loss: 0.0583 train_mae: 0.0583	val_loss: 0.0572 val_mae: 0.0571	test_loss: 0.0666 test_mae: 0.0666
train: {'epoch': 230, 'time_epoch': 9.8772, 'eta': 2612.71029, 'eta_hours': 0.72575, 'loss': 0.02152602, 'lr': 0.00065451, 'params': 479627, 'time_iter': 0.01169, 'mae': 0.02153, 'r2': 0.9231, 'spearmanr': 0.96487, 'mse': 0.00247, 'rmse': 0.04974}
val: {'epoch': 230, 'time_epoch': 0.49454, 'loss': 0.07110278, 'lr': 0, 'params': 479627, 'time_iter': 0.005, 'mae': 0.0711, 'r2': 0.58754, 'spearmanr': 0.8045, 'mse': 0.0148, 'rmse': 0.12167}
test: {'epoch': 230, 'time_epoch': 0.32831, 'loss': 0.09483505, 'lr': 0, 'params': 479627, 'time_iter': 0.00497, 'mae': 0.09484, 'r2': 0.45442, 'spearmanr': 0.73851, 'mse': 0.02219, 'rmse': 0.14897}
> Epoch 230: took 10.7s (avg 10.6s) | Best so far: epoch 31	train_loss: 0.0583 train_mae: 0.0583	val_loss: 0.0572 val_mae: 0.0571	test_loss: 0.0666 test_mae: 0.0666
train: {'epoch': 231, 'time_epoch': 9.5995, 'eta': 2602.86687, 'eta_hours': 0.72302, 'loss': 0.02161235, 'lr': 0.00065118, 'params': 479627, 'time_iter': 0.01136, 'mae': 0.02161, 'r2': 0.92322, 'spearmanr': 0.96506, 'mse': 0.00247, 'rmse': 0.0497}
val: {'epoch': 231, 'time_epoch': 0.49477, 'loss': 0.07444941, 'lr': 0, 'params': 479627, 'time_iter': 0.005, 'mae': 0.07445, 'r2': 0.57705, 'spearmanr': 0.80568, 'mse': 0.01518, 'rmse': 0.12321}
test: {'epoch': 231, 'time_epoch': 0.33076, 'loss': 0.09768419, 'lr': 0, 'params': 479627, 'time_iter': 0.00501, 'mae': 0.09768, 'r2': 0.44453, 'spearmanr': 0.74661, 'mse': 0.02259, 'rmse': 0.15032}
> Epoch 231: took 10.4s (avg 10.6s) | Best so far: epoch 31	train_loss: 0.0583 train_mae: 0.0583	val_loss: 0.0572 val_mae: 0.0571	test_loss: 0.0666 test_mae: 0.0666
train: {'epoch': 232, 'time_epoch': 9.88992, 'eta': 2593.35835, 'eta_hours': 0.72038, 'loss': 0.0215178, 'lr': 0.00064785, 'params': 479627, 'time_iter': 0.0117, 'mae': 0.02152, 'r2': 0.92484, 'spearmanr': 0.96536, 'mse': 0.00242, 'rmse': 0.04918}
val: {'epoch': 232, 'time_epoch': 0.49783, 'loss': 0.07348097, 'lr': 0, 'params': 479627, 'time_iter': 0.00503, 'mae': 0.07348, 'r2': 0.56903, 'spearmanr': 0.79607, 'mse': 0.01547, 'rmse': 0.12437}
test: {'epoch': 232, 'time_epoch': 0.33311, 'loss': 0.09614679, 'lr': 0, 'params': 479627, 'time_iter': 0.00505, 'mae': 0.09615, 'r2': 0.44585, 'spearmanr': 0.72562, 'mse': 0.02254, 'rmse': 0.15014}
> Epoch 232: took 10.8s (avg 10.6s) | Best so far: epoch 31	train_loss: 0.0583 train_mae: 0.0583	val_loss: 0.0572 val_mae: 0.0571	test_loss: 0.0666 test_mae: 0.0666
train: {'epoch': 233, 'time_epoch': 10.17103, 'eta': 2584.16612, 'eta_hours': 0.71782, 'loss': 0.02130469, 'lr': 0.00064452, 'params': 479627, 'time_iter': 0.01204, 'mae': 0.0213, 'r2': 0.9253, 'spearmanr': 0.96584, 'mse': 0.0024, 'rmse': 0.04903}
val: {'epoch': 233, 'time_epoch': 0.50299, 'loss': 0.07112217, 'lr': 0, 'params': 479627, 'time_iter': 0.00508, 'mae': 0.07112, 'r2': 0.58801, 'spearmanr': 0.8019, 'mse': 0.01479, 'rmse': 0.1216}
test: {'epoch': 233, 'time_epoch': 0.33417, 'loss': 0.09294196, 'lr': 0, 'params': 479627, 'time_iter': 0.00506, 'mae': 0.09294, 'r2': 0.45027, 'spearmanr': 0.74268, 'mse': 0.02236, 'rmse': 0.14954}
> Epoch 233: took 11.0s (avg 10.6s) | Best so far: epoch 31	train_loss: 0.0583 train_mae: 0.0583	val_loss: 0.0572 val_mae: 0.0571	test_loss: 0.0666 test_mae: 0.0666
train: {'epoch': 234, 'time_epoch': 9.43415, 'eta': 2574.13461, 'eta_hours': 0.71504, 'loss': 0.02130644, 'lr': 0.00064117, 'params': 479627, 'time_iter': 0.01116, 'mae': 0.02131, 'r2': 0.92353, 'spearmanr': 0.96549, 'mse': 0.00246, 'rmse': 0.0496}
val: {'epoch': 234, 'time_epoch': 0.49274, 'loss': 0.07420113, 'lr': 0, 'params': 479627, 'time_iter': 0.00498, 'mae': 0.0742, 'r2': 0.56775, 'spearmanr': 0.79801, 'mse': 0.01551, 'rmse': 0.12455}
test: {'epoch': 234, 'time_epoch': 0.34178, 'loss': 0.09434318, 'lr': 0, 'params': 479627, 'time_iter': 0.00518, 'mae': 0.09434, 'r2': 0.45836, 'spearmanr': 0.74137, 'mse': 0.02203, 'rmse': 0.14843}
> Epoch 234: took 10.3s (avg 10.6s) | Best so far: epoch 31	train_loss: 0.0583 train_mae: 0.0583	val_loss: 0.0572 val_mae: 0.0571	test_loss: 0.0666 test_mae: 0.0666
train: {'epoch': 235, 'time_epoch': 9.47186, 'eta': 2564.15035, 'eta_hours': 0.71226, 'loss': 0.0211266, 'lr': 0.00063782, 'params': 479627, 'time_iter': 0.01121, 'mae': 0.02113, 'r2': 0.92605, 'spearmanr': 0.96662, 'mse': 0.00238, 'rmse': 0.04878}
val: {'epoch': 235, 'time_epoch': 0.49646, 'loss': 0.07418459, 'lr': 0, 'params': 479627, 'time_iter': 0.00501, 'mae': 0.07418, 'r2': 0.56065, 'spearmanr': 0.80179, 'mse': 0.01577, 'rmse': 0.12557}
test: {'epoch': 235, 'time_epoch': 0.32966, 'loss': 0.09916294, 'lr': 0, 'params': 479627, 'time_iter': 0.00499, 'mae': 0.09916, 'r2': 0.41229, 'spearmanr': 0.73741, 'mse': 0.02391, 'rmse': 0.15462}
> Epoch 235: took 10.3s (avg 10.6s) | Best so far: epoch 31	train_loss: 0.0583 train_mae: 0.0583	val_loss: 0.0572 val_mae: 0.0571	test_loss: 0.0666 test_mae: 0.0666
train: {'epoch': 236, 'time_epoch': 9.40454, 'eta': 2554.0957, 'eta_hours': 0.70947, 'loss': 0.02120436, 'lr': 0.00063446, 'params': 479627, 'time_iter': 0.01113, 'mae': 0.0212, 'r2': 0.92531, 'spearmanr': 0.96598, 'mse': 0.0024, 'rmse': 0.04903}
val: {'epoch': 236, 'time_epoch': 0.49657, 'loss': 0.0756386, 'lr': 0, 'params': 479627, 'time_iter': 0.00502, 'mae': 0.07564, 'r2': 0.54335, 'spearmanr': 0.78433, 'mse': 0.01639, 'rmse': 0.12802}
test: {'epoch': 236, 'time_epoch': 0.32984, 'loss': 0.09550228, 'lr': 0, 'params': 479627, 'time_iter': 0.005, 'mae': 0.0955, 'r2': 0.44257, 'spearmanr': 0.72832, 'mse': 0.02267, 'rmse': 0.15058}
> Epoch 236: took 10.3s (avg 10.6s) | Best so far: epoch 31	train_loss: 0.0583 train_mae: 0.0583	val_loss: 0.0572 val_mae: 0.0571	test_loss: 0.0666 test_mae: 0.0666
train: {'epoch': 237, 'time_epoch': 9.41025, 'eta': 2544.0528, 'eta_hours': 0.70668, 'loss': 0.02044994, 'lr': 0.00063109, 'params': 479627, 'time_iter': 0.01114, 'mae': 0.02045, 'r2': 0.92867, 'spearmanr': 0.96774, 'mse': 0.0023, 'rmse': 0.04791}
val: {'epoch': 237, 'time_epoch': 0.49525, 'loss': 0.07556896, 'lr': 0, 'params': 479627, 'time_iter': 0.005, 'mae': 0.07557, 'r2': 0.55319, 'spearmanr': 0.793, 'mse': 0.01604, 'rmse': 0.12663}
test: {'epoch': 237, 'time_epoch': 0.32925, 'loss': 0.10014955, 'lr': 0, 'params': 479627, 'time_iter': 0.00499, 'mae': 0.10015, 'r2': 0.40837, 'spearmanr': 0.73067, 'mse': 0.02407, 'rmse': 0.15513}
> Epoch 237: took 10.3s (avg 10.6s) | Best so far: epoch 31	train_loss: 0.0583 train_mae: 0.0583	val_loss: 0.0572 val_mae: 0.0571	test_loss: 0.0666 test_mae: 0.0666
train: {'epoch': 238, 'time_epoch': 9.45506, 'eta': 2534.06413, 'eta_hours': 0.70391, 'loss': 0.02073688, 'lr': 0.00062772, 'params': 479627, 'time_iter': 0.01119, 'mae': 0.02074, 'r2': 0.92777, 'spearmanr': 0.9676, 'mse': 0.00232, 'rmse': 0.04821}
val: {'epoch': 238, 'time_epoch': 0.49483, 'loss': 0.07491674, 'lr': 0, 'params': 479627, 'time_iter': 0.005, 'mae': 0.07492, 'r2': 0.5559, 'spearmanr': 0.79755, 'mse': 0.01594, 'rmse': 0.12625}
test: {'epoch': 238, 'time_epoch': 0.33129, 'loss': 0.09812182, 'lr': 0, 'params': 479627, 'time_iter': 0.00502, 'mae': 0.09812, 'r2': 0.41134, 'spearmanr': 0.72678, 'mse': 0.02394, 'rmse': 0.15474}
> Epoch 238: took 10.3s (avg 10.6s) | Best so far: epoch 31	train_loss: 0.0583 train_mae: 0.0583	val_loss: 0.0572 val_mae: 0.0571	test_loss: 0.0666 test_mae: 0.0666
train: {'epoch': 239, 'time_epoch': 9.80598, 'eta': 2524.46007, 'eta_hours': 0.70124, 'loss': 0.02085268, 'lr': 0.00062434, 'params': 479627, 'time_iter': 0.0116, 'mae': 0.02085, 'r2': 0.926, 'spearmanr': 0.96646, 'mse': 0.00238, 'rmse': 0.0488}
val: {'epoch': 239, 'time_epoch': 0.49586, 'loss': 0.07252848, 'lr': 0, 'params': 479627, 'time_iter': 0.00501, 'mae': 0.07253, 'r2': 0.57098, 'spearmanr': 0.79489, 'mse': 0.0154, 'rmse': 0.12409}
test: {'epoch': 239, 'time_epoch': 0.32903, 'loss': 0.09564703, 'lr': 0, 'params': 479627, 'time_iter': 0.00499, 'mae': 0.09565, 'r2': 0.43316, 'spearmanr': 0.7319, 'mse': 0.02306, 'rmse': 0.15185}
> Epoch 239: took 10.7s (avg 10.6s) | Best so far: epoch 31	train_loss: 0.0583 train_mae: 0.0583	val_loss: 0.0572 val_mae: 0.0571	test_loss: 0.0666 test_mae: 0.0666
train: {'epoch': 240, 'time_epoch': 9.40314, 'eta': 2514.42141, 'eta_hours': 0.69845, 'loss': 0.02090893, 'lr': 0.00062096, 'params': 479627, 'time_iter': 0.01113, 'mae': 0.02091, 'r2': 0.92489, 'spearmanr': 0.96621, 'mse': 0.00242, 'rmse': 0.04916}
val: {'epoch': 240, 'time_epoch': 0.49302, 'loss': 0.07045859, 'lr': 0, 'params': 479627, 'time_iter': 0.00498, 'mae': 0.07046, 'r2': 0.57566, 'spearmanr': 0.7933, 'mse': 0.01523, 'rmse': 0.12341}
test: {'epoch': 240, 'time_epoch': 0.33079, 'loss': 0.08941234, 'lr': 0, 'params': 479627, 'time_iter': 0.00501, 'mae': 0.08941, 'r2': 0.4669, 'spearmanr': 0.72703, 'mse': 0.02168, 'rmse': 0.14726}
> Epoch 240: took 10.2s (avg 10.6s) | Best so far: epoch 31	train_loss: 0.0583 train_mae: 0.0583	val_loss: 0.0572 val_mae: 0.0571	test_loss: 0.0666 test_mae: 0.0666
train: {'epoch': 241, 'time_epoch': 9.41855, 'eta': 2504.40443, 'eta_hours': 0.69567, 'loss': 0.0206587, 'lr': 0.00061757, 'params': 479627, 'time_iter': 0.01115, 'mae': 0.02066, 'r2': 0.92899, 'spearmanr': 0.96762, 'mse': 0.00228, 'rmse': 0.0478}
val: {'epoch': 241, 'time_epoch': 0.49902, 'loss': 0.07032379, 'lr': 0, 'params': 479627, 'time_iter': 0.00504, 'mae': 0.07032, 'r2': 0.58746, 'spearmanr': 0.79694, 'mse': 0.01481, 'rmse': 0.12168}
test: {'epoch': 241, 'time_epoch': 0.33021, 'loss': 0.08928611, 'lr': 0, 'params': 479627, 'time_iter': 0.005, 'mae': 0.08929, 'r2': 0.47045, 'spearmanr': 0.72691, 'mse': 0.02154, 'rmse': 0.14677}
> Epoch 241: took 10.3s (avg 10.6s) | Best so far: epoch 31	train_loss: 0.0583 train_mae: 0.0583	val_loss: 0.0572 val_mae: 0.0571	test_loss: 0.0666 test_mae: 0.0666
train: {'epoch': 242, 'time_epoch': 9.6086, 'eta': 2494.59337, 'eta_hours': 0.69294, 'loss': 0.02062077, 'lr': 0.00061418, 'params': 479627, 'time_iter': 0.01137, 'mae': 0.02062, 'r2': 0.92629, 'spearmanr': 0.96716, 'mse': 0.00237, 'rmse': 0.0487}
val: {'epoch': 242, 'time_epoch': 0.49813, 'loss': 0.07119896, 'lr': 0, 'params': 479627, 'time_iter': 0.00503, 'mae': 0.0712, 'r2': 0.58484, 'spearmanr': 0.7997, 'mse': 0.0149, 'rmse': 0.12207}
test: {'epoch': 242, 'time_epoch': 0.33231, 'loss': 0.09491958, 'lr': 0, 'params': 479627, 'time_iter': 0.00504, 'mae': 0.09492, 'r2': 0.44, 'spearmanr': 0.71502, 'mse': 0.02278, 'rmse': 0.15093}
> Epoch 242: took 10.5s (avg 10.6s) | Best so far: epoch 31	train_loss: 0.0583 train_mae: 0.0583	val_loss: 0.0572 val_mae: 0.0571	test_loss: 0.0666 test_mae: 0.0666
train: {'epoch': 243, 'time_epoch': 9.65436, 'eta': 2484.83199, 'eta_hours': 0.69023, 'loss': 0.02038082, 'lr': 0.00061077, 'params': 479627, 'time_iter': 0.01143, 'mae': 0.02038, 'r2': 0.92943, 'spearmanr': 0.96854, 'mse': 0.00227, 'rmse': 0.04765}
val: {'epoch': 243, 'time_epoch': 0.49611, 'loss': 0.07485747, 'lr': 0, 'params': 479627, 'time_iter': 0.00501, 'mae': 0.07486, 'r2': 0.55409, 'spearmanr': 0.79528, 'mse': 0.016, 'rmse': 0.12651}
test: {'epoch': 243, 'time_epoch': 0.32956, 'loss': 0.09596306, 'lr': 0, 'params': 479627, 'time_iter': 0.00499, 'mae': 0.09596, 'r2': 0.43608, 'spearmanr': 0.72223, 'mse': 0.02294, 'rmse': 0.15145}
> Epoch 243: took 10.5s (avg 10.6s) | Best so far: epoch 31	train_loss: 0.0583 train_mae: 0.0583	val_loss: 0.0572 val_mae: 0.0571	test_loss: 0.0666 test_mae: 0.0666
train: {'epoch': 244, 'time_epoch': 9.65532, 'eta': 2475.07248, 'eta_hours': 0.68752, 'loss': 0.02031039, 'lr': 0.00060737, 'params': 479627, 'time_iter': 0.01143, 'mae': 0.02031, 'r2': 0.92953, 'spearmanr': 0.96861, 'mse': 0.00227, 'rmse': 0.04762}
val: {'epoch': 244, 'time_epoch': 0.49597, 'loss': 0.07322591, 'lr': 0, 'params': 479627, 'time_iter': 0.00501, 'mae': 0.07323, 'r2': 0.57106, 'spearmanr': 0.79585, 'mse': 0.01539, 'rmse': 0.12408}
test: {'epoch': 244, 'time_epoch': 0.32506, 'loss': 0.09854759, 'lr': 0, 'params': 479627, 'time_iter': 0.00493, 'mae': 0.09855, 'r2': 0.41898, 'spearmanr': 0.72333, 'mse': 0.02363, 'rmse': 0.15373}
> Epoch 244: took 10.5s (avg 10.6s) | Best so far: epoch 31	train_loss: 0.0583 train_mae: 0.0583	val_loss: 0.0572 val_mae: 0.0571	test_loss: 0.0666 test_mae: 0.0666
train: {'epoch': 245, 'time_epoch': 10.34309, 'eta': 2466.02394, 'eta_hours': 0.68501, 'loss': 0.02047206, 'lr': 0.00060396, 'params': 479627, 'time_iter': 0.01224, 'mae': 0.02047, 'r2': 0.9283, 'spearmanr': 0.96822, 'mse': 0.00231, 'rmse': 0.04803}
val: {'epoch': 245, 'time_epoch': 0.4948, 'loss': 0.07204649, 'lr': 0, 'params': 479627, 'time_iter': 0.005, 'mae': 0.07205, 'r2': 0.57234, 'spearmanr': 0.79307, 'mse': 0.01535, 'rmse': 0.12389}
test: {'epoch': 245, 'time_epoch': 0.32924, 'loss': 0.09185017, 'lr': 0, 'params': 479627, 'time_iter': 0.00499, 'mae': 0.09185, 'r2': 0.46184, 'spearmanr': 0.72974, 'mse': 0.02189, 'rmse': 0.14796}
> Epoch 245: took 11.2s (avg 10.6s) | Best so far: epoch 31	train_loss: 0.0583 train_mae: 0.0583	val_loss: 0.0572 val_mae: 0.0571	test_loss: 0.0666 test_mae: 0.0666
train: {'epoch': 246, 'time_epoch': 9.99202, 'eta': 2456.60533, 'eta_hours': 0.68239, 'loss': 0.02027656, 'lr': 0.00060054, 'params': 479627, 'time_iter': 0.01182, 'mae': 0.02028, 'r2': 0.93002, 'spearmanr': 0.96943, 'mse': 0.00225, 'rmse': 0.04745}
val: {'epoch': 246, 'time_epoch': 0.49562, 'loss': 0.07606694, 'lr': 0, 'params': 479627, 'time_iter': 0.00501, 'mae': 0.07607, 'r2': 0.54422, 'spearmanr': 0.7892, 'mse': 0.01636, 'rmse': 0.1279}
test: {'epoch': 246, 'time_epoch': 0.32812, 'loss': 0.09570659, 'lr': 0, 'params': 479627, 'time_iter': 0.00497, 'mae': 0.09571, 'r2': 0.43799, 'spearmanr': 0.72497, 'mse': 0.02286, 'rmse': 0.1512}
> Epoch 246: took 10.8s (avg 10.6s) | Best so far: epoch 31	train_loss: 0.0583 train_mae: 0.0583	val_loss: 0.0572 val_mae: 0.0571	test_loss: 0.0666 test_mae: 0.0666
train: {'epoch': 247, 'time_epoch': 9.42011, 'eta': 2446.60096, 'eta_hours': 0.67961, 'loss': 0.02049025, 'lr': 0.00059712, 'params': 479627, 'time_iter': 0.01115, 'mae': 0.02049, 'r2': 0.9273, 'spearmanr': 0.96772, 'mse': 0.00234, 'rmse': 0.04837}
val: {'epoch': 247, 'time_epoch': 0.49275, 'loss': 0.07420781, 'lr': 0, 'params': 479627, 'time_iter': 0.00498, 'mae': 0.07421, 'r2': 0.54378, 'spearmanr': 0.78278, 'mse': 0.01637, 'rmse': 0.12796}
test: {'epoch': 247, 'time_epoch': 0.32977, 'loss': 0.09386722, 'lr': 0, 'params': 479627, 'time_iter': 0.005, 'mae': 0.09387, 'r2': 0.44566, 'spearmanr': 0.72229, 'mse': 0.02255, 'rmse': 0.15016}
> Epoch 247: took 10.3s (avg 10.6s) | Best so far: epoch 31	train_loss: 0.0583 train_mae: 0.0583	val_loss: 0.0572 val_mae: 0.0571	test_loss: 0.0666 test_mae: 0.0666
train: {'epoch': 248, 'time_epoch': 9.44969, 'eta': 2436.6311, 'eta_hours': 0.67684, 'loss': 0.02012159, 'lr': 0.00059369, 'params': 479627, 'time_iter': 0.01118, 'mae': 0.02012, 'r2': 0.92898, 'spearmanr': 0.96865, 'mse': 0.00229, 'rmse': 0.0478}
val: {'epoch': 248, 'time_epoch': 0.4985, 'loss': 0.07473498, 'lr': 0, 'params': 479627, 'time_iter': 0.00504, 'mae': 0.07473, 'r2': 0.55111, 'spearmanr': 0.7878, 'mse': 0.01611, 'rmse': 0.12693}
test: {'epoch': 248, 'time_epoch': 0.33002, 'loss': 0.09908763, 'lr': 0, 'params': 479627, 'time_iter': 0.005, 'mae': 0.09909, 'r2': 0.42307, 'spearmanr': 0.72216, 'mse': 0.02347, 'rmse': 0.15319}
> Epoch 248: took 10.3s (avg 10.6s) | Best so far: epoch 31	train_loss: 0.0583 train_mae: 0.0583	val_loss: 0.0572 val_mae: 0.0571	test_loss: 0.0666 test_mae: 0.0666
train: {'epoch': 249, 'time_epoch': 9.44598, 'eta': 2426.6617, 'eta_hours': 0.67407, 'loss': 0.01990871, 'lr': 0.00059026, 'params': 479627, 'time_iter': 0.01118, 'mae': 0.01991, 'r2': 0.9323, 'spearmanr': 0.96984, 'mse': 0.00218, 'rmse': 0.04667}
val: {'epoch': 249, 'time_epoch': 0.49562, 'loss': 0.07206972, 'lr': 0, 'params': 479627, 'time_iter': 0.00501, 'mae': 0.07207, 'r2': 0.5786, 'spearmanr': 0.79945, 'mse': 0.01512, 'rmse': 0.12298}
test: {'epoch': 249, 'time_epoch': 0.3304, 'loss': 0.093313, 'lr': 0, 'params': 479627, 'time_iter': 0.00501, 'mae': 0.09331, 'r2': 0.45483, 'spearmanr': 0.72945, 'mse': 0.02218, 'rmse': 0.14892}
> Epoch 249: took 10.3s (avg 10.6s) | Best so far: epoch 31	train_loss: 0.0583 train_mae: 0.0583	val_loss: 0.0572 val_mae: 0.0571	test_loss: 0.0666 test_mae: 0.0666
train: {'epoch': 250, 'time_epoch': 9.412, 'eta': 2416.66275, 'eta_hours': 0.6713, 'loss': 0.01982062, 'lr': 0.00058682, 'params': 479627, 'time_iter': 0.01114, 'mae': 0.01982, 'r2': 0.93207, 'spearmanr': 0.96995, 'mse': 0.00219, 'rmse': 0.04675}
val: {'epoch': 250, 'time_epoch': 0.49872, 'loss': 0.07435077, 'lr': 0, 'params': 479627, 'time_iter': 0.00504, 'mae': 0.07435, 'r2': 0.56786, 'spearmanr': 0.79723, 'mse': 0.01551, 'rmse': 0.12454}
test: {'epoch': 250, 'time_epoch': 0.33022, 'loss': 0.09837071, 'lr': 0, 'params': 479627, 'time_iter': 0.005, 'mae': 0.09837, 'r2': 0.41215, 'spearmanr': 0.7106, 'mse': 0.02391, 'rmse': 0.15464}
> Epoch 250: took 10.3s (avg 10.6s) | Best so far: epoch 31	train_loss: 0.0583 train_mae: 0.0583	val_loss: 0.0572 val_mae: 0.0571	test_loss: 0.0666 test_mae: 0.0666
train: {'epoch': 251, 'time_epoch': 9.42864, 'eta': 2406.68484, 'eta_hours': 0.66852, 'loss': 0.01975418, 'lr': 0.00058338, 'params': 479627, 'time_iter': 0.01116, 'mae': 0.01975, 'r2': 0.93355, 'spearmanr': 0.97036, 'mse': 0.00214, 'rmse': 0.04624}
val: {'epoch': 251, 'time_epoch': 0.49699, 'loss': 0.07306033, 'lr': 0, 'params': 479627, 'time_iter': 0.00502, 'mae': 0.07306, 'r2': 0.56749, 'spearmanr': 0.79879, 'mse': 0.01552, 'rmse': 0.12459}
test: {'epoch': 251, 'time_epoch': 0.32976, 'loss': 0.09567308, 'lr': 0, 'params': 479627, 'time_iter': 0.005, 'mae': 0.09567, 'r2': 0.45896, 'spearmanr': 0.74791, 'mse': 0.02201, 'rmse': 0.14835}
> Epoch 251: took 10.3s (avg 10.6s) | Best so far: epoch 31	train_loss: 0.0583 train_mae: 0.0583	val_loss: 0.0572 val_mae: 0.0571	test_loss: 0.0666 test_mae: 0.0666
train: {'epoch': 252, 'time_epoch': 9.43572, 'eta': 2396.71818, 'eta_hours': 0.66576, 'loss': 0.01995191, 'lr': 0.00057994, 'params': 479627, 'time_iter': 0.01117, 'mae': 0.01995, 'r2': 0.93055, 'spearmanr': 0.96966, 'mse': 0.00223, 'rmse': 0.04727}
val: {'epoch': 252, 'time_epoch': 0.49436, 'loss': 0.07336366, 'lr': 0, 'params': 479627, 'time_iter': 0.00499, 'mae': 0.07336, 'r2': 0.57484, 'spearmanr': 0.79666, 'mse': 0.01526, 'rmse': 0.12353}
test: {'epoch': 252, 'time_epoch': 0.3276, 'loss': 0.09809141, 'lr': 0, 'params': 479627, 'time_iter': 0.00496, 'mae': 0.09809, 'r2': 0.41542, 'spearmanr': 0.71406, 'mse': 0.02378, 'rmse': 0.1542}
> Epoch 252: took 10.3s (avg 10.6s) | Best so far: epoch 31	train_loss: 0.0583 train_mae: 0.0583	val_loss: 0.0572 val_mae: 0.0571	test_loss: 0.0666 test_mae: 0.0666
train: {'epoch': 253, 'time_epoch': 9.45892, 'eta': 2386.77817, 'eta_hours': 0.66299, 'loss': 0.01968069, 'lr': 0.00057649, 'params': 479627, 'time_iter': 0.01119, 'mae': 0.01968, 'r2': 0.93256, 'spearmanr': 0.97007, 'mse': 0.00217, 'rmse': 0.04658}
val: {'epoch': 253, 'time_epoch': 0.49779, 'loss': 0.07530555, 'lr': 0, 'params': 479627, 'time_iter': 0.00503, 'mae': 0.07531, 'r2': 0.5648, 'spearmanr': 0.79035, 'mse': 0.01562, 'rmse': 0.12498}
test: {'epoch': 253, 'time_epoch': 0.33736, 'loss': 0.0964763, 'lr': 0, 'params': 479627, 'time_iter': 0.00511, 'mae': 0.09648, 'r2': 0.41896, 'spearmanr': 0.71015, 'mse': 0.02363, 'rmse': 0.15374}
> Epoch 253: took 10.3s (avg 10.6s) | Best so far: epoch 31	train_loss: 0.0583 train_mae: 0.0583	val_loss: 0.0572 val_mae: 0.0571	test_loss: 0.0666 test_mae: 0.0666
train: {'epoch': 254, 'time_epoch': 9.959, 'eta': 2377.32241, 'eta_hours': 0.66037, 'loss': 0.01968484, 'lr': 0.00057304, 'params': 479627, 'time_iter': 0.01179, 'mae': 0.01968, 'r2': 0.93321, 'spearmanr': 0.97036, 'mse': 0.00215, 'rmse': 0.04636}
val: {'epoch': 254, 'time_epoch': 0.49669, 'loss': 0.07244858, 'lr': 0, 'params': 479627, 'time_iter': 0.00502, 'mae': 0.07245, 'r2': 0.56722, 'spearmanr': 0.79345, 'mse': 0.01553, 'rmse': 0.12463}
test: {'epoch': 254, 'time_epoch': 0.32825, 'loss': 0.094018, 'lr': 0, 'params': 479627, 'time_iter': 0.00497, 'mae': 0.09402, 'r2': 0.42541, 'spearmanr': 0.71671, 'mse': 0.02337, 'rmse': 0.15288}
> Epoch 254: took 10.8s (avg 10.6s) | Best so far: epoch 31	train_loss: 0.0583 train_mae: 0.0583	val_loss: 0.0572 val_mae: 0.0571	test_loss: 0.0666 test_mae: 0.0666
train: {'epoch': 255, 'time_epoch': 9.79769, 'eta': 2367.70896, 'eta_hours': 0.6577, 'loss': 0.01985748, 'lr': 0.00056959, 'params': 479627, 'time_iter': 0.01159, 'mae': 0.01986, 'r2': 0.93163, 'spearmanr': 0.96933, 'mse': 0.0022, 'rmse': 0.0469}
val: {'epoch': 255, 'time_epoch': 0.49497, 'loss': 0.07325195, 'lr': 0, 'params': 479627, 'time_iter': 0.005, 'mae': 0.07325, 'r2': 0.56412, 'spearmanr': 0.7968, 'mse': 0.01564, 'rmse': 0.12508}
test: {'epoch': 255, 'time_epoch': 0.32706, 'loss': 0.09299489, 'lr': 0, 'params': 479627, 'time_iter': 0.00496, 'mae': 0.09299, 'r2': 0.44878, 'spearmanr': 0.72964, 'mse': 0.02242, 'rmse': 0.14974}
> Epoch 255: took 10.6s (avg 10.6s) | Best so far: epoch 31	train_loss: 0.0583 train_mae: 0.0583	val_loss: 0.0572 val_mae: 0.0571	test_loss: 0.0666 test_mae: 0.0666
train: {'epoch': 256, 'time_epoch': 9.39812, 'eta': 2357.71628, 'eta_hours': 0.65492, 'loss': 0.01974276, 'lr': 0.00056613, 'params': 479627, 'time_iter': 0.01112, 'mae': 0.01974, 'r2': 0.9327, 'spearmanr': 0.96977, 'mse': 0.00217, 'rmse': 0.04653}
val: {'epoch': 256, 'time_epoch': 0.49278, 'loss': 0.07306139, 'lr': 0, 'params': 479627, 'time_iter': 0.00498, 'mae': 0.07306, 'r2': 0.56768, 'spearmanr': 0.79437, 'mse': 0.01552, 'rmse': 0.12456}
test: {'epoch': 256, 'time_epoch': 0.32728, 'loss': 0.09468167, 'lr': 0, 'params': 479627, 'time_iter': 0.00496, 'mae': 0.09468, 'r2': 0.4445, 'spearmanr': 0.73509, 'mse': 0.0226, 'rmse': 0.15032}
> Epoch 256: took 10.2s (avg 10.6s) | Best so far: epoch 31	train_loss: 0.0583 train_mae: 0.0583	val_loss: 0.0572 val_mae: 0.0571	test_loss: 0.0666 test_mae: 0.0666
train: {'epoch': 257, 'time_epoch': 9.41965, 'eta': 2347.7484, 'eta_hours': 0.65215, 'loss': 0.01936546, 'lr': 0.00056267, 'params': 479627, 'time_iter': 0.01115, 'mae': 0.01937, 'r2': 0.93458, 'spearmanr': 0.97065, 'mse': 0.00211, 'rmse': 0.04588}
val: {'epoch': 257, 'time_epoch': 0.49702, 'loss': 0.07533053, 'lr': 0, 'params': 479627, 'time_iter': 0.00502, 'mae': 0.07533, 'r2': 0.56344, 'spearmanr': 0.78868, 'mse': 0.01567, 'rmse': 0.12517}
test: {'epoch': 257, 'time_epoch': 0.32957, 'loss': 0.0976574, 'lr': 0, 'params': 479627, 'time_iter': 0.00499, 'mae': 0.09766, 'r2': 0.42703, 'spearmanr': 0.70828, 'mse': 0.02331, 'rmse': 0.15266}
> Epoch 257: took 10.3s (avg 10.6s) | Best so far: epoch 31	train_loss: 0.0583 train_mae: 0.0583	val_loss: 0.0572 val_mae: 0.0571	test_loss: 0.0666 test_mae: 0.0666
train: {'epoch': 258, 'time_epoch': 9.40207, 'eta': 2337.7684, 'eta_hours': 0.64938, 'loss': 0.01920082, 'lr': 0.0005592, 'params': 479627, 'time_iter': 0.01113, 'mae': 0.0192, 'r2': 0.93465, 'spearmanr': 0.97111, 'mse': 0.0021, 'rmse': 0.04586}
val: {'epoch': 258, 'time_epoch': 0.4952, 'loss': 0.07431764, 'lr': 0, 'params': 479627, 'time_iter': 0.005, 'mae': 0.07432, 'r2': 0.56794, 'spearmanr': 0.79753, 'mse': 0.01551, 'rmse': 0.12453}
test: {'epoch': 258, 'time_epoch': 0.3286, 'loss': 0.10051567, 'lr': 0, 'params': 479627, 'time_iter': 0.00498, 'mae': 0.10052, 'r2': 0.40712, 'spearmanr': 0.72414, 'mse': 0.02412, 'rmse': 0.1553}
> Epoch 258: took 10.2s (avg 10.5s) | Best so far: epoch 31	train_loss: 0.0583 train_mae: 0.0583	val_loss: 0.0572 val_mae: 0.0571	test_loss: 0.0666 test_mae: 0.0666
train: {'epoch': 259, 'time_epoch': 9.42974, 'eta': 2327.81838, 'eta_hours': 0.64662, 'loss': 0.01948859, 'lr': 0.00055573, 'params': 479627, 'time_iter': 0.01116, 'mae': 0.01949, 'r2': 0.93307, 'spearmanr': 0.97062, 'mse': 0.00215, 'rmse': 0.04641}
val: {'epoch': 259, 'time_epoch': 0.49786, 'loss': 0.07336847, 'lr': 0, 'params': 479627, 'time_iter': 0.00503, 'mae': 0.07337, 'r2': 0.5682, 'spearmanr': 0.79923, 'mse': 0.0155, 'rmse': 0.12449}
test: {'epoch': 259, 'time_epoch': 0.32884, 'loss': 0.09719781, 'lr': 0, 'params': 479627, 'time_iter': 0.00498, 'mae': 0.0972, 'r2': 0.42994, 'spearmanr': 0.72879, 'mse': 0.02319, 'rmse': 0.15228}
> Epoch 259: took 10.3s (avg 10.5s) | Best so far: epoch 31	train_loss: 0.0583 train_mae: 0.0583	val_loss: 0.0572 val_mae: 0.0571	test_loss: 0.0666 test_mae: 0.0666
train: {'epoch': 260, 'time_epoch': 9.42171, 'eta': 2317.86499, 'eta_hours': 0.64385, 'loss': 0.01908939, 'lr': 0.00055226, 'params': 479627, 'time_iter': 0.01115, 'mae': 0.01909, 'r2': 0.93667, 'spearmanr': 0.97207, 'mse': 0.00204, 'rmse': 0.04514}
val: {'epoch': 260, 'time_epoch': 0.49615, 'loss': 0.07341782, 'lr': 0, 'params': 479627, 'time_iter': 0.00501, 'mae': 0.07342, 'r2': 0.55997, 'spearmanr': 0.79123, 'mse': 0.01579, 'rmse': 0.12567}
test: {'epoch': 260, 'time_epoch': 0.32906, 'loss': 0.0951974, 'lr': 0, 'params': 479627, 'time_iter': 0.00499, 'mae': 0.0952, 'r2': 0.44394, 'spearmanr': 0.72406, 'mse': 0.02262, 'rmse': 0.1504}
> Epoch 260: took 10.3s (avg 10.5s) | Best so far: epoch 31	train_loss: 0.0583 train_mae: 0.0583	val_loss: 0.0572 val_mae: 0.0571	test_loss: 0.0666 test_mae: 0.0666
train: {'epoch': 261, 'time_epoch': 9.3958, 'eta': 2307.89214, 'eta_hours': 0.64108, 'loss': 0.01927735, 'lr': 0.00054879, 'params': 479627, 'time_iter': 0.01112, 'mae': 0.01928, 'r2': 0.93285, 'spearmanr': 0.97129, 'mse': 0.00216, 'rmse': 0.04648}
val: {'epoch': 261, 'time_epoch': 0.49344, 'loss': 0.07379742, 'lr': 0, 'params': 479627, 'time_iter': 0.00498, 'mae': 0.0738, 'r2': 0.57514, 'spearmanr': 0.79934, 'mse': 0.01525, 'rmse': 0.12348}
test: {'epoch': 261, 'time_epoch': 0.32683, 'loss': 0.09780169, 'lr': 0, 'params': 479627, 'time_iter': 0.00495, 'mae': 0.0978, 'r2': 0.42248, 'spearmanr': 0.71781, 'mse': 0.02349, 'rmse': 0.15327}
> Epoch 261: took 10.2s (avg 10.5s) | Best so far: epoch 31	train_loss: 0.0583 train_mae: 0.0583	val_loss: 0.0572 val_mae: 0.0571	test_loss: 0.0666 test_mae: 0.0666
train: {'epoch': 262, 'time_epoch': 9.39935, 'eta': 2297.92686, 'eta_hours': 0.63831, 'loss': 0.01900413, 'lr': 0.00054532, 'params': 479627, 'time_iter': 0.01112, 'mae': 0.019, 'r2': 0.9355, 'spearmanr': 0.97156, 'mse': 0.00208, 'rmse': 0.04556}
val: {'epoch': 262, 'time_epoch': 0.49673, 'loss': 0.07527673, 'lr': 0, 'params': 479627, 'time_iter': 0.00502, 'mae': 0.07528, 'r2': 0.5531, 'spearmanr': 0.79104, 'mse': 0.01604, 'rmse': 0.12665}
test: {'epoch': 262, 'time_epoch': 0.33035, 'loss': 0.09730959, 'lr': 0, 'params': 479627, 'time_iter': 0.00501, 'mae': 0.09731, 'r2': 0.42527, 'spearmanr': 0.72207, 'mse': 0.02338, 'rmse': 0.1529}
> Epoch 262: took 10.2s (avg 10.5s) | Best so far: epoch 31	train_loss: 0.0583 train_mae: 0.0583	val_loss: 0.0572 val_mae: 0.0571	test_loss: 0.0666 test_mae: 0.0666
train: {'epoch': 263, 'time_epoch': 9.40724, 'eta': 2287.97293, 'eta_hours': 0.63555, 'loss': 0.01915048, 'lr': 0.00054184, 'params': 479627, 'time_iter': 0.01113, 'mae': 0.01915, 'r2': 0.93464, 'spearmanr': 0.97121, 'mse': 0.0021, 'rmse': 0.04586}
val: {'epoch': 263, 'time_epoch': 0.49653, 'loss': 0.07591241, 'lr': 0, 'params': 479627, 'time_iter': 0.00502, 'mae': 0.07591, 'r2': 0.55051, 'spearmanr': 0.7942, 'mse': 0.01613, 'rmse': 0.12701}
test: {'epoch': 263, 'time_epoch': 0.32879, 'loss': 0.0965824, 'lr': 0, 'params': 479627, 'time_iter': 0.00498, 'mae': 0.09658, 'r2': 0.43296, 'spearmanr': 0.72653, 'mse': 0.02307, 'rmse': 0.15187}
> Epoch 263: took 10.3s (avg 10.5s) | Best so far: epoch 31	train_loss: 0.0583 train_mae: 0.0583	val_loss: 0.0572 val_mae: 0.0571	test_loss: 0.0666 test_mae: 0.0666
train: {'epoch': 264, 'time_epoch': 9.40438, 'eta': 2278.02059, 'eta_hours': 0.63278, 'loss': 0.01869219, 'lr': 0.00053836, 'params': 479627, 'time_iter': 0.01113, 'mae': 0.01869, 'r2': 0.93677, 'spearmanr': 0.97238, 'mse': 0.00203, 'rmse': 0.0451}
val: {'epoch': 264, 'time_epoch': 0.49392, 'loss': 0.07355308, 'lr': 0, 'params': 479627, 'time_iter': 0.00499, 'mae': 0.07355, 'r2': 0.56673, 'spearmanr': 0.78712, 'mse': 0.01555, 'rmse': 0.1247}
test: {'epoch': 264, 'time_epoch': 0.32722, 'loss': 0.09638856, 'lr': 0, 'params': 479627, 'time_iter': 0.00496, 'mae': 0.09639, 'r2': 0.46063, 'spearmanr': 0.72827, 'mse': 0.02194, 'rmse': 0.14812}
> Epoch 264: took 10.2s (avg 10.5s) | Best so far: epoch 31	train_loss: 0.0583 train_mae: 0.0583	val_loss: 0.0572 val_mae: 0.0571	test_loss: 0.0666 test_mae: 0.0666
train: {'epoch': 265, 'time_epoch': 9.39195, 'eta': 2268.06143, 'eta_hours': 0.63002, 'loss': 0.01913667, 'lr': 0.00053488, 'params': 479627, 'time_iter': 0.01111, 'mae': 0.01914, 'r2': 0.93564, 'spearmanr': 0.97141, 'mse': 0.00207, 'rmse': 0.04551}
val: {'epoch': 265, 'time_epoch': 0.49632, 'loss': 0.07353299, 'lr': 0, 'params': 479627, 'time_iter': 0.00501, 'mae': 0.07353, 'r2': 0.56079, 'spearmanr': 0.78034, 'mse': 0.01576, 'rmse': 0.12555}
test: {'epoch': 265, 'time_epoch': 0.3284, 'loss': 0.09635119, 'lr': 0, 'params': 479627, 'time_iter': 0.00498, 'mae': 0.09635, 'r2': 0.43854, 'spearmanr': 0.71451, 'mse': 0.02284, 'rmse': 0.15112}
> Epoch 265: took 10.2s (avg 10.5s) | Best so far: epoch 31	train_loss: 0.0583 train_mae: 0.0583	val_loss: 0.0572 val_mae: 0.0571	test_loss: 0.0666 test_mae: 0.0666
train: {'epoch': 266, 'time_epoch': 9.41415, 'eta': 2258.12589, 'eta_hours': 0.62726, 'loss': 0.01918715, 'lr': 0.0005314, 'params': 479627, 'time_iter': 0.01114, 'mae': 0.01919, 'r2': 0.93461, 'spearmanr': 0.97095, 'mse': 0.0021, 'rmse': 0.04587}
val: {'epoch': 266, 'time_epoch': 0.49549, 'loss': 0.07536611, 'lr': 0, 'params': 479627, 'time_iter': 0.005, 'mae': 0.07537, 'r2': 0.55795, 'spearmanr': 0.78415, 'mse': 0.01587, 'rmse': 0.12596}
test: {'epoch': 266, 'time_epoch': 0.33062, 'loss': 0.09640411, 'lr': 0, 'params': 479627, 'time_iter': 0.00501, 'mae': 0.0964, 'r2': 0.44626, 'spearmanr': 0.71149, 'mse': 0.02252, 'rmse': 0.15008}
> Epoch 266: took 10.3s (avg 10.5s) | Best so far: epoch 31	train_loss: 0.0583 train_mae: 0.0583	val_loss: 0.0572 val_mae: 0.0571	test_loss: 0.0666 test_mae: 0.0666
train: {'epoch': 267, 'time_epoch': 9.62083, 'eta': 2248.37316, 'eta_hours': 0.62455, 'loss': 0.0187524, 'lr': 0.00052791, 'params': 479627, 'time_iter': 0.01139, 'mae': 0.01875, 'r2': 0.93783, 'spearmanr': 0.97271, 'mse': 0.002, 'rmse': 0.04472}
val: {'epoch': 267, 'time_epoch': 0.49343, 'loss': 0.07576612, 'lr': 0, 'params': 479627, 'time_iter': 0.00498, 'mae': 0.07577, 'r2': 0.53629, 'spearmanr': 0.77173, 'mse': 0.01664, 'rmse': 0.12901}
test: {'epoch': 267, 'time_epoch': 0.3266, 'loss': 0.09568524, 'lr': 0, 'params': 479627, 'time_iter': 0.00495, 'mae': 0.09569, 'r2': 0.42141, 'spearmanr': 0.70476, 'mse': 0.02354, 'rmse': 0.15341}
> Epoch 267: took 10.5s (avg 10.5s) | Best so far: epoch 31	train_loss: 0.0583 train_mae: 0.0583	val_loss: 0.0572 val_mae: 0.0571	test_loss: 0.0666 test_mae: 0.0666
train: {'epoch': 268, 'time_epoch': 9.77165, 'eta': 2238.75093, 'eta_hours': 0.62188, 'loss': 0.01907049, 'lr': 0.00052442, 'params': 479627, 'time_iter': 0.01156, 'mae': 0.01907, 'r2': 0.9337, 'spearmanr': 0.97105, 'mse': 0.00213, 'rmse': 0.04619}
val: {'epoch': 268, 'time_epoch': 0.491, 'loss': 0.07595508, 'lr': 0, 'params': 479627, 'time_iter': 0.00496, 'mae': 0.07596, 'r2': 0.52378, 'spearmanr': 0.76634, 'mse': 0.01709, 'rmse': 0.13074}
test: {'epoch': 268, 'time_epoch': 0.32533, 'loss': 0.09384435, 'lr': 0, 'params': 479627, 'time_iter': 0.00493, 'mae': 0.09384, 'r2': 0.44014, 'spearmanr': 0.7187, 'mse': 0.02277, 'rmse': 0.15091}
> Epoch 268: took 10.6s (avg 10.5s) | Best so far: epoch 31	train_loss: 0.0583 train_mae: 0.0583	val_loss: 0.0572 val_mae: 0.0571	test_loss: 0.0666 test_mae: 0.0666
train: {'epoch': 269, 'time_epoch': 9.40561, 'eta': 2228.81578, 'eta_hours': 0.61912, 'loss': 0.01878602, 'lr': 0.00052094, 'params': 479627, 'time_iter': 0.01113, 'mae': 0.01879, 'r2': 0.93563, 'spearmanr': 0.97189, 'mse': 0.00207, 'rmse': 0.04551}
val: {'epoch': 269, 'time_epoch': 0.49472, 'loss': 0.07440217, 'lr': 0, 'params': 479627, 'time_iter': 0.005, 'mae': 0.0744, 'r2': 0.55369, 'spearmanr': 0.79504, 'mse': 0.01602, 'rmse': 0.12656}
test: {'epoch': 269, 'time_epoch': 0.32699, 'loss': 0.09779178, 'lr': 0, 'params': 479627, 'time_iter': 0.00495, 'mae': 0.09779, 'r2': 0.40903, 'spearmanr': 0.72334, 'mse': 0.02404, 'rmse': 0.15504}
> Epoch 269: took 10.2s (avg 10.5s) | Best so far: epoch 31	train_loss: 0.0583 train_mae: 0.0583	val_loss: 0.0572 val_mae: 0.0571	test_loss: 0.0666 test_mae: 0.0666
train: {'epoch': 270, 'time_epoch': 9.64335, 'eta': 2219.08543, 'eta_hours': 0.61641, 'loss': 0.01856008, 'lr': 0.00051745, 'params': 479627, 'time_iter': 0.01141, 'mae': 0.01856, 'r2': 0.93802, 'spearmanr': 0.97251, 'mse': 0.00199, 'rmse': 0.04466}
val: {'epoch': 270, 'time_epoch': 0.49238, 'loss': 0.07489832, 'lr': 0, 'params': 479627, 'time_iter': 0.00497, 'mae': 0.0749, 'r2': 0.56247, 'spearmanr': 0.79213, 'mse': 0.0157, 'rmse': 0.12531}
test: {'epoch': 270, 'time_epoch': 0.32828, 'loss': 0.09716656, 'lr': 0, 'params': 479627, 'time_iter': 0.00497, 'mae': 0.09717, 'r2': 0.45426, 'spearmanr': 0.74104, 'mse': 0.0222, 'rmse': 0.14899}
> Epoch 270: took 10.5s (avg 10.5s) | Best so far: epoch 31	train_loss: 0.0583 train_mae: 0.0583	val_loss: 0.0572 val_mae: 0.0571	test_loss: 0.0666 test_mae: 0.0666
train: {'epoch': 271, 'time_epoch': 9.83999, 'eta': 2209.52055, 'eta_hours': 0.61376, 'loss': 0.01841208, 'lr': 0.00051396, 'params': 479627, 'time_iter': 0.01164, 'mae': 0.01841, 'r2': 0.93793, 'spearmanr': 0.97313, 'mse': 0.002, 'rmse': 0.04469}
val: {'epoch': 271, 'time_epoch': 0.50435, 'loss': 0.07724651, 'lr': 0, 'params': 479627, 'time_iter': 0.00509, 'mae': 0.07725, 'r2': 0.54919, 'spearmanr': 0.78829, 'mse': 0.01618, 'rmse': 0.1272}
test: {'epoch': 271, 'time_epoch': 0.32918, 'loss': 0.10300828, 'lr': 0, 'params': 479627, 'time_iter': 0.00499, 'mae': 0.10301, 'r2': 0.39789, 'spearmanr': 0.72737, 'mse': 0.02449, 'rmse': 0.1565}
> Epoch 271: took 10.7s (avg 10.5s) | Best so far: epoch 31	train_loss: 0.0583 train_mae: 0.0583	val_loss: 0.0572 val_mae: 0.0571	test_loss: 0.0666 test_mae: 0.0666
train: {'epoch': 272, 'time_epoch': 9.42254, 'eta': 2199.60655, 'eta_hours': 0.611, 'loss': 0.0186168, 'lr': 0.00051047, 'params': 479627, 'time_iter': 0.01115, 'mae': 0.01862, 'r2': 0.93719, 'spearmanr': 0.97266, 'mse': 0.00202, 'rmse': 0.04495}
val: {'epoch': 272, 'time_epoch': 0.49338, 'loss': 0.07247516, 'lr': 0, 'params': 479627, 'time_iter': 0.00498, 'mae': 0.07248, 'r2': 0.57733, 'spearmanr': 0.79601, 'mse': 0.01517, 'rmse': 0.12317}
test: {'epoch': 272, 'time_epoch': 0.32768, 'loss': 0.10026775, 'lr': 0, 'params': 479627, 'time_iter': 0.00496, 'mae': 0.10027, 'r2': 0.40852, 'spearmanr': 0.70569, 'mse': 0.02406, 'rmse': 0.15511}
> Epoch 272: took 10.3s (avg 10.5s) | Best so far: epoch 31	train_loss: 0.0583 train_mae: 0.0583	val_loss: 0.0572 val_mae: 0.0571	test_loss: 0.0666 test_mae: 0.0666
train: {'epoch': 273, 'time_epoch': 9.40893, 'eta': 2189.6849, 'eta_hours': 0.60825, 'loss': 0.01857419, 'lr': 0.00050698, 'params': 479627, 'time_iter': 0.01113, 'mae': 0.01857, 'r2': 0.93708, 'spearmanr': 0.97203, 'mse': 0.00202, 'rmse': 0.045}
val: {'epoch': 273, 'time_epoch': 0.48997, 'loss': 0.07193509, 'lr': 0, 'params': 479627, 'time_iter': 0.00495, 'mae': 0.07194, 'r2': 0.58527, 'spearmanr': 0.79534, 'mse': 0.01488, 'rmse': 0.122}
test: {'epoch': 273, 'time_epoch': 0.32598, 'loss': 0.09452515, 'lr': 0, 'params': 479627, 'time_iter': 0.00494, 'mae': 0.09453, 'r2': 0.46082, 'spearmanr': 0.72387, 'mse': 0.02193, 'rmse': 0.14809}
> Epoch 273: took 10.2s (avg 10.5s) | Best so far: epoch 31	train_loss: 0.0583 train_mae: 0.0583	val_loss: 0.0572 val_mae: 0.0571	test_loss: 0.0666 test_mae: 0.0666
train: {'epoch': 274, 'time_epoch': 9.40841, 'eta': 2179.76656, 'eta_hours': 0.60549, 'loss': 0.01843051, 'lr': 0.00050349, 'params': 479627, 'time_iter': 0.01113, 'mae': 0.01843, 'r2': 0.9388, 'spearmanr': 0.9736, 'mse': 0.00197, 'rmse': 0.04438}
val: {'epoch': 274, 'time_epoch': 0.48698, 'loss': 0.07382225, 'lr': 0, 'params': 479627, 'time_iter': 0.00492, 'mae': 0.07382, 'r2': 0.57145, 'spearmanr': 0.79718, 'mse': 0.01538, 'rmse': 0.12402}
test: {'epoch': 274, 'time_epoch': 0.32482, 'loss': 0.10075778, 'lr': 0, 'params': 479627, 'time_iter': 0.00492, 'mae': 0.10076, 'r2': 0.41039, 'spearmanr': 0.7034, 'mse': 0.02398, 'rmse': 0.15487}
> Epoch 274: took 10.2s (avg 10.5s) | Best so far: epoch 31	train_loss: 0.0583 train_mae: 0.0583	val_loss: 0.0572 val_mae: 0.0571	test_loss: 0.0666 test_mae: 0.0666
train: {'epoch': 275, 'time_epoch': 9.84865, 'eta': 2170.20921, 'eta_hours': 0.60284, 'loss': 0.01829969, 'lr': 0.0005, 'params': 479627, 'time_iter': 0.01166, 'mae': 0.0183, 'r2': 0.93775, 'spearmanr': 0.97267, 'mse': 0.002, 'rmse': 0.04475}
val: {'epoch': 275, 'time_epoch': 0.49621, 'loss': 0.07241605, 'lr': 0, 'params': 479627, 'time_iter': 0.00501, 'mae': 0.07242, 'r2': 0.58109, 'spearmanr': 0.80762, 'mse': 0.01503, 'rmse': 0.12262}
test: {'epoch': 275, 'time_epoch': 0.32929, 'loss': 0.09922452, 'lr': 0, 'params': 479627, 'time_iter': 0.00499, 'mae': 0.09922, 'r2': 0.40655, 'spearmanr': 0.71842, 'mse': 0.02414, 'rmse': 0.15537}
> Epoch 275: took 10.7s (avg 10.5s) | Best so far: epoch 31	train_loss: 0.0583 train_mae: 0.0583	val_loss: 0.0572 val_mae: 0.0571	test_loss: 0.0666 test_mae: 0.0666
train: {'epoch': 276, 'time_epoch': 10.35955, 'eta': 2161.06106, 'eta_hours': 0.60029, 'loss': 0.0182151, 'lr': 0.00049651, 'params': 479627, 'time_iter': 0.01226, 'mae': 0.01822, 'r2': 0.93782, 'spearmanr': 0.97308, 'mse': 0.002, 'rmse': 0.04473}
val: {'epoch': 276, 'time_epoch': 0.49781, 'loss': 0.0707487, 'lr': 0, 'params': 479627, 'time_iter': 0.00503, 'mae': 0.07075, 'r2': 0.58782, 'spearmanr': 0.80727, 'mse': 0.01479, 'rmse': 0.12163}
test: {'epoch': 276, 'time_epoch': 0.33028, 'loss': 0.09282425, 'lr': 0, 'params': 479627, 'time_iter': 0.005, 'mae': 0.09282, 'r2': 0.46774, 'spearmanr': 0.73446, 'mse': 0.02165, 'rmse': 0.14714}
> Epoch 276: took 11.2s (avg 10.5s) | Best so far: epoch 31	train_loss: 0.0583 train_mae: 0.0583	val_loss: 0.0572 val_mae: 0.0571	test_loss: 0.0666 test_mae: 0.0666
train: {'epoch': 277, 'time_epoch': 9.50959, 'eta': 2151.22545, 'eta_hours': 0.59756, 'loss': 0.01826392, 'lr': 0.00049302, 'params': 479627, 'time_iter': 0.01125, 'mae': 0.01826, 'r2': 0.93807, 'spearmanr': 0.97335, 'mse': 0.00199, 'rmse': 0.04464}
val: {'epoch': 277, 'time_epoch': 0.49537, 'loss': 0.0716746, 'lr': 0, 'params': 479627, 'time_iter': 0.005, 'mae': 0.07167, 'r2': 0.57997, 'spearmanr': 0.7944, 'mse': 0.01508, 'rmse': 0.12278}
test: {'epoch': 277, 'time_epoch': 0.32904, 'loss': 0.09497967, 'lr': 0, 'params': 479627, 'time_iter': 0.00499, 'mae': 0.09498, 'r2': 0.45296, 'spearmanr': 0.71223, 'mse': 0.02225, 'rmse': 0.14917}
> Epoch 277: took 10.4s (avg 10.5s) | Best so far: epoch 31	train_loss: 0.0583 train_mae: 0.0583	val_loss: 0.0572 val_mae: 0.0571	test_loss: 0.0666 test_mae: 0.0666
train: {'epoch': 278, 'time_epoch': 9.51735, 'eta': 2141.39832, 'eta_hours': 0.59483, 'loss': 0.01792161, 'lr': 0.00048953, 'params': 479627, 'time_iter': 0.01126, 'mae': 0.01792, 'r2': 0.94124, 'spearmanr': 0.97457, 'mse': 0.00189, 'rmse': 0.04348}
val: {'epoch': 278, 'time_epoch': 0.51112, 'loss': 0.07237803, 'lr': 0, 'params': 479627, 'time_iter': 0.00516, 'mae': 0.07238, 'r2': 0.57426, 'spearmanr': 0.8009, 'mse': 0.01528, 'rmse': 0.12361}
test: {'epoch': 278, 'time_epoch': 0.33733, 'loss': 0.10117763, 'lr': 0, 'params': 479627, 'time_iter': 0.00511, 'mae': 0.10118, 'r2': 0.40922, 'spearmanr': 0.72377, 'mse': 0.02403, 'rmse': 0.15502}
> Epoch 278: took 10.4s (avg 10.5s) | Best so far: epoch 31	train_loss: 0.0583 train_mae: 0.0583	val_loss: 0.0572 val_mae: 0.0571	test_loss: 0.0666 test_mae: 0.0666
train: {'epoch': 279, 'time_epoch': 10.10632, 'eta': 2132.03617, 'eta_hours': 0.59223, 'loss': 0.01794227, 'lr': 0.00048604, 'params': 479627, 'time_iter': 0.01196, 'mae': 0.01794, 'r2': 0.94065, 'spearmanr': 0.97473, 'mse': 0.00191, 'rmse': 0.0437}
val: {'epoch': 279, 'time_epoch': 0.49344, 'loss': 0.07490472, 'lr': 0, 'params': 479627, 'time_iter': 0.00498, 'mae': 0.0749, 'r2': 0.563, 'spearmanr': 0.79787, 'mse': 0.01568, 'rmse': 0.12524}
test: {'epoch': 279, 'time_epoch': 0.32803, 'loss': 0.10165858, 'lr': 0, 'params': 479627, 'time_iter': 0.00497, 'mae': 0.10166, 'r2': 0.40243, 'spearmanr': 0.71058, 'mse': 0.02431, 'rmse': 0.15591}
> Epoch 279: took 10.9s (avg 10.5s) | Best so far: epoch 31	train_loss: 0.0583 train_mae: 0.0583	val_loss: 0.0572 val_mae: 0.0571	test_loss: 0.0666 test_mae: 0.0666
train: {'epoch': 280, 'time_epoch': 10.06899, 'eta': 2122.63963, 'eta_hours': 0.58962, 'loss': 0.01819918, 'lr': 0.00048255, 'params': 479627, 'time_iter': 0.01192, 'mae': 0.0182, 'r2': 0.93818, 'spearmanr': 0.97326, 'mse': 0.00199, 'rmse': 0.0446}
val: {'epoch': 280, 'time_epoch': 0.49576, 'loss': 0.07648238, 'lr': 0, 'params': 479627, 'time_iter': 0.00501, 'mae': 0.07648, 'r2': 0.5408, 'spearmanr': 0.78949, 'mse': 0.01648, 'rmse': 0.12838}
test: {'epoch': 280, 'time_epoch': 0.32761, 'loss': 0.10244282, 'lr': 0, 'params': 479627, 'time_iter': 0.00496, 'mae': 0.10244, 'r2': 0.40716, 'spearmanr': 0.71217, 'mse': 0.02411, 'rmse': 0.15529}
> Epoch 280: took 10.9s (avg 10.5s) | Best so far: epoch 31	train_loss: 0.0583 train_mae: 0.0583	val_loss: 0.0572 val_mae: 0.0571	test_loss: 0.0666 test_mae: 0.0666
train: {'epoch': 281, 'time_epoch': 9.45024, 'eta': 2112.76, 'eta_hours': 0.58688, 'loss': 0.01774224, 'lr': 0.00047906, 'params': 479627, 'time_iter': 0.01118, 'mae': 0.01774, 'r2': 0.94201, 'spearmanr': 0.97474, 'mse': 0.00187, 'rmse': 0.0432}
val: {'epoch': 281, 'time_epoch': 0.49474, 'loss': 0.0724564, 'lr': 0, 'params': 479627, 'time_iter': 0.005, 'mae': 0.07246, 'r2': 0.56289, 'spearmanr': 0.80139, 'mse': 0.01569, 'rmse': 0.12525}
test: {'epoch': 281, 'time_epoch': 0.32899, 'loss': 0.10011224, 'lr': 0, 'params': 479627, 'time_iter': 0.00498, 'mae': 0.10011, 'r2': 0.41893, 'spearmanr': 0.73476, 'mse': 0.02364, 'rmse': 0.15374}
> Epoch 281: took 10.3s (avg 10.5s) | Best so far: epoch 31	train_loss: 0.0583 train_mae: 0.0583	val_loss: 0.0572 val_mae: 0.0571	test_loss: 0.0666 test_mae: 0.0666
train: {'epoch': 282, 'time_epoch': 9.45611, 'eta': 2102.8879, 'eta_hours': 0.58414, 'loss': 0.01779774, 'lr': 0.00047558, 'params': 479627, 'time_iter': 0.01119, 'mae': 0.0178, 'r2': 0.94083, 'spearmanr': 0.97465, 'mse': 0.0019, 'rmse': 0.04364}
val: {'epoch': 282, 'time_epoch': 0.49135, 'loss': 0.07110962, 'lr': 0, 'params': 479627, 'time_iter': 0.00496, 'mae': 0.07111, 'r2': 0.57919, 'spearmanr': 0.80703, 'mse': 0.0151, 'rmse': 0.12289}
test: {'epoch': 282, 'time_epoch': 0.32161, 'loss': 0.09666499, 'lr': 0, 'params': 479627, 'time_iter': 0.00487, 'mae': 0.09666, 'r2': 0.44649, 'spearmanr': 0.73645, 'mse': 0.02252, 'rmse': 0.15005}
> Epoch 282: took 10.3s (avg 10.5s) | Best so far: epoch 31	train_loss: 0.0583 train_mae: 0.0583	val_loss: 0.0572 val_mae: 0.0571	test_loss: 0.0666 test_mae: 0.0666
train: {'epoch': 283, 'time_epoch': 10.15541, 'eta': 2093.55059, 'eta_hours': 0.58154, 'loss': 0.01784644, 'lr': 0.00047209, 'params': 479627, 'time_iter': 0.01202, 'mae': 0.01785, 'r2': 0.93906, 'spearmanr': 0.974, 'mse': 0.00196, 'rmse': 0.04428}
val: {'epoch': 283, 'time_epoch': 0.49706, 'loss': 0.07154106, 'lr': 0, 'params': 479627, 'time_iter': 0.00502, 'mae': 0.07154, 'r2': 0.57013, 'spearmanr': 0.80043, 'mse': 0.01543, 'rmse': 0.12421}
test: {'epoch': 283, 'time_epoch': 0.32886, 'loss': 0.09471534, 'lr': 0, 'params': 479627, 'time_iter': 0.00498, 'mae': 0.09472, 'r2': 0.44826, 'spearmanr': 0.73124, 'mse': 0.02244, 'rmse': 0.14981}
> Epoch 283: took 11.0s (avg 10.5s) | Best so far: epoch 31	train_loss: 0.0583 train_mae: 0.0583	val_loss: 0.0572 val_mae: 0.0571	test_loss: 0.0666 test_mae: 0.0666
train: {'epoch': 284, 'time_epoch': 10.00651, 'eta': 2084.09522, 'eta_hours': 0.57892, 'loss': 0.01770408, 'lr': 0.0004686, 'params': 479627, 'time_iter': 0.01184, 'mae': 0.0177, 'r2': 0.93963, 'spearmanr': 0.97376, 'mse': 0.00194, 'rmse': 0.04408}
val: {'epoch': 284, 'time_epoch': 0.49803, 'loss': 0.07159361, 'lr': 0, 'params': 479627, 'time_iter': 0.00503, 'mae': 0.07159, 'r2': 0.57265, 'spearmanr': 0.79861, 'mse': 0.01534, 'rmse': 0.12385}
test: {'epoch': 284, 'time_epoch': 0.32661, 'loss': 0.09974674, 'lr': 0, 'params': 479627, 'time_iter': 0.00495, 'mae': 0.09975, 'r2': 0.41513, 'spearmanr': 0.71742, 'mse': 0.02379, 'rmse': 0.15424}
> Epoch 284: took 10.9s (avg 10.5s) | Best so far: epoch 31	train_loss: 0.0583 train_mae: 0.0583	val_loss: 0.0572 val_mae: 0.0571	test_loss: 0.0666 test_mae: 0.0666
train: {'epoch': 285, 'time_epoch': 9.71952, 'eta': 2074.42124, 'eta_hours': 0.57623, 'loss': 0.01745314, 'lr': 0.00046512, 'params': 479627, 'time_iter': 0.0115, 'mae': 0.01745, 'r2': 0.94187, 'spearmanr': 0.97507, 'mse': 0.00187, 'rmse': 0.04325}
val: {'epoch': 285, 'time_epoch': 0.49892, 'loss': 0.07513895, 'lr': 0, 'params': 479627, 'time_iter': 0.00504, 'mae': 0.07514, 'r2': 0.54185, 'spearmanr': 0.8016, 'mse': 0.01644, 'rmse': 0.12823}
test: {'epoch': 285, 'time_epoch': 0.3236, 'loss': 0.1052229, 'lr': 0, 'params': 479627, 'time_iter': 0.0049, 'mae': 0.10522, 'r2': 0.38359, 'spearmanr': 0.7226, 'mse': 0.02507, 'rmse': 0.15835}
> Epoch 285: took 10.6s (avg 10.5s) | Best so far: epoch 31	train_loss: 0.0583 train_mae: 0.0583	val_loss: 0.0572 val_mae: 0.0571	test_loss: 0.0666 test_mae: 0.0666
train: {'epoch': 286, 'time_epoch': 9.41058, 'eta': 2064.51767, 'eta_hours': 0.57348, 'loss': 0.0178621, 'lr': 0.00046164, 'params': 479627, 'time_iter': 0.01114, 'mae': 0.01786, 'r2': 0.93758, 'spearmanr': 0.97302, 'mse': 0.00201, 'rmse': 0.04482}
val: {'epoch': 286, 'time_epoch': 0.49499, 'loss': 0.07254591, 'lr': 0, 'params': 479627, 'time_iter': 0.005, 'mae': 0.07255, 'r2': 0.58162, 'spearmanr': 0.80963, 'mse': 0.01502, 'rmse': 0.12254}
test: {'epoch': 286, 'time_epoch': 0.33002, 'loss': 0.09818969, 'lr': 0, 'params': 479627, 'time_iter': 0.005, 'mae': 0.09819, 'r2': 0.43238, 'spearmanr': 0.72784, 'mse': 0.02309, 'rmse': 0.15195}
> Epoch 286: took 10.3s (avg 10.5s) | Best so far: epoch 31	train_loss: 0.0583 train_mae: 0.0583	val_loss: 0.0572 val_mae: 0.0571	test_loss: 0.0666 test_mae: 0.0666
train: {'epoch': 287, 'time_epoch': 9.85335, 'eta': 2054.94345, 'eta_hours': 0.57082, 'loss': 0.01758879, 'lr': 0.00045816, 'params': 479627, 'time_iter': 0.01166, 'mae': 0.01759, 'r2': 0.94051, 'spearmanr': 0.97477, 'mse': 0.00191, 'rmse': 0.04375}
val: {'epoch': 287, 'time_epoch': 0.49351, 'loss': 0.07354706, 'lr': 0, 'params': 479627, 'time_iter': 0.00498, 'mae': 0.07355, 'r2': 0.56493, 'spearmanr': 0.80214, 'mse': 0.01561, 'rmse': 0.12496}
test: {'epoch': 287, 'time_epoch': 0.32553, 'loss': 0.09911604, 'lr': 0, 'params': 479627, 'time_iter': 0.00493, 'mae': 0.09912, 'r2': 0.42811, 'spearmanr': 0.72238, 'mse': 0.02326, 'rmse': 0.15252}
> Epoch 287: took 10.7s (avg 10.5s) | Best so far: epoch 31	train_loss: 0.0583 train_mae: 0.0583	val_loss: 0.0572 val_mae: 0.0571	test_loss: 0.0666 test_mae: 0.0666
train: {'epoch': 288, 'time_epoch': 10.19105, 'eta': 2045.61385, 'eta_hours': 0.56823, 'loss': 0.0175624, 'lr': 0.00045468, 'params': 479627, 'time_iter': 0.01206, 'mae': 0.01756, 'r2': 0.94197, 'spearmanr': 0.97534, 'mse': 0.00187, 'rmse': 0.04321}
val: {'epoch': 288, 'time_epoch': 0.49826, 'loss': 0.07484207, 'lr': 0, 'params': 479627, 'time_iter': 0.00503, 'mae': 0.07484, 'r2': 0.57301, 'spearmanr': 0.79892, 'mse': 0.01532, 'rmse': 0.12379}
test: {'epoch': 288, 'time_epoch': 0.32563, 'loss': 0.10189209, 'lr': 0, 'params': 479627, 'time_iter': 0.00493, 'mae': 0.10189, 'r2': 0.41846, 'spearmanr': 0.71799, 'mse': 0.02366, 'rmse': 0.1538}
> Epoch 288: took 11.0s (avg 10.5s) | Best so far: epoch 31	train_loss: 0.0583 train_mae: 0.0583	val_loss: 0.0572 val_mae: 0.0571	test_loss: 0.0666 test_mae: 0.0666
train: {'epoch': 289, 'time_epoch': 9.83097, 'eta': 2036.01756, 'eta_hours': 0.56556, 'loss': 0.01738825, 'lr': 0.00045121, 'params': 479627, 'time_iter': 0.01163, 'mae': 0.01739, 'r2': 0.94262, 'spearmanr': 0.97547, 'mse': 0.00185, 'rmse': 0.04297}
val: {'epoch': 289, 'time_epoch': 0.49585, 'loss': 0.07371616, 'lr': 0, 'params': 479627, 'time_iter': 0.00501, 'mae': 0.07372, 'r2': 0.56303, 'spearmanr': 0.79521, 'mse': 0.01568, 'rmse': 0.12523}
test: {'epoch': 289, 'time_epoch': 0.32883, 'loss': 0.10090327, 'lr': 0, 'params': 479627, 'time_iter': 0.00498, 'mae': 0.1009, 'r2': 0.41841, 'spearmanr': 0.71751, 'mse': 0.02366, 'rmse': 0.15381}
> Epoch 289: took 10.7s (avg 10.5s) | Best so far: epoch 31	train_loss: 0.0583 train_mae: 0.0583	val_loss: 0.0572 val_mae: 0.0571	test_loss: 0.0666 test_mae: 0.0666
train: {'epoch': 290, 'time_epoch': 10.22739, 'eta': 2026.70438, 'eta_hours': 0.56297, 'loss': 0.01708664, 'lr': 0.00044774, 'params': 479627, 'time_iter': 0.0121, 'mae': 0.01709, 'r2': 0.94519, 'spearmanr': 0.97626, 'mse': 0.00176, 'rmse': 0.042}
val: {'epoch': 290, 'time_epoch': 0.49297, 'loss': 0.07474092, 'lr': 0, 'params': 479627, 'time_iter': 0.00498, 'mae': 0.07474, 'r2': 0.56402, 'spearmanr': 0.79756, 'mse': 0.01565, 'rmse': 0.12509}
test: {'epoch': 290, 'time_epoch': 0.32581, 'loss': 0.10317582, 'lr': 0, 'params': 479627, 'time_iter': 0.00494, 'mae': 0.10318, 'r2': 0.40406, 'spearmanr': 0.72119, 'mse': 0.02424, 'rmse': 0.1557}
> Epoch 290: took 11.1s (avg 10.5s) | Best so far: epoch 31	train_loss: 0.0583 train_mae: 0.0583	val_loss: 0.0572 val_mae: 0.0571	test_loss: 0.0666 test_mae: 0.0666
train: {'epoch': 291, 'time_epoch': 9.86958, 'eta': 2017.13006, 'eta_hours': 0.56031, 'loss': 0.0173008, 'lr': 0.00044427, 'params': 479627, 'time_iter': 0.01168, 'mae': 0.0173, 'r2': 0.94255, 'spearmanr': 0.97619, 'mse': 0.00185, 'rmse': 0.043}
val: {'epoch': 291, 'time_epoch': 0.49432, 'loss': 0.07442159, 'lr': 0, 'params': 479627, 'time_iter': 0.00499, 'mae': 0.07442, 'r2': 0.56296, 'spearmanr': 0.79728, 'mse': 0.01569, 'rmse': 0.12524}
test: {'epoch': 291, 'time_epoch': 0.32772, 'loss': 0.099126, 'lr': 0, 'params': 479627, 'time_iter': 0.00497, 'mae': 0.09913, 'r2': 0.42716, 'spearmanr': 0.71592, 'mse': 0.0233, 'rmse': 0.15265}
> Epoch 291: took 10.7s (avg 10.5s) | Best so far: epoch 31	train_loss: 0.0583 train_mae: 0.0583	val_loss: 0.0572 val_mae: 0.0571	test_loss: 0.0666 test_mae: 0.0666
train: {'epoch': 292, 'time_epoch': 9.52654, 'eta': 2007.31137, 'eta_hours': 0.55759, 'loss': 0.01732587, 'lr': 0.0004408, 'params': 479627, 'time_iter': 0.01127, 'mae': 0.01733, 'r2': 0.94338, 'spearmanr': 0.97606, 'mse': 0.00182, 'rmse': 0.04268}
val: {'epoch': 292, 'time_epoch': 0.49596, 'loss': 0.07325131, 'lr': 0, 'params': 479627, 'time_iter': 0.00501, 'mae': 0.07325, 'r2': 0.57877, 'spearmanr': 0.8051, 'mse': 0.01512, 'rmse': 0.12296}
test: {'epoch': 292, 'time_epoch': 0.32888, 'loss': 0.10102465, 'lr': 0, 'params': 479627, 'time_iter': 0.00498, 'mae': 0.10102, 'r2': 0.41454, 'spearmanr': 0.71564, 'mse': 0.02381, 'rmse': 0.15432}
> Epoch 292: took 10.4s (avg 10.5s) | Best so far: epoch 31	train_loss: 0.0583 train_mae: 0.0583	val_loss: 0.0572 val_mae: 0.0571	test_loss: 0.0666 test_mae: 0.0666
train: {'epoch': 293, 'time_epoch': 9.66442, 'eta': 1997.59127, 'eta_hours': 0.55489, 'loss': 0.01713553, 'lr': 0.00043733, 'params': 479627, 'time_iter': 0.01144, 'mae': 0.01714, 'r2': 0.94483, 'spearmanr': 0.97659, 'mse': 0.00178, 'rmse': 0.04213}
val: {'epoch': 293, 'time_epoch': 0.49397, 'loss': 0.07384874, 'lr': 0, 'params': 479627, 'time_iter': 0.00499, 'mae': 0.07385, 'r2': 0.56412, 'spearmanr': 0.79709, 'mse': 0.01564, 'rmse': 0.12508}
test: {'epoch': 293, 'time_epoch': 0.32783, 'loss': 0.10195218, 'lr': 0, 'params': 479627, 'time_iter': 0.00497, 'mae': 0.10195, 'r2': 0.4206, 'spearmanr': 0.70396, 'mse': 0.02357, 'rmse': 0.15352}
> Epoch 293: took 10.5s (avg 10.5s) | Best so far: epoch 31	train_loss: 0.0583 train_mae: 0.0583	val_loss: 0.0572 val_mae: 0.0571	test_loss: 0.0666 test_mae: 0.0666
train: {'epoch': 294, 'time_epoch': 9.57551, 'eta': 1987.80977, 'eta_hours': 0.55217, 'loss': 0.01688328, 'lr': 0.00043387, 'params': 479627, 'time_iter': 0.01133, 'mae': 0.01688, 'r2': 0.94613, 'spearmanr': 0.97717, 'mse': 0.00173, 'rmse': 0.04164}
val: {'epoch': 294, 'time_epoch': 0.49707, 'loss': 0.07401362, 'lr': 0, 'params': 479627, 'time_iter': 0.00502, 'mae': 0.07401, 'r2': 0.56835, 'spearmanr': 0.80178, 'mse': 0.01549, 'rmse': 0.12447}
test: {'epoch': 294, 'time_epoch': 0.32853, 'loss': 0.10300921, 'lr': 0, 'params': 479627, 'time_iter': 0.00498, 'mae': 0.10301, 'r2': 0.40494, 'spearmanr': 0.72247, 'mse': 0.02421, 'rmse': 0.15558}
> Epoch 294: took 10.4s (avg 10.5s) | Best so far: epoch 31	train_loss: 0.0583 train_mae: 0.0583	val_loss: 0.0572 val_mae: 0.0571	test_loss: 0.0666 test_mae: 0.0666
train: {'epoch': 295, 'time_epoch': 9.76445, 'eta': 1978.15988, 'eta_hours': 0.54949, 'loss': 0.01698858, 'lr': 0.00043041, 'params': 479627, 'time_iter': 0.01156, 'mae': 0.01699, 'r2': 0.94395, 'spearmanr': 0.97645, 'mse': 0.0018, 'rmse': 0.04247}
val: {'epoch': 295, 'time_epoch': 0.49701, 'loss': 0.07345065, 'lr': 0, 'params': 479627, 'time_iter': 0.00502, 'mae': 0.07345, 'r2': 0.56265, 'spearmanr': 0.79811, 'mse': 0.0157, 'rmse': 0.12529}
test: {'epoch': 295, 'time_epoch': 0.32715, 'loss': 0.09627733, 'lr': 0, 'params': 479627, 'time_iter': 0.00496, 'mae': 0.09628, 'r2': 0.43251, 'spearmanr': 0.72864, 'mse': 0.02308, 'rmse': 0.15193}
> Epoch 295: took 10.6s (avg 10.5s) | Best so far: epoch 31	train_loss: 0.0583 train_mae: 0.0583	val_loss: 0.0572 val_mae: 0.0571	test_loss: 0.0666 test_mae: 0.0666
train: {'epoch': 296, 'time_epoch': 9.4284, 'eta': 1968.27953, 'eta_hours': 0.54674, 'loss': 0.0167911, 'lr': 0.00042696, 'params': 479627, 'time_iter': 0.01116, 'mae': 0.01679, 'r2': 0.94667, 'spearmanr': 0.97738, 'mse': 0.00172, 'rmse': 0.04143}
val: {'epoch': 296, 'time_epoch': 0.49423, 'loss': 0.07385765, 'lr': 0, 'params': 479627, 'time_iter': 0.00499, 'mae': 0.07386, 'r2': 0.5662, 'spearmanr': 0.79896, 'mse': 0.01557, 'rmse': 0.12478}
test: {'epoch': 296, 'time_epoch': 0.32651, 'loss': 0.10192037, 'lr': 0, 'params': 479627, 'time_iter': 0.00495, 'mae': 0.10192, 'r2': 0.39446, 'spearmanr': 0.7131, 'mse': 0.02463, 'rmse': 0.15694}
> Epoch 296: took 10.3s (avg 10.5s) | Best so far: epoch 31	train_loss: 0.0583 train_mae: 0.0583	val_loss: 0.0572 val_mae: 0.0571	test_loss: 0.0666 test_mae: 0.0666
train: {'epoch': 297, 'time_epoch': 9.46879, 'eta': 1958.42958, 'eta_hours': 0.54401, 'loss': 0.01683896, 'lr': 0.00042351, 'params': 479627, 'time_iter': 0.01121, 'mae': 0.01684, 'r2': 0.94495, 'spearmanr': 0.97676, 'mse': 0.00177, 'rmse': 0.04209}
val: {'epoch': 297, 'time_epoch': 0.48764, 'loss': 0.07321494, 'lr': 0, 'params': 479627, 'time_iter': 0.00493, 'mae': 0.07321, 'r2': 0.56745, 'spearmanr': 0.79695, 'mse': 0.01552, 'rmse': 0.1246}
test: {'epoch': 297, 'time_epoch': 0.32819, 'loss': 0.10057371, 'lr': 0, 'params': 479627, 'time_iter': 0.00497, 'mae': 0.10057, 'r2': 0.4069, 'spearmanr': 0.71319, 'mse': 0.02413, 'rmse': 0.15532}
> Epoch 297: took 10.3s (avg 10.5s) | Best so far: epoch 31	train_loss: 0.0583 train_mae: 0.0583	val_loss: 0.0572 val_mae: 0.0571	test_loss: 0.0666 test_mae: 0.0666
train: {'epoch': 298, 'time_epoch': 9.51401, 'eta': 1948.61259, 'eta_hours': 0.54128, 'loss': 0.01704329, 'lr': 0.00042006, 'params': 479627, 'time_iter': 0.01126, 'mae': 0.01704, 'r2': 0.9441, 'spearmanr': 0.97656, 'mse': 0.0018, 'rmse': 0.04241}
val: {'epoch': 298, 'time_epoch': 0.49562, 'loss': 0.07426647, 'lr': 0, 'params': 479627, 'time_iter': 0.00501, 'mae': 0.07427, 'r2': 0.56494, 'spearmanr': 0.80285, 'mse': 0.01561, 'rmse': 0.12496}
test: {'epoch': 298, 'time_epoch': 0.32982, 'loss': 0.10511638, 'lr': 0, 'params': 479627, 'time_iter': 0.005, 'mae': 0.10512, 'r2': 0.39529, 'spearmanr': 0.7179, 'mse': 0.0246, 'rmse': 0.15684}
> Epoch 298: took 10.4s (avg 10.5s) | Best so far: epoch 31	train_loss: 0.0583 train_mae: 0.0583	val_loss: 0.0572 val_mae: 0.0571	test_loss: 0.0666 test_mae: 0.0666
train: {'epoch': 299, 'time_epoch': 9.85718, 'eta': 1939.02639, 'eta_hours': 0.53862, 'loss': 0.01663329, 'lr': 0.00041662, 'params': 479627, 'time_iter': 0.01167, 'mae': 0.01663, 'r2': 0.94673, 'spearmanr': 0.97723, 'mse': 0.00171, 'rmse': 0.0414}
val: {'epoch': 299, 'time_epoch': 0.4949, 'loss': 0.07594513, 'lr': 0, 'params': 479627, 'time_iter': 0.005, 'mae': 0.07595, 'r2': 0.54906, 'spearmanr': 0.79158, 'mse': 0.01618, 'rmse': 0.12722}
test: {'epoch': 299, 'time_epoch': 0.32612, 'loss': 0.10615755, 'lr': 0, 'params': 479627, 'time_iter': 0.00494, 'mae': 0.10616, 'r2': 0.37958, 'spearmanr': 0.70267, 'mse': 0.02524, 'rmse': 0.15886}
> Epoch 299: took 10.7s (avg 10.5s) | Best so far: epoch 31	train_loss: 0.0583 train_mae: 0.0583	val_loss: 0.0572 val_mae: 0.0571	test_loss: 0.0666 test_mae: 0.0666
train: {'epoch': 300, 'time_epoch': 9.8218, 'eta': 1929.415, 'eta_hours': 0.53595, 'loss': 0.01689146, 'lr': 0.00041318, 'params': 479627, 'time_iter': 0.01162, 'mae': 0.01689, 'r2': 0.94459, 'spearmanr': 0.97659, 'mse': 0.00178, 'rmse': 0.04223}
val: {'epoch': 300, 'time_epoch': 0.49853, 'loss': 0.07367713, 'lr': 0, 'params': 479627, 'time_iter': 0.00504, 'mae': 0.07368, 'r2': 0.56216, 'spearmanr': 0.79462, 'mse': 0.01571, 'rmse': 0.12536}
test: {'epoch': 300, 'time_epoch': 0.3316, 'loss': 0.10022186, 'lr': 0, 'params': 479627, 'time_iter': 0.00502, 'mae': 0.10022, 'r2': 0.41852, 'spearmanr': 0.71791, 'mse': 0.02365, 'rmse': 0.1538}
> Epoch 300: took 10.7s (avg 10.5s) | Best so far: epoch 31	train_loss: 0.0583 train_mae: 0.0583	val_loss: 0.0572 val_mae: 0.0571	test_loss: 0.0666 test_mae: 0.0666
train: {'epoch': 301, 'time_epoch': 9.79428, 'eta': 1919.78417, 'eta_hours': 0.53327, 'loss': 0.01658402, 'lr': 0.00040974, 'params': 479627, 'time_iter': 0.01159, 'mae': 0.01658, 'r2': 0.94688, 'spearmanr': 0.97744, 'mse': 0.00171, 'rmse': 0.04134}
val: {'epoch': 301, 'time_epoch': 0.49496, 'loss': 0.07381507, 'lr': 0, 'params': 479627, 'time_iter': 0.005, 'mae': 0.07382, 'r2': 0.56262, 'spearmanr': 0.80039, 'mse': 0.0157, 'rmse': 0.12529}
test: {'epoch': 301, 'time_epoch': 0.32609, 'loss': 0.10315296, 'lr': 0, 'params': 479627, 'time_iter': 0.00494, 'mae': 0.10315, 'r2': 0.39447, 'spearmanr': 0.71953, 'mse': 0.02463, 'rmse': 0.15694}
> Epoch 301: took 10.6s (avg 10.5s) | Best so far: epoch 31	train_loss: 0.0583 train_mae: 0.0583	val_loss: 0.0572 val_mae: 0.0571	test_loss: 0.0666 test_mae: 0.0666
train: {'epoch': 302, 'time_epoch': 9.99963, 'eta': 1910.28578, 'eta_hours': 0.53063, 'loss': 0.01655364, 'lr': 0.00040631, 'params': 479627, 'time_iter': 0.01183, 'mae': 0.01655, 'r2': 0.94672, 'spearmanr': 0.97742, 'mse': 0.00171, 'rmse': 0.0414}
val: {'epoch': 302, 'time_epoch': 0.49552, 'loss': 0.07428447, 'lr': 0, 'params': 479627, 'time_iter': 0.00501, 'mae': 0.07428, 'r2': 0.57399, 'spearmanr': 0.79946, 'mse': 0.01529, 'rmse': 0.12365}
test: {'epoch': 302, 'time_epoch': 0.32875, 'loss': 0.10372664, 'lr': 0, 'params': 479627, 'time_iter': 0.00498, 'mae': 0.10373, 'r2': 0.39645, 'spearmanr': 0.70609, 'mse': 0.02455, 'rmse': 0.15669}
> Epoch 302: took 10.8s (avg 10.5s) | Best so far: epoch 31	train_loss: 0.0583 train_mae: 0.0583	val_loss: 0.0572 val_mae: 0.0571	test_loss: 0.0666 test_mae: 0.0666
train: {'epoch': 303, 'time_epoch': 9.4538, 'eta': 1900.43217, 'eta_hours': 0.5279, 'loss': 0.01643403, 'lr': 0.00040288, 'params': 479627, 'time_iter': 0.01119, 'mae': 0.01643, 'r2': 0.94721, 'spearmanr': 0.97789, 'mse': 0.0017, 'rmse': 0.04122}
val: {'epoch': 303, 'time_epoch': 0.49581, 'loss': 0.07225052, 'lr': 0, 'params': 479627, 'time_iter': 0.00501, 'mae': 0.07225, 'r2': 0.57771, 'spearmanr': 0.79967, 'mse': 0.01516, 'rmse': 0.12311}
test: {'epoch': 303, 'time_epoch': 0.33055, 'loss': 0.09964323, 'lr': 0, 'params': 479627, 'time_iter': 0.00501, 'mae': 0.09964, 'r2': 0.41649, 'spearmanr': 0.71958, 'mse': 0.02374, 'rmse': 0.15406}
> Epoch 303: took 10.3s (avg 10.5s) | Best so far: epoch 31	train_loss: 0.0583 train_mae: 0.0583	val_loss: 0.0572 val_mae: 0.0571	test_loss: 0.0666 test_mae: 0.0666
train: {'epoch': 304, 'time_epoch': 9.43182, 'eta': 1890.56714, 'eta_hours': 0.52516, 'loss': 0.0163573, 'lr': 0.00039946, 'params': 479627, 'time_iter': 0.01116, 'mae': 0.01636, 'r2': 0.94663, 'spearmanr': 0.97779, 'mse': 0.00172, 'rmse': 0.04144}
val: {'epoch': 304, 'time_epoch': 0.49389, 'loss': 0.07401728, 'lr': 0, 'params': 479627, 'time_iter': 0.00499, 'mae': 0.07402, 'r2': 0.56858, 'spearmanr': 0.80003, 'mse': 0.01548, 'rmse': 0.12443}
test: {'epoch': 304, 'time_epoch': 0.32627, 'loss': 0.10331505, 'lr': 0, 'params': 479627, 'time_iter': 0.00494, 'mae': 0.10332, 'r2': 0.39385, 'spearmanr': 0.7068, 'mse': 0.02466, 'rmse': 0.15702}
> Epoch 304: took 10.3s (avg 10.5s) | Best so far: epoch 31	train_loss: 0.0583 train_mae: 0.0583	val_loss: 0.0572 val_mae: 0.0571	test_loss: 0.0666 test_mae: 0.0666
train: {'epoch': 305, 'time_epoch': 9.99482, 'eta': 1881.06187, 'eta_hours': 0.52252, 'loss': 0.01649991, 'lr': 0.00039604, 'params': 479627, 'time_iter': 0.01183, 'mae': 0.0165, 'r2': 0.9457, 'spearmanr': 0.9773, 'mse': 0.00175, 'rmse': 0.0418}
val: {'epoch': 305, 'time_epoch': 0.50433, 'loss': 0.07426354, 'lr': 0, 'params': 479627, 'time_iter': 0.00509, 'mae': 0.07426, 'r2': 0.55835, 'spearmanr': 0.79513, 'mse': 0.01585, 'rmse': 0.1259}
test: {'epoch': 305, 'time_epoch': 0.33015, 'loss': 0.10218197, 'lr': 0, 'params': 479627, 'time_iter': 0.005, 'mae': 0.10218, 'r2': 0.39453, 'spearmanr': 0.70544, 'mse': 0.02463, 'rmse': 0.15694}
> Epoch 305: took 10.8s (avg 10.5s) | Best so far: epoch 31	train_loss: 0.0583 train_mae: 0.0583	val_loss: 0.0572 val_mae: 0.0571	test_loss: 0.0666 test_mae: 0.0666
train: {'epoch': 306, 'time_epoch': 9.42981, 'eta': 1871.19821, 'eta_hours': 0.51978, 'loss': 0.01612323, 'lr': 0.00039263, 'params': 479627, 'time_iter': 0.01116, 'mae': 0.01612, 'r2': 0.94935, 'spearmanr': 0.97842, 'mse': 0.00163, 'rmse': 0.04037}
val: {'epoch': 306, 'time_epoch': 0.49896, 'loss': 0.07372381, 'lr': 0, 'params': 479627, 'time_iter': 0.00504, 'mae': 0.07372, 'r2': 0.57294, 'spearmanr': 0.80216, 'mse': 0.01533, 'rmse': 0.1238}
test: {'epoch': 306, 'time_epoch': 0.32916, 'loss': 0.10356083, 'lr': 0, 'params': 479627, 'time_iter': 0.00499, 'mae': 0.10356, 'r2': 0.39736, 'spearmanr': 0.70482, 'mse': 0.02451, 'rmse': 0.15657}
> Epoch 306: took 10.3s (avg 10.5s) | Best so far: epoch 31	train_loss: 0.0583 train_mae: 0.0583	val_loss: 0.0572 val_mae: 0.0571	test_loss: 0.0666 test_mae: 0.0666
train: {'epoch': 307, 'time_epoch': 9.42048, 'eta': 1861.33155, 'eta_hours': 0.51704, 'loss': 0.01634556, 'lr': 0.00038923, 'params': 479627, 'time_iter': 0.01115, 'mae': 0.01635, 'r2': 0.9471, 'spearmanr': 0.97767, 'mse': 0.0017, 'rmse': 0.04126}
val: {'epoch': 307, 'time_epoch': 0.49666, 'loss': 0.07602695, 'lr': 0, 'params': 479627, 'time_iter': 0.00502, 'mae': 0.07603, 'r2': 0.55584, 'spearmanr': 0.79931, 'mse': 0.01594, 'rmse': 0.12626}
test: {'epoch': 307, 'time_epoch': 0.32972, 'loss': 0.10710075, 'lr': 0, 'params': 479627, 'time_iter': 0.005, 'mae': 0.1071, 'r2': 0.37203, 'spearmanr': 0.69974, 'mse': 0.02554, 'rmse': 0.15982}
> Epoch 307: took 10.3s (avg 10.5s) | Best so far: epoch 31	train_loss: 0.0583 train_mae: 0.0583	val_loss: 0.0572 val_mae: 0.0571	test_loss: 0.0666 test_mae: 0.0666
train: {'epoch': 308, 'time_epoch': 9.4354, 'eta': 1851.477, 'eta_hours': 0.5143, 'loss': 0.01625051, 'lr': 0.00038582, 'params': 479627, 'time_iter': 0.01117, 'mae': 0.01625, 'r2': 0.94852, 'spearmanr': 0.97815, 'mse': 0.00166, 'rmse': 0.0407}
val: {'epoch': 308, 'time_epoch': 0.4958, 'loss': 0.07284963, 'lr': 0, 'params': 479627, 'time_iter': 0.00501, 'mae': 0.07285, 'r2': 0.57099, 'spearmanr': 0.79578, 'mse': 0.0154, 'rmse': 0.12409}
test: {'epoch': 308, 'time_epoch': 0.3304, 'loss': 0.10083321, 'lr': 0, 'params': 479627, 'time_iter': 0.00501, 'mae': 0.10083, 'r2': 0.40861, 'spearmanr': 0.7073, 'mse': 0.02406, 'rmse': 0.1551}
> Epoch 308: took 10.3s (avg 10.5s) | Best so far: epoch 31	train_loss: 0.0583 train_mae: 0.0583	val_loss: 0.0572 val_mae: 0.0571	test_loss: 0.0666 test_mae: 0.0666
train: {'epoch': 309, 'time_epoch': 9.69955, 'eta': 1841.78705, 'eta_hours': 0.51161, 'loss': 0.01605816, 'lr': 0.00038243, 'params': 479627, 'time_iter': 0.01148, 'mae': 0.01606, 'r2': 0.94992, 'spearmanr': 0.97911, 'mse': 0.00161, 'rmse': 0.04014}
val: {'epoch': 309, 'time_epoch': 0.49138, 'loss': 0.07481799, 'lr': 0, 'params': 479627, 'time_iter': 0.00496, 'mae': 0.07482, 'r2': 0.56463, 'spearmanr': 0.79801, 'mse': 0.01563, 'rmse': 0.125}
test: {'epoch': 309, 'time_epoch': 0.32888, 'loss': 0.10304032, 'lr': 0, 'params': 479627, 'time_iter': 0.00498, 'mae': 0.10304, 'r2': 0.39163, 'spearmanr': 0.70299, 'mse': 0.02475, 'rmse': 0.15731}
> Epoch 309: took 10.5s (avg 10.5s) | Best so far: epoch 31	train_loss: 0.0583 train_mae: 0.0583	val_loss: 0.0572 val_mae: 0.0571	test_loss: 0.0666 test_mae: 0.0666
train: {'epoch': 310, 'time_epoch': 10.24719, 'eta': 1832.42985, 'eta_hours': 0.50901, 'loss': 0.01626324, 'lr': 0.00037904, 'params': 479627, 'time_iter': 0.01213, 'mae': 0.01626, 'r2': 0.94791, 'spearmanr': 0.97813, 'mse': 0.00168, 'rmse': 0.04094}
val: {'epoch': 310, 'time_epoch': 0.49289, 'loss': 0.07477121, 'lr': 0, 'params': 479627, 'time_iter': 0.00498, 'mae': 0.07477, 'r2': 0.55937, 'spearmanr': 0.79255, 'mse': 0.01581, 'rmse': 0.12576}
test: {'epoch': 310, 'time_epoch': 0.32693, 'loss': 0.10154378, 'lr': 0, 'params': 479627, 'time_iter': 0.00495, 'mae': 0.10154, 'r2': 0.40726, 'spearmanr': 0.7111, 'mse': 0.02411, 'rmse': 0.15528}
> Epoch 310: took 11.1s (avg 10.5s) | Best so far: epoch 31	train_loss: 0.0583 train_mae: 0.0583	val_loss: 0.0572 val_mae: 0.0571	test_loss: 0.0666 test_mae: 0.0666
train: {'epoch': 311, 'time_epoch': 10.36871, 'eta': 1823.14017, 'eta_hours': 0.50643, 'loss': 0.01610403, 'lr': 0.00037566, 'params': 479627, 'time_iter': 0.01227, 'mae': 0.0161, 'r2': 0.94672, 'spearmanr': 0.97806, 'mse': 0.00171, 'rmse': 0.04141}
val: {'epoch': 311, 'time_epoch': 0.49808, 'loss': 0.07352094, 'lr': 0, 'params': 479627, 'time_iter': 0.00503, 'mae': 0.07352, 'r2': 0.57213, 'spearmanr': 0.80211, 'mse': 0.01536, 'rmse': 0.12392}
test: {'epoch': 311, 'time_epoch': 0.32902, 'loss': 0.10070132, 'lr': 0, 'params': 479627, 'time_iter': 0.00499, 'mae': 0.1007, 'r2': 0.421, 'spearmanr': 0.70732, 'mse': 0.02355, 'rmse': 0.15347}
> Epoch 311: took 11.2s (avg 10.5s) | Best so far: epoch 31	train_loss: 0.0583 train_mae: 0.0583	val_loss: 0.0572 val_mae: 0.0571	test_loss: 0.0666 test_mae: 0.0666
train: {'epoch': 312, 'time_epoch': 9.98445, 'eta': 1813.61402, 'eta_hours': 0.50378, 'loss': 0.01606508, 'lr': 0.00037228, 'params': 479627, 'time_iter': 0.01182, 'mae': 0.01607, 'r2': 0.94862, 'spearmanr': 0.97811, 'mse': 0.00165, 'rmse': 0.04066}
val: {'epoch': 312, 'time_epoch': 0.49098, 'loss': 0.07460392, 'lr': 0, 'params': 479627, 'time_iter': 0.00496, 'mae': 0.0746, 'r2': 0.56329, 'spearmanr': 0.80446, 'mse': 0.01567, 'rmse': 0.12519}
test: {'epoch': 312, 'time_epoch': 0.3327, 'loss': 0.10222513, 'lr': 0, 'params': 479627, 'time_iter': 0.00504, 'mae': 0.10223, 'r2': 0.39949, 'spearmanr': 0.72981, 'mse': 0.02443, 'rmse': 0.15629}
> Epoch 312: took 10.9s (avg 10.5s) | Best so far: epoch 31	train_loss: 0.0583 train_mae: 0.0583	val_loss: 0.0572 val_mae: 0.0571	test_loss: 0.0666 test_mae: 0.0666
train: {'epoch': 313, 'time_epoch': 9.74769, 'eta': 1803.9447, 'eta_hours': 0.5011, 'loss': 0.01577617, 'lr': 0.00036891, 'params': 479627, 'time_iter': 0.01154, 'mae': 0.01578, 'r2': 0.95119, 'spearmanr': 0.97939, 'mse': 0.00157, 'rmse': 0.03963}
val: {'epoch': 313, 'time_epoch': 0.49712, 'loss': 0.07432205, 'lr': 0, 'params': 479627, 'time_iter': 0.00502, 'mae': 0.07432, 'r2': 0.56219, 'spearmanr': 0.79686, 'mse': 0.01571, 'rmse': 0.12535}
test: {'epoch': 313, 'time_epoch': 0.32862, 'loss': 0.10214188, 'lr': 0, 'params': 479627, 'time_iter': 0.00498, 'mae': 0.10214, 'r2': 0.40441, 'spearmanr': 0.71012, 'mse': 0.02423, 'rmse': 0.15565}
> Epoch 313: took 10.6s (avg 10.5s) | Best so far: epoch 31	train_loss: 0.0583 train_mae: 0.0583	val_loss: 0.0572 val_mae: 0.0571	test_loss: 0.0666 test_mae: 0.0666
train: {'epoch': 314, 'time_epoch': 9.7259, 'eta': 1794.26209, 'eta_hours': 0.49841, 'loss': 0.01572474, 'lr': 0.00036554, 'params': 479627, 'time_iter': 0.01151, 'mae': 0.01572, 'r2': 0.94997, 'spearmanr': 0.97914, 'mse': 0.00161, 'rmse': 0.04012}
val: {'epoch': 314, 'time_epoch': 0.49432, 'loss': 0.07382182, 'lr': 0, 'params': 479627, 'time_iter': 0.00499, 'mae': 0.07382, 'r2': 0.55602, 'spearmanr': 0.79838, 'mse': 0.01593, 'rmse': 0.12623}
test: {'epoch': 314, 'time_epoch': 0.32713, 'loss': 0.10170435, 'lr': 0, 'params': 479627, 'time_iter': 0.00496, 'mae': 0.1017, 'r2': 0.40904, 'spearmanr': 0.71986, 'mse': 0.02404, 'rmse': 0.15504}
> Epoch 314: took 10.6s (avg 10.5s) | Best so far: epoch 31	train_loss: 0.0583 train_mae: 0.0583	val_loss: 0.0572 val_mae: 0.0571	test_loss: 0.0666 test_mae: 0.0666
train: {'epoch': 315, 'time_epoch': 9.44271, 'eta': 1784.41431, 'eta_hours': 0.49567, 'loss': 0.015457, 'lr': 0.00036218, 'params': 479627, 'time_iter': 0.01117, 'mae': 0.01546, 'r2': 0.95131, 'spearmanr': 0.97949, 'mse': 0.00157, 'rmse': 0.03958}
val: {'epoch': 315, 'time_epoch': 0.49548, 'loss': 0.07464352, 'lr': 0, 'params': 479627, 'time_iter': 0.005, 'mae': 0.07464, 'r2': 0.56295, 'spearmanr': 0.80141, 'mse': 0.01569, 'rmse': 0.12524}
test: {'epoch': 315, 'time_epoch': 0.32703, 'loss': 0.1059028, 'lr': 0, 'params': 479627, 'time_iter': 0.00496, 'mae': 0.1059, 'r2': 0.3907, 'spearmanr': 0.72942, 'mse': 0.02478, 'rmse': 0.15743}
> Epoch 315: took 10.3s (avg 10.5s) | Best so far: epoch 31	train_loss: 0.0583 train_mae: 0.0583	val_loss: 0.0572 val_mae: 0.0571	test_loss: 0.0666 test_mae: 0.0666
train: {'epoch': 316, 'time_epoch': 9.96548, 'eta': 1774.87087, 'eta_hours': 0.49302, 'loss': 0.01574298, 'lr': 0.00035883, 'params': 479627, 'time_iter': 0.01179, 'mae': 0.01574, 'r2': 0.95017, 'spearmanr': 0.97899, 'mse': 0.0016, 'rmse': 0.04004}
val: {'epoch': 316, 'time_epoch': 0.49867, 'loss': 0.07456635, 'lr': 0, 'params': 479627, 'time_iter': 0.00504, 'mae': 0.07457, 'r2': 0.56166, 'spearmanr': 0.79578, 'mse': 0.01573, 'rmse': 0.12543}
test: {'epoch': 316, 'time_epoch': 0.33037, 'loss': 0.10179239, 'lr': 0, 'params': 479627, 'time_iter': 0.00501, 'mae': 0.10179, 'r2': 0.40969, 'spearmanr': 0.70447, 'mse': 0.02401, 'rmse': 0.15496}
> Epoch 316: took 10.8s (avg 10.5s) | Best so far: epoch 31	train_loss: 0.0583 train_mae: 0.0583	val_loss: 0.0572 val_mae: 0.0571	test_loss: 0.0666 test_mae: 0.0666
train: {'epoch': 317, 'time_epoch': 9.47256, 'eta': 1765.04267, 'eta_hours': 0.49029, 'loss': 0.0158757, 'lr': 0.00035548, 'params': 479627, 'time_iter': 0.01121, 'mae': 0.01588, 'r2': 0.9481, 'spearmanr': 0.97815, 'mse': 0.00167, 'rmse': 0.04086}
val: {'epoch': 317, 'time_epoch': 0.49802, 'loss': 0.07227084, 'lr': 0, 'params': 479627, 'time_iter': 0.00503, 'mae': 0.07227, 'r2': 0.5762, 'spearmanr': 0.80678, 'mse': 0.01521, 'rmse': 0.12333}
test: {'epoch': 317, 'time_epoch': 0.32942, 'loss': 0.10209813, 'lr': 0, 'params': 479627, 'time_iter': 0.00499, 'mae': 0.1021, 'r2': 0.40306, 'spearmanr': 0.72317, 'mse': 0.02428, 'rmse': 0.15583}
> Epoch 317: took 10.3s (avg 10.5s) | Best so far: epoch 31	train_loss: 0.0583 train_mae: 0.0583	val_loss: 0.0572 val_mae: 0.0571	test_loss: 0.0666 test_mae: 0.0666
train: {'epoch': 318, 'time_epoch': 9.42502, 'eta': 1755.18973, 'eta_hours': 0.48755, 'loss': 0.01540701, 'lr': 0.00035215, 'params': 479627, 'time_iter': 0.01115, 'mae': 0.01541, 'r2': 0.95221, 'spearmanr': 0.97986, 'mse': 0.00154, 'rmse': 0.03921}
val: {'epoch': 318, 'time_epoch': 0.49741, 'loss': 0.07499605, 'lr': 0, 'params': 479627, 'time_iter': 0.00502, 'mae': 0.075, 'r2': 0.54864, 'spearmanr': 0.7996, 'mse': 0.0162, 'rmse': 0.12728}
test: {'epoch': 318, 'time_epoch': 0.3293, 'loss': 0.10244321, 'lr': 0, 'params': 479627, 'time_iter': 0.00499, 'mae': 0.10244, 'r2': 0.38584, 'spearmanr': 0.72861, 'mse': 0.02498, 'rmse': 0.15806}
> Epoch 318: took 10.3s (avg 10.5s) | Best so far: epoch 31	train_loss: 0.0583 train_mae: 0.0583	val_loss: 0.0572 val_mae: 0.0571	test_loss: 0.0666 test_mae: 0.0666
train: {'epoch': 319, 'time_epoch': 9.42618, 'eta': 1745.34011, 'eta_hours': 0.48482, 'loss': 0.01553421, 'lr': 0.00034882, 'params': 479627, 'time_iter': 0.01116, 'mae': 0.01553, 'r2': 0.9494, 'spearmanr': 0.97907, 'mse': 0.00163, 'rmse': 0.04035}
val: {'epoch': 319, 'time_epoch': 0.49667, 'loss': 0.07324349, 'lr': 0, 'params': 479627, 'time_iter': 0.00502, 'mae': 0.07324, 'r2': 0.55929, 'spearmanr': 0.80015, 'mse': 0.01582, 'rmse': 0.12577}
test: {'epoch': 319, 'time_epoch': 0.33594, 'loss': 0.09964722, 'lr': 0, 'params': 479627, 'time_iter': 0.00509, 'mae': 0.09965, 'r2': 0.41145, 'spearmanr': 0.71622, 'mse': 0.02394, 'rmse': 0.15473}
> Epoch 319: took 10.3s (avg 10.5s) | Best so far: epoch 31	train_loss: 0.0583 train_mae: 0.0583	val_loss: 0.0572 val_mae: 0.0571	test_loss: 0.0666 test_mae: 0.0666
train: {'epoch': 320, 'time_epoch': 9.45465, 'eta': 1735.50901, 'eta_hours': 0.48209, 'loss': 0.01543856, 'lr': 0.00034549, 'params': 479627, 'time_iter': 0.01119, 'mae': 0.01544, 'r2': 0.95148, 'spearmanr': 0.98002, 'mse': 0.00156, 'rmse': 0.03951}
val: {'epoch': 320, 'time_epoch': 0.49554, 'loss': 0.0735071, 'lr': 0, 'params': 479627, 'time_iter': 0.00501, 'mae': 0.07351, 'r2': 0.56583, 'spearmanr': 0.79706, 'mse': 0.01558, 'rmse': 0.12483}
test: {'epoch': 320, 'time_epoch': 0.32699, 'loss': 0.10171667, 'lr': 0, 'params': 479627, 'time_iter': 0.00495, 'mae': 0.10172, 'r2': 0.41962, 'spearmanr': 0.71373, 'mse': 0.02361, 'rmse': 0.15365}
> Epoch 320: took 10.3s (avg 10.5s) | Best so far: epoch 31	train_loss: 0.0583 train_mae: 0.0583	val_loss: 0.0572 val_mae: 0.0571	test_loss: 0.0666 test_mae: 0.0666
train: {'epoch': 321, 'time_epoch': 9.43964, 'eta': 1725.67194, 'eta_hours': 0.47935, 'loss': 0.01542632, 'lr': 0.00034218, 'params': 479627, 'time_iter': 0.01117, 'mae': 0.01543, 'r2': 0.95218, 'spearmanr': 0.98014, 'mse': 0.00154, 'rmse': 0.03922}
val: {'epoch': 321, 'time_epoch': 0.49472, 'loss': 0.07338677, 'lr': 0, 'params': 479627, 'time_iter': 0.005, 'mae': 0.07339, 'r2': 0.55733, 'spearmanr': 0.80108, 'mse': 0.01589, 'rmse': 0.12605}
test: {'epoch': 321, 'time_epoch': 0.32744, 'loss': 0.09955833, 'lr': 0, 'params': 479627, 'time_iter': 0.00496, 'mae': 0.09956, 'r2': 0.41067, 'spearmanr': 0.717, 'mse': 0.02397, 'rmse': 0.15483}
> Epoch 321: took 10.3s (avg 10.5s) | Best so far: epoch 31	train_loss: 0.0583 train_mae: 0.0583	val_loss: 0.0572 val_mae: 0.0571	test_loss: 0.0666 test_mae: 0.0666
train: {'epoch': 322, 'time_epoch': 9.459, 'eta': 1715.84795, 'eta_hours': 0.47662, 'loss': 0.01534801, 'lr': 0.00033887, 'params': 479627, 'time_iter': 0.01119, 'mae': 0.01535, 'r2': 0.95194, 'spearmanr': 0.97999, 'mse': 0.00155, 'rmse': 0.03932}
val: {'epoch': 322, 'time_epoch': 0.49578, 'loss': 0.07364734, 'lr': 0, 'params': 479627, 'time_iter': 0.00501, 'mae': 0.07365, 'r2': 0.55476, 'spearmanr': 0.79331, 'mse': 0.01598, 'rmse': 0.12641}
test: {'epoch': 322, 'time_epoch': 0.32948, 'loss': 0.09878049, 'lr': 0, 'params': 479627, 'time_iter': 0.00499, 'mae': 0.09878, 'r2': 0.42285, 'spearmanr': 0.72048, 'mse': 0.02348, 'rmse': 0.15322}
> Epoch 322: took 10.3s (avg 10.5s) | Best so far: epoch 31	train_loss: 0.0583 train_mae: 0.0583	val_loss: 0.0572 val_mae: 0.0571	test_loss: 0.0666 test_mae: 0.0666
train: {'epoch': 323, 'time_epoch': 10.25337, 'eta': 1706.45772, 'eta_hours': 0.47402, 'loss': 0.01536616, 'lr': 0.00033557, 'params': 479627, 'time_iter': 0.01213, 'mae': 0.01537, 'r2': 0.95138, 'spearmanr': 0.98014, 'mse': 0.00156, 'rmse': 0.03955}
val: {'epoch': 323, 'time_epoch': 0.49906, 'loss': 0.07357707, 'lr': 0, 'params': 479627, 'time_iter': 0.00504, 'mae': 0.07358, 'r2': 0.56044, 'spearmanr': 0.7989, 'mse': 0.01578, 'rmse': 0.1256}
test: {'epoch': 323, 'time_epoch': 0.3324, 'loss': 0.09718051, 'lr': 0, 'params': 479627, 'time_iter': 0.00504, 'mae': 0.09718, 'r2': 0.42622, 'spearmanr': 0.71811, 'mse': 0.02334, 'rmse': 0.15277}
> Epoch 323: took 11.1s (avg 10.5s) | Best so far: epoch 31	train_loss: 0.0583 train_mae: 0.0583	val_loss: 0.0572 val_mae: 0.0571	test_loss: 0.0666 test_mae: 0.0666
train: {'epoch': 324, 'time_epoch': 9.95978, 'eta': 1696.90409, 'eta_hours': 0.47136, 'loss': 0.01531775, 'lr': 0.00033227, 'params': 479627, 'time_iter': 0.01179, 'mae': 0.01532, 'r2': 0.95128, 'spearmanr': 0.97948, 'mse': 0.00157, 'rmse': 0.03959}
val: {'epoch': 324, 'time_epoch': 0.49218, 'loss': 0.07760148, 'lr': 0, 'params': 479627, 'time_iter': 0.00497, 'mae': 0.0776, 'r2': 0.53721, 'spearmanr': 0.79304, 'mse': 0.01661, 'rmse': 0.12888}
test: {'epoch': 324, 'time_epoch': 0.32651, 'loss': 0.10206694, 'lr': 0, 'params': 479627, 'time_iter': 0.00495, 'mae': 0.10207, 'r2': 0.41674, 'spearmanr': 0.72308, 'mse': 0.02373, 'rmse': 0.15403}
> Epoch 324: took 10.8s (avg 10.5s) | Best so far: epoch 31	train_loss: 0.0583 train_mae: 0.0583	val_loss: 0.0572 val_mae: 0.0571	test_loss: 0.0666 test_mae: 0.0666
train: {'epoch': 325, 'time_epoch': 9.64771, 'eta': 1687.1814, 'eta_hours': 0.46866, 'loss': 0.01523803, 'lr': 0.00032899, 'params': 479627, 'time_iter': 0.01142, 'mae': 0.01524, 'r2': 0.95216, 'spearmanr': 0.98031, 'mse': 0.00154, 'rmse': 0.03924}
val: {'epoch': 325, 'time_epoch': 0.49604, 'loss': 0.07499953, 'lr': 0, 'params': 479627, 'time_iter': 0.00501, 'mae': 0.075, 'r2': 0.55722, 'spearmanr': 0.80005, 'mse': 0.01589, 'rmse': 0.12606}
test: {'epoch': 325, 'time_epoch': 0.32632, 'loss': 0.10446926, 'lr': 0, 'params': 479627, 'time_iter': 0.00494, 'mae': 0.10447, 'r2': 0.39714, 'spearmanr': 0.71846, 'mse': 0.02452, 'rmse': 0.1566}
> Epoch 325: took 10.5s (avg 10.5s) | Best so far: epoch 31	train_loss: 0.0583 train_mae: 0.0583	val_loss: 0.0572 val_mae: 0.0571	test_loss: 0.0666 test_mae: 0.0666
train: {'epoch': 326, 'time_epoch': 9.42223, 'eta': 1677.33989, 'eta_hours': 0.46593, 'loss': 0.01503305, 'lr': 0.00032571, 'params': 479627, 'time_iter': 0.01115, 'mae': 0.01503, 'r2': 0.95423, 'spearmanr': 0.98105, 'mse': 0.00147, 'rmse': 0.03837}
val: {'epoch': 326, 'time_epoch': 0.49655, 'loss': 0.0745608, 'lr': 0, 'params': 479627, 'time_iter': 0.00502, 'mae': 0.07456, 'r2': 0.55957, 'spearmanr': 0.79895, 'mse': 0.01581, 'rmse': 0.12573}
test: {'epoch': 326, 'time_epoch': 0.33241, 'loss': 0.10291549, 'lr': 0, 'params': 479627, 'time_iter': 0.00504, 'mae': 0.10292, 'r2': 0.40291, 'spearmanr': 0.73025, 'mse': 0.02429, 'rmse': 0.15585}
> Epoch 326: took 10.3s (avg 10.5s) | Best so far: epoch 31	train_loss: 0.0583 train_mae: 0.0583	val_loss: 0.0572 val_mae: 0.0571	test_loss: 0.0666 test_mae: 0.0666
train: {'epoch': 327, 'time_epoch': 9.45774, 'eta': 1667.51955, 'eta_hours': 0.4632, 'loss': 0.01514748, 'lr': 0.00032245, 'params': 479627, 'time_iter': 0.01119, 'mae': 0.01515, 'r2': 0.95295, 'spearmanr': 0.98015, 'mse': 0.00151, 'rmse': 0.03891}
val: {'epoch': 327, 'time_epoch': 0.49712, 'loss': 0.07488243, 'lr': 0, 'params': 479627, 'time_iter': 0.00502, 'mae': 0.07488, 'r2': 0.55242, 'spearmanr': 0.79386, 'mse': 0.01606, 'rmse': 0.12674}
test: {'epoch': 327, 'time_epoch': 0.32861, 'loss': 0.10237544, 'lr': 0, 'params': 479627, 'time_iter': 0.00498, 'mae': 0.10238, 'r2': 0.40071, 'spearmanr': 0.7131, 'mse': 0.02438, 'rmse': 0.15613}
> Epoch 327: took 10.3s (avg 10.5s) | Best so far: epoch 31	train_loss: 0.0583 train_mae: 0.0583	val_loss: 0.0572 val_mae: 0.0571	test_loss: 0.0666 test_mae: 0.0666
train: {'epoch': 328, 'time_epoch': 9.4586, 'eta': 1657.70186, 'eta_hours': 0.46047, 'loss': 0.01509866, 'lr': 0.00031919, 'params': 479627, 'time_iter': 0.01119, 'mae': 0.0151, 'r2': 0.95313, 'spearmanr': 0.98053, 'mse': 0.00151, 'rmse': 0.03884}
val: {'epoch': 328, 'time_epoch': 0.49748, 'loss': 0.07475354, 'lr': 0, 'params': 479627, 'time_iter': 0.00503, 'mae': 0.07475, 'r2': 0.56018, 'spearmanr': 0.7962, 'mse': 0.01579, 'rmse': 0.12564}
test: {'epoch': 328, 'time_epoch': 0.33125, 'loss': 0.10306537, 'lr': 0, 'params': 479627, 'time_iter': 0.00502, 'mae': 0.10307, 'r2': 0.40684, 'spearmanr': 0.71787, 'mse': 0.02413, 'rmse': 0.15533}
> Epoch 328: took 10.3s (avg 10.5s) | Best so far: epoch 31	train_loss: 0.0583 train_mae: 0.0583	val_loss: 0.0572 val_mae: 0.0571	test_loss: 0.0666 test_mae: 0.0666
train: {'epoch': 329, 'time_epoch': 9.54192, 'eta': 1647.92927, 'eta_hours': 0.45776, 'loss': 0.01487841, 'lr': 0.00031594, 'params': 479627, 'time_iter': 0.01129, 'mae': 0.01488, 'r2': 0.95422, 'spearmanr': 0.98126, 'mse': 0.00147, 'rmse': 0.03838}
val: {'epoch': 329, 'time_epoch': 0.49835, 'loss': 0.07603562, 'lr': 0, 'params': 479627, 'time_iter': 0.00503, 'mae': 0.07604, 'r2': 0.55127, 'spearmanr': 0.79574, 'mse': 0.01611, 'rmse': 0.12691}
test: {'epoch': 329, 'time_epoch': 0.32926, 'loss': 0.10519004, 'lr': 0, 'params': 479627, 'time_iter': 0.00499, 'mae': 0.10519, 'r2': 0.39075, 'spearmanr': 0.71393, 'mse': 0.02478, 'rmse': 0.15742}
> Epoch 329: took 10.4s (avg 10.5s) | Best so far: epoch 31	train_loss: 0.0583 train_mae: 0.0583	val_loss: 0.0572 val_mae: 0.0571	test_loss: 0.0666 test_mae: 0.0666
train: {'epoch': 330, 'time_epoch': 9.42394, 'eta': 1638.09783, 'eta_hours': 0.45503, 'loss': 0.01470202, 'lr': 0.0003127, 'params': 479627, 'time_iter': 0.01115, 'mae': 0.0147, 'r2': 0.95466, 'spearmanr': 0.98166, 'mse': 0.00146, 'rmse': 0.03819}
val: {'epoch': 330, 'time_epoch': 0.49986, 'loss': 0.07351086, 'lr': 0, 'params': 479627, 'time_iter': 0.00505, 'mae': 0.07351, 'r2': 0.57018, 'spearmanr': 0.79471, 'mse': 0.01543, 'rmse': 0.1242}
test: {'epoch': 330, 'time_epoch': 0.32818, 'loss': 0.10082485, 'lr': 0, 'params': 479627, 'time_iter': 0.00497, 'mae': 0.10082, 'r2': 0.42212, 'spearmanr': 0.71617, 'mse': 0.02351, 'rmse': 0.15332}
> Epoch 330: took 10.3s (avg 10.5s) | Best so far: epoch 31	train_loss: 0.0583 train_mae: 0.0583	val_loss: 0.0572 val_mae: 0.0571	test_loss: 0.0666 test_mae: 0.0666
train: {'epoch': 331, 'time_epoch': 10.12005, 'eta': 1628.6211, 'eta_hours': 0.45239, 'loss': 0.01496029, 'lr': 0.00030946, 'params': 479627, 'time_iter': 0.01198, 'mae': 0.01496, 'r2': 0.95374, 'spearmanr': 0.98088, 'mse': 0.00149, 'rmse': 0.03858}
val: {'epoch': 331, 'time_epoch': 0.49725, 'loss': 0.07454391, 'lr': 0, 'params': 479627, 'time_iter': 0.00502, 'mae': 0.07454, 'r2': 0.56306, 'spearmanr': 0.79871, 'mse': 0.01568, 'rmse': 0.12523}
test: {'epoch': 331, 'time_epoch': 0.33069, 'loss': 0.10094167, 'lr': 0, 'params': 479627, 'time_iter': 0.00501, 'mae': 0.10094, 'r2': 0.41587, 'spearmanr': 0.71546, 'mse': 0.02376, 'rmse': 0.15414}
> Epoch 331: took 11.0s (avg 10.5s) | Best so far: epoch 31	train_loss: 0.0583 train_mae: 0.0583	val_loss: 0.0572 val_mae: 0.0571	test_loss: 0.0666 test_mae: 0.0666
train: {'epoch': 332, 'time_epoch': 10.05589, 'eta': 1619.10833, 'eta_hours': 0.44975, 'loss': 0.01476949, 'lr': 0.00030624, 'params': 479627, 'time_iter': 0.0119, 'mae': 0.01477, 'r2': 0.95409, 'spearmanr': 0.98109, 'mse': 0.00148, 'rmse': 0.03844}
val: {'epoch': 332, 'time_epoch': 0.49083, 'loss': 0.07432181, 'lr': 0, 'params': 479627, 'time_iter': 0.00496, 'mae': 0.07432, 'r2': 0.55643, 'spearmanr': 0.79874, 'mse': 0.01592, 'rmse': 0.12617}
test: {'epoch': 332, 'time_epoch': 0.3258, 'loss': 0.10191904, 'lr': 0, 'params': 479627, 'time_iter': 0.00494, 'mae': 0.10192, 'r2': 0.40251, 'spearmanr': 0.71799, 'mse': 0.0243, 'rmse': 0.1559}
> Epoch 332: took 10.9s (avg 10.5s) | Best so far: epoch 31	train_loss: 0.0583 train_mae: 0.0583	val_loss: 0.0572 val_mae: 0.0571	test_loss: 0.0666 test_mae: 0.0666
train: {'epoch': 333, 'time_epoch': 10.07336, 'eta': 1609.60098, 'eta_hours': 0.44711, 'loss': 0.0147283, 'lr': 0.00030303, 'params': 479627, 'time_iter': 0.01192, 'mae': 0.01473, 'r2': 0.95498, 'spearmanr': 0.98132, 'mse': 0.00145, 'rmse': 0.03806}
val: {'epoch': 333, 'time_epoch': 0.49382, 'loss': 0.07756773, 'lr': 0, 'params': 479627, 'time_iter': 0.00499, 'mae': 0.07757, 'r2': 0.53872, 'spearmanr': 0.78834, 'mse': 0.01656, 'rmse': 0.12867}
test: {'epoch': 333, 'time_epoch': 0.32847, 'loss': 0.10426444, 'lr': 0, 'params': 479627, 'time_iter': 0.00498, 'mae': 0.10426, 'r2': 0.39964, 'spearmanr': 0.70632, 'mse': 0.02442, 'rmse': 0.15627}
> Epoch 333: took 10.9s (avg 10.5s) | Best so far: epoch 31	train_loss: 0.0583 train_mae: 0.0583	val_loss: 0.0572 val_mae: 0.0571	test_loss: 0.0666 test_mae: 0.0666
train: {'epoch': 334, 'time_epoch': 9.41635, 'eta': 1599.76666, 'eta_hours': 0.44438, 'loss': 0.01474723, 'lr': 0.00029983, 'params': 479627, 'time_iter': 0.01114, 'mae': 0.01475, 'r2': 0.95332, 'spearmanr': 0.98097, 'mse': 0.0015, 'rmse': 0.03875}
val: {'epoch': 334, 'time_epoch': 0.49579, 'loss': 0.0761979, 'lr': 0, 'params': 479627, 'time_iter': 0.00501, 'mae': 0.0762, 'r2': 0.54541, 'spearmanr': 0.79258, 'mse': 0.01632, 'rmse': 0.12773}
test: {'epoch': 334, 'time_epoch': 0.3296, 'loss': 0.10349582, 'lr': 0, 'params': 479627, 'time_iter': 0.00499, 'mae': 0.1035, 'r2': 0.40789, 'spearmanr': 0.71994, 'mse': 0.02409, 'rmse': 0.15519}
> Epoch 334: took 10.3s (avg 10.5s) | Best so far: epoch 31	train_loss: 0.0583 train_mae: 0.0583	val_loss: 0.0572 val_mae: 0.0571	test_loss: 0.0666 test_mae: 0.0666
train: {'epoch': 335, 'time_epoch': 10.10994, 'eta': 1590.27337, 'eta_hours': 0.44174, 'loss': 0.01453093, 'lr': 0.00029663, 'params': 479627, 'time_iter': 0.01196, 'mae': 0.01453, 'r2': 0.95572, 'spearmanr': 0.98199, 'mse': 0.00142, 'rmse': 0.03775}
val: {'epoch': 335, 'time_epoch': 0.49255, 'loss': 0.07523297, 'lr': 0, 'params': 479627, 'time_iter': 0.00498, 'mae': 0.07523, 'r2': 0.55977, 'spearmanr': 0.79424, 'mse': 0.0158, 'rmse': 0.1257}
test: {'epoch': 335, 'time_epoch': 0.32566, 'loss': 0.10470843, 'lr': 0, 'params': 479627, 'time_iter': 0.00493, 'mae': 0.10471, 'r2': 0.40238, 'spearmanr': 0.70913, 'mse': 0.02431, 'rmse': 0.15591}
> Epoch 335: took 10.9s (avg 10.5s) | Best so far: epoch 31	train_loss: 0.0583 train_mae: 0.0583	val_loss: 0.0572 val_mae: 0.0571	test_loss: 0.0666 test_mae: 0.0666
train: {'epoch': 336, 'time_epoch': 10.45953, 'eta': 1580.9455, 'eta_hours': 0.43915, 'loss': 0.01469363, 'lr': 0.00029345, 'params': 479627, 'time_iter': 0.01238, 'mae': 0.01469, 'r2': 0.9537, 'spearmanr': 0.98133, 'mse': 0.00149, 'rmse': 0.0386}
val: {'epoch': 336, 'time_epoch': 0.50369, 'loss': 0.0744178, 'lr': 0, 'params': 479627, 'time_iter': 0.00509, 'mae': 0.07442, 'r2': 0.55636, 'spearmanr': 0.79501, 'mse': 0.01592, 'rmse': 0.12618}
test: {'epoch': 336, 'time_epoch': 0.32807, 'loss': 0.10239773, 'lr': 0, 'params': 479627, 'time_iter': 0.00497, 'mae': 0.1024, 'r2': 0.40948, 'spearmanr': 0.71537, 'mse': 0.02402, 'rmse': 0.15499}
> Epoch 336: took 11.3s (avg 10.5s) | Best so far: epoch 31	train_loss: 0.0583 train_mae: 0.0583	val_loss: 0.0572 val_mae: 0.0571	test_loss: 0.0666 test_mae: 0.0666
train: {'epoch': 337, 'time_epoch': 10.11293, 'eta': 1571.44481, 'eta_hours': 0.43651, 'loss': 0.01459746, 'lr': 0.00029027, 'params': 479627, 'time_iter': 0.01197, 'mae': 0.0146, 'r2': 0.95573, 'spearmanr': 0.9819, 'mse': 0.00142, 'rmse': 0.03774}
val: {'epoch': 337, 'time_epoch': 0.49269, 'loss': 0.07357517, 'lr': 0, 'params': 479627, 'time_iter': 0.00498, 'mae': 0.07358, 'r2': 0.56369, 'spearmanr': 0.79685, 'mse': 0.01566, 'rmse': 0.12514}
test: {'epoch': 337, 'time_epoch': 0.327, 'loss': 0.10096408, 'lr': 0, 'params': 479627, 'time_iter': 0.00495, 'mae': 0.10096, 'r2': 0.41777, 'spearmanr': 0.70359, 'mse': 0.02368, 'rmse': 0.15389}
> Epoch 337: took 11.0s (avg 10.5s) | Best so far: epoch 31	train_loss: 0.0583 train_mae: 0.0583	val_loss: 0.0572 val_mae: 0.0571	test_loss: 0.0666 test_mae: 0.0666
train: {'epoch': 338, 'time_epoch': 9.41704, 'eta': 1561.61002, 'eta_hours': 0.43378, 'loss': 0.01449644, 'lr': 0.00028711, 'params': 479627, 'time_iter': 0.01114, 'mae': 0.0145, 'r2': 0.95548, 'spearmanr': 0.9816, 'mse': 0.00143, 'rmse': 0.03785}
val: {'epoch': 338, 'time_epoch': 0.49566, 'loss': 0.07434872, 'lr': 0, 'params': 479627, 'time_iter': 0.00501, 'mae': 0.07435, 'r2': 0.5665, 'spearmanr': 0.79561, 'mse': 0.01556, 'rmse': 0.12473}
test: {'epoch': 338, 'time_epoch': 0.32581, 'loss': 0.10237073, 'lr': 0, 'params': 479627, 'time_iter': 0.00494, 'mae': 0.10237, 'r2': 0.42305, 'spearmanr': 0.70679, 'mse': 0.02347, 'rmse': 0.15319}
> Epoch 338: took 10.3s (avg 10.5s) | Best so far: epoch 31	train_loss: 0.0583 train_mae: 0.0583	val_loss: 0.0572 val_mae: 0.0571	test_loss: 0.0666 test_mae: 0.0666
train: {'epoch': 339, 'time_epoch': 9.78944, 'eta': 1551.95293, 'eta_hours': 0.4311, 'loss': 0.01439741, 'lr': 0.00028396, 'params': 479627, 'time_iter': 0.01159, 'mae': 0.0144, 'r2': 0.95584, 'spearmanr': 0.98193, 'mse': 0.00142, 'rmse': 0.0377}
val: {'epoch': 339, 'time_epoch': 0.49499, 'loss': 0.07746252, 'lr': 0, 'params': 479627, 'time_iter': 0.005, 'mae': 0.07746, 'r2': 0.53077, 'spearmanr': 0.79092, 'mse': 0.01684, 'rmse': 0.12977}
test: {'epoch': 339, 'time_epoch': 0.33571, 'loss': 0.10610207, 'lr': 0, 'params': 479627, 'time_iter': 0.00509, 'mae': 0.1061, 'r2': 0.39113, 'spearmanr': 0.71343, 'mse': 0.02477, 'rmse': 0.15738}
> Epoch 339: took 10.6s (avg 10.5s) | Best so far: epoch 31	train_loss: 0.0583 train_mae: 0.0583	val_loss: 0.0572 val_mae: 0.0571	test_loss: 0.0666 test_mae: 0.0666
train: {'epoch': 340, 'time_epoch': 9.75201, 'eta': 1542.27761, 'eta_hours': 0.42841, 'loss': 0.01448632, 'lr': 0.00028081, 'params': 479627, 'time_iter': 0.01154, 'mae': 0.01449, 'r2': 0.95396, 'spearmanr': 0.98122, 'mse': 0.00148, 'rmse': 0.03849}
val: {'epoch': 340, 'time_epoch': 0.50088, 'loss': 0.07694366, 'lr': 0, 'params': 479627, 'time_iter': 0.00506, 'mae': 0.07694, 'r2': 0.54071, 'spearmanr': 0.79136, 'mse': 0.01648, 'rmse': 0.12839}
test: {'epoch': 340, 'time_epoch': 0.3292, 'loss': 0.10413928, 'lr': 0, 'params': 479627, 'time_iter': 0.00499, 'mae': 0.10414, 'r2': 0.39838, 'spearmanr': 0.71278, 'mse': 0.02447, 'rmse': 0.15643}
> Epoch 340: took 10.6s (avg 10.5s) | Best so far: epoch 31	train_loss: 0.0583 train_mae: 0.0583	val_loss: 0.0572 val_mae: 0.0571	test_loss: 0.0666 test_mae: 0.0666
train: {'epoch': 341, 'time_epoch': 9.56444, 'eta': 1532.51519, 'eta_hours': 0.4257, 'loss': 0.01438459, 'lr': 0.00027768, 'params': 479627, 'time_iter': 0.01132, 'mae': 0.01438, 'r2': 0.95523, 'spearmanr': 0.9816, 'mse': 0.00144, 'rmse': 0.03795}
val: {'epoch': 341, 'time_epoch': 0.49641, 'loss': 0.07452904, 'lr': 0, 'params': 479627, 'time_iter': 0.00501, 'mae': 0.07453, 'r2': 0.55645, 'spearmanr': 0.79529, 'mse': 0.01592, 'rmse': 0.12617}
test: {'epoch': 341, 'time_epoch': 0.32937, 'loss': 0.10254629, 'lr': 0, 'params': 479627, 'time_iter': 0.00499, 'mae': 0.10255, 'r2': 0.40834, 'spearmanr': 0.69657, 'mse': 0.02407, 'rmse': 0.15513}
> Epoch 341: took 10.4s (avg 10.5s) | Best so far: epoch 31	train_loss: 0.0583 train_mae: 0.0583	val_loss: 0.0572 val_mae: 0.0571	test_loss: 0.0666 test_mae: 0.0666
train: {'epoch': 342, 'time_epoch': 9.85682, 'eta': 1522.88775, 'eta_hours': 0.42302, 'loss': 0.01425381, 'lr': 0.00027456, 'params': 479627, 'time_iter': 0.01166, 'mae': 0.01425, 'r2': 0.95692, 'spearmanr': 0.98229, 'mse': 0.00139, 'rmse': 0.03723}
val: {'epoch': 342, 'time_epoch': 0.49562, 'loss': 0.077132, 'lr': 0, 'params': 479627, 'time_iter': 0.00501, 'mae': 0.07713, 'r2': 0.52958, 'spearmanr': 0.78719, 'mse': 0.01688, 'rmse': 0.12994}
test: {'epoch': 342, 'time_epoch': 0.32719, 'loss': 0.10625655, 'lr': 0, 'params': 479627, 'time_iter': 0.00496, 'mae': 0.10626, 'r2': 0.38115, 'spearmanr': 0.69305, 'mse': 0.02517, 'rmse': 0.15866}
> Epoch 342: took 10.7s (avg 10.5s) | Best so far: epoch 31	train_loss: 0.0583 train_mae: 0.0583	val_loss: 0.0572 val_mae: 0.0571	test_loss: 0.0666 test_mae: 0.0666
train: {'epoch': 343, 'time_epoch': 9.415, 'eta': 1513.05862, 'eta_hours': 0.42029, 'loss': 0.01414526, 'lr': 0.00027145, 'params': 479627, 'time_iter': 0.01114, 'mae': 0.01415, 'r2': 0.95692, 'spearmanr': 0.98249, 'mse': 0.00139, 'rmse': 0.03723}
val: {'epoch': 343, 'time_epoch': 0.49241, 'loss': 0.07712796, 'lr': 0, 'params': 479627, 'time_iter': 0.00497, 'mae': 0.07713, 'r2': 0.54464, 'spearmanr': 0.7883, 'mse': 0.01634, 'rmse': 0.12784}
test: {'epoch': 343, 'time_epoch': 0.32782, 'loss': 0.10715126, 'lr': 0, 'params': 479627, 'time_iter': 0.00497, 'mae': 0.10715, 'r2': 0.38779, 'spearmanr': 0.69925, 'mse': 0.0249, 'rmse': 0.15781}
> Epoch 343: took 10.3s (avg 10.5s) | Best so far: epoch 31	train_loss: 0.0583 train_mae: 0.0583	val_loss: 0.0572 val_mae: 0.0571	test_loss: 0.0666 test_mae: 0.0666
train: {'epoch': 344, 'time_epoch': 9.77549, 'eta': 1503.39385, 'eta_hours': 0.41761, 'loss': 0.01426831, 'lr': 0.00026835, 'params': 479627, 'time_iter': 0.01157, 'mae': 0.01427, 'r2': 0.95667, 'spearmanr': 0.98234, 'mse': 0.00139, 'rmse': 0.03734}
val: {'epoch': 344, 'time_epoch': 0.48821, 'loss': 0.07705141, 'lr': 0, 'params': 479627, 'time_iter': 0.00493, 'mae': 0.07705, 'r2': 0.54129, 'spearmanr': 0.79022, 'mse': 0.01646, 'rmse': 0.12831}
test: {'epoch': 344, 'time_epoch': 0.3229, 'loss': 0.10390135, 'lr': 0, 'params': 479627, 'time_iter': 0.00489, 'mae': 0.1039, 'r2': 0.40575, 'spearmanr': 0.71107, 'mse': 0.02417, 'rmse': 0.15547}
> Epoch 344: took 10.6s (avg 10.5s) | Best so far: epoch 31	train_loss: 0.0583 train_mae: 0.0583	val_loss: 0.0572 val_mae: 0.0571	test_loss: 0.0666 test_mae: 0.0666
train: {'epoch': 345, 'time_epoch': 10.38291, 'eta': 1493.9988, 'eta_hours': 0.415, 'loss': 0.01418649, 'lr': 0.00026526, 'params': 479627, 'time_iter': 0.01229, 'mae': 0.01419, 'r2': 0.95634, 'spearmanr': 0.98199, 'mse': 0.0014, 'rmse': 0.03748}
val: {'epoch': 345, 'time_epoch': 0.50111, 'loss': 0.07561295, 'lr': 0, 'params': 479627, 'time_iter': 0.00506, 'mae': 0.07561, 'r2': 0.54856, 'spearmanr': 0.79524, 'mse': 0.0162, 'rmse': 0.12729}
test: {'epoch': 345, 'time_epoch': 0.33306, 'loss': 0.10271948, 'lr': 0, 'params': 479627, 'time_iter': 0.00505, 'mae': 0.10272, 'r2': 0.40082, 'spearmanr': 0.70566, 'mse': 0.02437, 'rmse': 0.15612}
> Epoch 345: took 11.2s (avg 10.5s) | Best so far: epoch 31	train_loss: 0.0583 train_mae: 0.0583	val_loss: 0.0572 val_mae: 0.0571	test_loss: 0.0666 test_mae: 0.0666
train: {'epoch': 346, 'time_epoch': 10.13161, 'eta': 1484.48725, 'eta_hours': 0.41236, 'loss': 0.01414229, 'lr': 0.00026219, 'params': 479627, 'time_iter': 0.01199, 'mae': 0.01414, 'r2': 0.95586, 'spearmanr': 0.98195, 'mse': 0.00142, 'rmse': 0.03769}
val: {'epoch': 346, 'time_epoch': 0.49714, 'loss': 0.07630762, 'lr': 0, 'params': 479627, 'time_iter': 0.00502, 'mae': 0.07631, 'r2': 0.54388, 'spearmanr': 0.79549, 'mse': 0.01637, 'rmse': 0.12795}
test: {'epoch': 346, 'time_epoch': 0.33042, 'loss': 0.10215008, 'lr': 0, 'params': 479627, 'time_iter': 0.00501, 'mae': 0.10215, 'r2': 0.40468, 'spearmanr': 0.71241, 'mse': 0.02422, 'rmse': 0.15561}
> Epoch 346: took 11.0s (avg 10.6s) | Best so far: epoch 31	train_loss: 0.0583 train_mae: 0.0583	val_loss: 0.0572 val_mae: 0.0571	test_loss: 0.0666 test_mae: 0.0666
train: {'epoch': 347, 'time_epoch': 9.94767, 'eta': 1474.89179, 'eta_hours': 0.40969, 'loss': 0.01411498, 'lr': 0.00025912, 'params': 479627, 'time_iter': 0.01177, 'mae': 0.01411, 'r2': 0.9569, 'spearmanr': 0.98255, 'mse': 0.00139, 'rmse': 0.03724}
val: {'epoch': 347, 'time_epoch': 0.4914, 'loss': 0.07620759, 'lr': 0, 'params': 479627, 'time_iter': 0.00496, 'mae': 0.07621, 'r2': 0.5536, 'spearmanr': 0.79355, 'mse': 0.01602, 'rmse': 0.12658}
test: {'epoch': 347, 'time_epoch': 0.32596, 'loss': 0.10493184, 'lr': 0, 'params': 479627, 'time_iter': 0.00494, 'mae': 0.10493, 'r2': 0.40097, 'spearmanr': 0.70251, 'mse': 0.02437, 'rmse': 0.1561}
> Epoch 347: took 10.8s (avg 10.6s) | Best so far: epoch 31	train_loss: 0.0583 train_mae: 0.0583	val_loss: 0.0572 val_mae: 0.0571	test_loss: 0.0666 test_mae: 0.0666
train: {'epoch': 348, 'time_epoch': 9.4332, 'eta': 1465.07172, 'eta_hours': 0.40696, 'loss': 0.0141418, 'lr': 0.00025607, 'params': 479627, 'time_iter': 0.01116, 'mae': 0.01414, 'r2': 0.95683, 'spearmanr': 0.98222, 'mse': 0.00139, 'rmse': 0.03727}
val: {'epoch': 348, 'time_epoch': 0.49519, 'loss': 0.07660297, 'lr': 0, 'params': 479627, 'time_iter': 0.005, 'mae': 0.0766, 'r2': 0.54287, 'spearmanr': 0.79352, 'mse': 0.01641, 'rmse': 0.12809}
test: {'epoch': 348, 'time_epoch': 0.32944, 'loss': 0.10523028, 'lr': 0, 'params': 479627, 'time_iter': 0.00499, 'mae': 0.10523, 'r2': 0.38478, 'spearmanr': 0.70756, 'mse': 0.02503, 'rmse': 0.15819}
> Epoch 348: took 10.3s (avg 10.6s) | Best so far: epoch 31	train_loss: 0.0583 train_mae: 0.0583	val_loss: 0.0572 val_mae: 0.0571	test_loss: 0.0666 test_mae: 0.0666
train: {'epoch': 349, 'time_epoch': 9.88774, 'eta': 1455.44866, 'eta_hours': 0.40429, 'loss': 0.01415405, 'lr': 0.00025303, 'params': 479627, 'time_iter': 0.0117, 'mae': 0.01415, 'r2': 0.95664, 'spearmanr': 0.98228, 'mse': 0.0014, 'rmse': 0.03735}
val: {'epoch': 349, 'time_epoch': 0.49046, 'loss': 0.07437829, 'lr': 0, 'params': 479627, 'time_iter': 0.00495, 'mae': 0.07438, 'r2': 0.55898, 'spearmanr': 0.79802, 'mse': 0.01583, 'rmse': 0.12581}
test: {'epoch': 349, 'time_epoch': 0.32251, 'loss': 0.10217495, 'lr': 0, 'params': 479627, 'time_iter': 0.00489, 'mae': 0.10217, 'r2': 0.40701, 'spearmanr': 0.71194, 'mse': 0.02412, 'rmse': 0.15531}
> Epoch 349: took 10.7s (avg 10.6s) | Best so far: epoch 31	train_loss: 0.0583 train_mae: 0.0583	val_loss: 0.0572 val_mae: 0.0571	test_loss: 0.0666 test_mae: 0.0666
train: {'epoch': 350, 'time_epoch': 9.7117, 'eta': 1445.74936, 'eta_hours': 0.4016, 'loss': 0.0141616, 'lr': 0.00025, 'params': 479627, 'time_iter': 0.01149, 'mae': 0.01416, 'r2': 0.95633, 'spearmanr': 0.9823, 'mse': 0.00141, 'rmse': 0.03748}
val: {'epoch': 350, 'time_epoch': 0.49516, 'loss': 0.07392702, 'lr': 0, 'params': 479627, 'time_iter': 0.005, 'mae': 0.07393, 'r2': 0.55599, 'spearmanr': 0.79404, 'mse': 0.01594, 'rmse': 0.12624}
test: {'epoch': 350, 'time_epoch': 0.32916, 'loss': 0.10072408, 'lr': 0, 'params': 479627, 'time_iter': 0.00499, 'mae': 0.10072, 'r2': 0.41229, 'spearmanr': 0.71075, 'mse': 0.02391, 'rmse': 0.15462}
> Epoch 350: took 10.6s (avg 10.6s) | Best so far: epoch 31	train_loss: 0.0583 train_mae: 0.0583	val_loss: 0.0572 val_mae: 0.0571	test_loss: 0.0666 test_mae: 0.0666
train: {'epoch': 351, 'time_epoch': 9.46147, 'eta': 1435.94479, 'eta_hours': 0.39887, 'loss': 0.01394646, 'lr': 0.00024698, 'params': 479627, 'time_iter': 0.0112, 'mae': 0.01395, 'r2': 0.95816, 'spearmanr': 0.9829, 'mse': 0.00135, 'rmse': 0.03669}
val: {'epoch': 351, 'time_epoch': 0.49894, 'loss': 0.07537067, 'lr': 0, 'params': 479627, 'time_iter': 0.00504, 'mae': 0.07537, 'r2': 0.546, 'spearmanr': 0.79223, 'mse': 0.01629, 'rmse': 0.12765}
test: {'epoch': 351, 'time_epoch': 0.32964, 'loss': 0.10333054, 'lr': 0, 'params': 479627, 'time_iter': 0.00499, 'mae': 0.10333, 'r2': 0.40384, 'spearmanr': 0.71293, 'mse': 0.02425, 'rmse': 0.15572}
> Epoch 351: took 10.3s (avg 10.6s) | Best so far: epoch 31	train_loss: 0.0583 train_mae: 0.0583	val_loss: 0.0572 val_mae: 0.0571	test_loss: 0.0666 test_mae: 0.0666
train: {'epoch': 352, 'time_epoch': 9.43555, 'eta': 1426.13136, 'eta_hours': 0.39615, 'loss': 0.01380254, 'lr': 0.00024398, 'params': 479627, 'time_iter': 0.01117, 'mae': 0.0138, 'r2': 0.958, 'spearmanr': 0.98284, 'mse': 0.00135, 'rmse': 0.03676}
val: {'epoch': 352, 'time_epoch': 0.49892, 'loss': 0.07494637, 'lr': 0, 'params': 479627, 'time_iter': 0.00504, 'mae': 0.07495, 'r2': 0.55686, 'spearmanr': 0.79754, 'mse': 0.0159, 'rmse': 0.12611}
test: {'epoch': 352, 'time_epoch': 0.33509, 'loss': 0.10364098, 'lr': 0, 'params': 479627, 'time_iter': 0.00508, 'mae': 0.10364, 'r2': 0.40884, 'spearmanr': 0.72434, 'mse': 0.02405, 'rmse': 0.15507}
> Epoch 352: took 10.3s (avg 10.5s) | Best so far: epoch 31	train_loss: 0.0583 train_mae: 0.0583	val_loss: 0.0572 val_mae: 0.0571	test_loss: 0.0666 test_mae: 0.0666
train: {'epoch': 353, 'time_epoch': 9.82856, 'eta': 1416.48216, 'eta_hours': 0.39347, 'loss': 0.01377213, 'lr': 0.00024099, 'params': 479627, 'time_iter': 0.01163, 'mae': 0.01377, 'r2': 0.95863, 'spearmanr': 0.98328, 'mse': 0.00133, 'rmse': 0.03649}
val: {'epoch': 353, 'time_epoch': 0.49744, 'loss': 0.07572265, 'lr': 0, 'params': 479627, 'time_iter': 0.00502, 'mae': 0.07572, 'r2': 0.551, 'spearmanr': 0.79701, 'mse': 0.01611, 'rmse': 0.12694}
test: {'epoch': 353, 'time_epoch': 0.32948, 'loss': 0.10299999, 'lr': 0, 'params': 479627, 'time_iter': 0.00499, 'mae': 0.103, 'r2': 0.40409, 'spearmanr': 0.71964, 'mse': 0.02424, 'rmse': 0.15569}
> Epoch 353: took 10.7s (avg 10.5s) | Best so far: epoch 31	train_loss: 0.0583 train_mae: 0.0583	val_loss: 0.0572 val_mae: 0.0571	test_loss: 0.0666 test_mae: 0.0666
train: {'epoch': 354, 'time_epoch': 10.30885, 'eta': 1407.02813, 'eta_hours': 0.39084, 'loss': 0.01391992, 'lr': 0.00023801, 'params': 479627, 'time_iter': 0.0122, 'mae': 0.01392, 'r2': 0.95524, 'spearmanr': 0.98232, 'mse': 0.00144, 'rmse': 0.03795}
val: {'epoch': 354, 'time_epoch': 0.49622, 'loss': 0.07553786, 'lr': 0, 'params': 479627, 'time_iter': 0.00501, 'mae': 0.07554, 'r2': 0.54475, 'spearmanr': 0.79254, 'mse': 0.01634, 'rmse': 0.12782}
test: {'epoch': 354, 'time_epoch': 0.32979, 'loss': 0.10180274, 'lr': 0, 'params': 479627, 'time_iter': 0.005, 'mae': 0.1018, 'r2': 0.41851, 'spearmanr': 0.7219, 'mse': 0.02365, 'rmse': 0.1538}
> Epoch 354: took 11.2s (avg 10.6s) | Best so far: epoch 31	train_loss: 0.0583 train_mae: 0.0583	val_loss: 0.0572 val_mae: 0.0571	test_loss: 0.0666 test_mae: 0.0666
train: {'epoch': 355, 'time_epoch': 9.65466, 'eta': 1397.30467, 'eta_hours': 0.38814, 'loss': 0.01369724, 'lr': 0.00023504, 'params': 479627, 'time_iter': 0.01143, 'mae': 0.0137, 'r2': 0.9564, 'spearmanr': 0.98236, 'mse': 0.0014, 'rmse': 0.03745}
val: {'epoch': 355, 'time_epoch': 0.49523, 'loss': 0.0766919, 'lr': 0, 'params': 479627, 'time_iter': 0.005, 'mae': 0.07669, 'r2': 0.54414, 'spearmanr': 0.7949, 'mse': 0.01636, 'rmse': 0.12791}
test: {'epoch': 355, 'time_epoch': 0.32823, 'loss': 0.10493915, 'lr': 0, 'params': 479627, 'time_iter': 0.00497, 'mae': 0.10494, 'r2': 0.38157, 'spearmanr': 0.70557, 'mse': 0.02516, 'rmse': 0.15861}
> Epoch 355: took 10.5s (avg 10.6s) | Best so far: epoch 31	train_loss: 0.0583 train_mae: 0.0583	val_loss: 0.0572 val_mae: 0.0571	test_loss: 0.0666 test_mae: 0.0666
train: {'epoch': 356, 'time_epoch': 9.40865, 'eta': 1387.48306, 'eta_hours': 0.38541, 'loss': 0.0138081, 'lr': 0.00023209, 'params': 479627, 'time_iter': 0.01113, 'mae': 0.01381, 'r2': 0.95793, 'spearmanr': 0.98294, 'mse': 0.00135, 'rmse': 0.03679}
val: {'epoch': 356, 'time_epoch': 0.50499, 'loss': 0.07783876, 'lr': 0, 'params': 479627, 'time_iter': 0.0051, 'mae': 0.07784, 'r2': 0.53512, 'spearmanr': 0.79076, 'mse': 0.01668, 'rmse': 0.12917}
test: {'epoch': 356, 'time_epoch': 0.33011, 'loss': 0.10331812, 'lr': 0, 'params': 479627, 'time_iter': 0.005, 'mae': 0.10332, 'r2': 0.39877, 'spearmanr': 0.71133, 'mse': 0.02446, 'rmse': 0.15638}
> Epoch 356: took 10.3s (avg 10.6s) | Best so far: epoch 31	train_loss: 0.0583 train_mae: 0.0583	val_loss: 0.0572 val_mae: 0.0571	test_loss: 0.0666 test_mae: 0.0666
train: {'epoch': 357, 'time_epoch': 9.42199, 'eta': 1377.66905, 'eta_hours': 0.38269, 'loss': 0.01372208, 'lr': 0.00022915, 'params': 479627, 'time_iter': 0.01115, 'mae': 0.01372, 'r2': 0.95815, 'spearmanr': 0.98283, 'mse': 0.00135, 'rmse': 0.0367}
val: {'epoch': 357, 'time_epoch': 0.49839, 'loss': 0.07705563, 'lr': 0, 'params': 479627, 'time_iter': 0.00503, 'mae': 0.07706, 'r2': 0.52019, 'spearmanr': 0.78487, 'mse': 0.01722, 'rmse': 0.13123}
test: {'epoch': 357, 'time_epoch': 0.32652, 'loss': 0.10338752, 'lr': 0, 'params': 479627, 'time_iter': 0.00495, 'mae': 0.10339, 'r2': 0.40241, 'spearmanr': 0.71096, 'mse': 0.02431, 'rmse': 0.15591}
> Epoch 357: took 10.3s (avg 10.5s) | Best so far: epoch 31	train_loss: 0.0583 train_mae: 0.0583	val_loss: 0.0572 val_mae: 0.0571	test_loss: 0.0666 test_mae: 0.0666
train: {'epoch': 358, 'time_epoch': 9.39986, 'eta': 1367.84852, 'eta_hours': 0.37996, 'loss': 0.01368237, 'lr': 0.00022622, 'params': 479627, 'time_iter': 0.01112, 'mae': 0.01368, 'r2': 0.95864, 'spearmanr': 0.98333, 'mse': 0.00133, 'rmse': 0.03648}
val: {'epoch': 358, 'time_epoch': 0.49279, 'loss': 0.07667287, 'lr': 0, 'params': 479627, 'time_iter': 0.00498, 'mae': 0.07667, 'r2': 0.52852, 'spearmanr': 0.78706, 'mse': 0.01692, 'rmse': 0.13008}
test: {'epoch': 358, 'time_epoch': 0.32848, 'loss': 0.10679877, 'lr': 0, 'params': 479627, 'time_iter': 0.00498, 'mae': 0.1068, 'r2': 0.38405, 'spearmanr': 0.71108, 'mse': 0.02506, 'rmse': 0.15829}
> Epoch 358: took 10.2s (avg 10.5s) | Best so far: epoch 31	train_loss: 0.0583 train_mae: 0.0583	val_loss: 0.0572 val_mae: 0.0571	test_loss: 0.0666 test_mae: 0.0666
train: {'epoch': 359, 'time_epoch': 9.64179, 'eta': 1358.12442, 'eta_hours': 0.37726, 'loss': 0.0135403, 'lr': 0.0002233, 'params': 479627, 'time_iter': 0.01141, 'mae': 0.01354, 'r2': 0.95934, 'spearmanr': 0.98336, 'mse': 0.00131, 'rmse': 0.03617}
val: {'epoch': 359, 'time_epoch': 0.49588, 'loss': 0.07676401, 'lr': 0, 'params': 479627, 'time_iter': 0.00501, 'mae': 0.07676, 'r2': 0.53947, 'spearmanr': 0.78844, 'mse': 0.01653, 'rmse': 0.12856}
test: {'epoch': 359, 'time_epoch': 0.32897, 'loss': 0.10323281, 'lr': 0, 'params': 479627, 'time_iter': 0.00498, 'mae': 0.10323, 'r2': 0.40512, 'spearmanr': 0.70051, 'mse': 0.0242, 'rmse': 0.15556}
> Epoch 359: took 10.5s (avg 10.5s) | Best so far: epoch 31	train_loss: 0.0583 train_mae: 0.0583	val_loss: 0.0572 val_mae: 0.0571	test_loss: 0.0666 test_mae: 0.0666
train: {'epoch': 360, 'time_epoch': 9.42447, 'eta': 1348.3171, 'eta_hours': 0.37453, 'loss': 0.01338732, 'lr': 0.0002204, 'params': 479627, 'time_iter': 0.01115, 'mae': 0.01339, 'r2': 0.95936, 'spearmanr': 0.98366, 'mse': 0.00131, 'rmse': 0.03616}
val: {'epoch': 360, 'time_epoch': 0.49643, 'loss': 0.07725165, 'lr': 0, 'params': 479627, 'time_iter': 0.00501, 'mae': 0.07725, 'r2': 0.53884, 'spearmanr': 0.79146, 'mse': 0.01655, 'rmse': 0.12865}
test: {'epoch': 360, 'time_epoch': 0.32876, 'loss': 0.10265586, 'lr': 0, 'params': 479627, 'time_iter': 0.00498, 'mae': 0.10266, 'r2': 0.41309, 'spearmanr': 0.70419, 'mse': 0.02387, 'rmse': 0.15451}
> Epoch 360: took 10.3s (avg 10.5s) | Best so far: epoch 31	train_loss: 0.0583 train_mae: 0.0583	val_loss: 0.0572 val_mae: 0.0571	test_loss: 0.0666 test_mae: 0.0666
train: {'epoch': 361, 'time_epoch': 10.08047, 'eta': 1338.76197, 'eta_hours': 0.37188, 'loss': 0.0133725, 'lr': 0.00021752, 'params': 479627, 'time_iter': 0.01193, 'mae': 0.01337, 'r2': 0.95999, 'spearmanr': 0.98384, 'mse': 0.00129, 'rmse': 0.03588}
val: {'epoch': 361, 'time_epoch': 0.50324, 'loss': 0.0759343, 'lr': 0, 'params': 479627, 'time_iter': 0.00508, 'mae': 0.07593, 'r2': 0.54604, 'spearmanr': 0.79305, 'mse': 0.01629, 'rmse': 0.12764}
test: {'epoch': 361, 'time_epoch': 0.32684, 'loss': 0.10324783, 'lr': 0, 'params': 479627, 'time_iter': 0.00495, 'mae': 0.10325, 'r2': 0.40823, 'spearmanr': 0.71022, 'mse': 0.02407, 'rmse': 0.15515}
> Epoch 361: took 11.0s (avg 10.5s) | Best so far: epoch 31	train_loss: 0.0583 train_mae: 0.0583	val_loss: 0.0572 val_mae: 0.0571	test_loss: 0.0666 test_mae: 0.0666
train: {'epoch': 362, 'time_epoch': 9.84926, 'eta': 1329.11669, 'eta_hours': 0.3692, 'loss': 0.01337025, 'lr': 0.00021464, 'params': 479627, 'time_iter': 0.01166, 'mae': 0.01337, 'r2': 0.96043, 'spearmanr': 0.98392, 'mse': 0.00127, 'rmse': 0.03568}
val: {'epoch': 362, 'time_epoch': 0.49566, 'loss': 0.07569283, 'lr': 0, 'params': 479627, 'time_iter': 0.00501, 'mae': 0.07569, 'r2': 0.54253, 'spearmanr': 0.79259, 'mse': 0.01642, 'rmse': 0.12814}
test: {'epoch': 362, 'time_epoch': 0.32892, 'loss': 0.10235273, 'lr': 0, 'params': 479627, 'time_iter': 0.00498, 'mae': 0.10235, 'r2': 0.41282, 'spearmanr': 0.70679, 'mse': 0.02388, 'rmse': 0.15455}
> Epoch 362: took 10.7s (avg 10.5s) | Best so far: epoch 31	train_loss: 0.0583 train_mae: 0.0583	val_loss: 0.0572 val_mae: 0.0571	test_loss: 0.0666 test_mae: 0.0666
train: {'epoch': 363, 'time_epoch': 10.43689, 'eta': 1319.68984, 'eta_hours': 0.36658, 'loss': 0.01335518, 'lr': 0.00021178, 'params': 479627, 'time_iter': 0.01235, 'mae': 0.01336, 'r2': 0.96028, 'spearmanr': 0.98392, 'mse': 0.00128, 'rmse': 0.03575}
val: {'epoch': 363, 'time_epoch': 0.49584, 'loss': 0.07638106, 'lr': 0, 'params': 479627, 'time_iter': 0.00501, 'mae': 0.07638, 'r2': 0.54971, 'spearmanr': 0.79501, 'mse': 0.01616, 'rmse': 0.12713}
test: {'epoch': 363, 'time_epoch': 0.32552, 'loss': 0.10506986, 'lr': 0, 'params': 479627, 'time_iter': 0.00493, 'mae': 0.10507, 'r2': 0.40351, 'spearmanr': 0.70859, 'mse': 0.02426, 'rmse': 0.15577}
> Epoch 363: took 11.3s (avg 10.6s) | Best so far: epoch 31	train_loss: 0.0583 train_mae: 0.0583	val_loss: 0.0572 val_mae: 0.0571	test_loss: 0.0666 test_mae: 0.0666
train: {'epoch': 364, 'time_epoch': 10.0132, 'eta': 1310.10075, 'eta_hours': 0.36392, 'loss': 0.01362768, 'lr': 0.00020894, 'params': 479627, 'time_iter': 0.01185, 'mae': 0.01363, 'r2': 0.95781, 'spearmanr': 0.98287, 'mse': 0.00136, 'rmse': 0.03684}
val: {'epoch': 364, 'time_epoch': 0.49243, 'loss': 0.07797354, 'lr': 0, 'params': 479627, 'time_iter': 0.00497, 'mae': 0.07797, 'r2': 0.52987, 'spearmanr': 0.78851, 'mse': 0.01687, 'rmse': 0.1299}
test: {'epoch': 364, 'time_epoch': 0.32674, 'loss': 0.10690268, 'lr': 0, 'params': 479627, 'time_iter': 0.00495, 'mae': 0.1069, 'r2': 0.37703, 'spearmanr': 0.70042, 'mse': 0.02534, 'rmse': 0.15919}
> Epoch 364: took 10.9s (avg 10.6s) | Best so far: epoch 31	train_loss: 0.0583 train_mae: 0.0583	val_loss: 0.0572 val_mae: 0.0571	test_loss: 0.0666 test_mae: 0.0666
train: {'epoch': 365, 'time_epoch': 10.20018, 'eta': 1300.57779, 'eta_hours': 0.36127, 'loss': 0.01320828, 'lr': 0.00020611, 'params': 479627, 'time_iter': 0.01207, 'mae': 0.01321, 'r2': 0.96037, 'spearmanr': 0.98417, 'mse': 0.00128, 'rmse': 0.03571}
val: {'epoch': 365, 'time_epoch': 0.48959, 'loss': 0.0780806, 'lr': 0, 'params': 479627, 'time_iter': 0.00495, 'mae': 0.07808, 'r2': 0.52677, 'spearmanr': 0.7887, 'mse': 0.01698, 'rmse': 0.13032}
test: {'epoch': 365, 'time_epoch': 0.32536, 'loss': 0.10873934, 'lr': 0, 'params': 479627, 'time_iter': 0.00493, 'mae': 0.10874, 'r2': 0.36387, 'spearmanr': 0.70448, 'mse': 0.02588, 'rmse': 0.16086}
> Epoch 365: took 11.0s (avg 10.6s) | Best so far: epoch 31	train_loss: 0.0583 train_mae: 0.0583	val_loss: 0.0572 val_mae: 0.0571	test_loss: 0.0666 test_mae: 0.0666
train: {'epoch': 366, 'time_epoch': 9.40249, 'eta': 1290.76207, 'eta_hours': 0.35855, 'loss': 0.01326315, 'lr': 0.00020329, 'params': 479627, 'time_iter': 0.01113, 'mae': 0.01326, 'r2': 0.96037, 'spearmanr': 0.98388, 'mse': 0.00128, 'rmse': 0.03571}
val: {'epoch': 366, 'time_epoch': 0.49325, 'loss': 0.07703723, 'lr': 0, 'params': 479627, 'time_iter': 0.00498, 'mae': 0.07704, 'r2': 0.54199, 'spearmanr': 0.79132, 'mse': 0.01644, 'rmse': 0.12821}
test: {'epoch': 366, 'time_epoch': 0.32799, 'loss': 0.10562345, 'lr': 0, 'params': 479627, 'time_iter': 0.00497, 'mae': 0.10562, 'r2': 0.39232, 'spearmanr': 0.70265, 'mse': 0.02472, 'rmse': 0.15722}
> Epoch 366: took 10.2s (avg 10.6s) | Best so far: epoch 31	train_loss: 0.0583 train_mae: 0.0583	val_loss: 0.0572 val_mae: 0.0571	test_loss: 0.0666 test_mae: 0.0666
train: {'epoch': 367, 'time_epoch': 10.1536, 'eta': 1281.21801, 'eta_hours': 0.35589, 'loss': 0.01332409, 'lr': 0.00020049, 'params': 479627, 'time_iter': 0.01202, 'mae': 0.01332, 'r2': 0.95948, 'spearmanr': 0.98381, 'mse': 0.0013, 'rmse': 0.03611}
val: {'epoch': 367, 'time_epoch': 0.4956, 'loss': 0.07919888, 'lr': 0, 'params': 479627, 'time_iter': 0.00501, 'mae': 0.0792, 'r2': 0.52426, 'spearmanr': 0.78516, 'mse': 0.01707, 'rmse': 0.13067}
test: {'epoch': 367, 'time_epoch': 0.32899, 'loss': 0.10942959, 'lr': 0, 'params': 479627, 'time_iter': 0.00498, 'mae': 0.10943, 'r2': 0.37305, 'spearmanr': 0.70995, 'mse': 0.0255, 'rmse': 0.15969}
> Epoch 367: took 11.0s (avg 10.6s) | Best so far: epoch 31	train_loss: 0.0583 train_mae: 0.0583	val_loss: 0.0572 val_mae: 0.0571	test_loss: 0.0666 test_mae: 0.0666
train: {'epoch': 368, 'time_epoch': 10.32937, 'eta': 1271.73305, 'eta_hours': 0.35326, 'loss': 0.01321642, 'lr': 0.0001977, 'params': 479627, 'time_iter': 0.01222, 'mae': 0.01322, 'r2': 0.96071, 'spearmanr': 0.98404, 'mse': 0.00126, 'rmse': 0.03556}
val: {'epoch': 368, 'time_epoch': 0.49431, 'loss': 0.07661905, 'lr': 0, 'params': 479627, 'time_iter': 0.00499, 'mae': 0.07662, 'r2': 0.54645, 'spearmanr': 0.79066, 'mse': 0.01628, 'rmse': 0.12759}
test: {'epoch': 368, 'time_epoch': 0.32641, 'loss': 0.10426226, 'lr': 0, 'params': 479627, 'time_iter': 0.00495, 'mae': 0.10426, 'r2': 0.41324, 'spearmanr': 0.7033, 'mse': 0.02387, 'rmse': 0.15449}
> Epoch 368: took 11.2s (avg 10.6s) | Best so far: epoch 31	train_loss: 0.0583 train_mae: 0.0583	val_loss: 0.0572 val_mae: 0.0571	test_loss: 0.0666 test_mae: 0.0666
train: {'epoch': 369, 'time_epoch': 9.80888, 'eta': 1262.06064, 'eta_hours': 0.35057, 'loss': 0.0130653, 'lr': 0.00019493, 'params': 479627, 'time_iter': 0.01161, 'mae': 0.01307, 'r2': 0.96129, 'spearmanr': 0.98473, 'mse': 0.00125, 'rmse': 0.03529}
val: {'epoch': 369, 'time_epoch': 0.4982, 'loss': 0.0762802, 'lr': 0, 'params': 479627, 'time_iter': 0.00503, 'mae': 0.07628, 'r2': 0.54192, 'spearmanr': 0.78896, 'mse': 0.01644, 'rmse': 0.12822}
test: {'epoch': 369, 'time_epoch': 0.32941, 'loss': 0.10583174, 'lr': 0, 'params': 479627, 'time_iter': 0.00499, 'mae': 0.10583, 'r2': 0.39609, 'spearmanr': 0.70589, 'mse': 0.02457, 'rmse': 0.15673}
> Epoch 369: took 10.7s (avg 10.6s) | Best so far: epoch 31	train_loss: 0.0583 train_mae: 0.0583	val_loss: 0.0572 val_mae: 0.0571	test_loss: 0.0666 test_mae: 0.0666
train: {'epoch': 370, 'time_epoch': 9.66965, 'eta': 1252.33909, 'eta_hours': 0.34787, 'loss': 0.01308119, 'lr': 0.00019217, 'params': 479627, 'time_iter': 0.01144, 'mae': 0.01308, 'r2': 0.96082, 'spearmanr': 0.98428, 'mse': 0.00126, 'rmse': 0.03551}
val: {'epoch': 370, 'time_epoch': 0.49137, 'loss': 0.07675303, 'lr': 0, 'params': 479627, 'time_iter': 0.00496, 'mae': 0.07675, 'r2': 0.54507, 'spearmanr': 0.78974, 'mse': 0.01633, 'rmse': 0.12778}
test: {'epoch': 370, 'time_epoch': 0.32817, 'loss': 0.10388082, 'lr': 0, 'params': 479627, 'time_iter': 0.00497, 'mae': 0.10388, 'r2': 0.41031, 'spearmanr': 0.70506, 'mse': 0.02399, 'rmse': 0.15488}
> Epoch 370: took 10.5s (avg 10.6s) | Best so far: epoch 31	train_loss: 0.0583 train_mae: 0.0583	val_loss: 0.0572 val_mae: 0.0571	test_loss: 0.0666 test_mae: 0.0666
train: {'epoch': 371, 'time_epoch': 10.26835, 'eta': 1242.82383, 'eta_hours': 0.34523, 'loss': 0.01316207, 'lr': 0.00018943, 'params': 479627, 'time_iter': 0.01215, 'mae': 0.01316, 'r2': 0.95983, 'spearmanr': 0.98397, 'mse': 0.00129, 'rmse': 0.03595}
val: {'epoch': 371, 'time_epoch': 0.49847, 'loss': 0.07799063, 'lr': 0, 'params': 479627, 'time_iter': 0.00504, 'mae': 0.07799, 'r2': 0.52792, 'spearmanr': 0.79319, 'mse': 0.01694, 'rmse': 0.13017}
test: {'epoch': 371, 'time_epoch': 0.32956, 'loss': 0.11025415, 'lr': 0, 'params': 479627, 'time_iter': 0.00499, 'mae': 0.11025, 'r2': 0.36417, 'spearmanr': 0.71088, 'mse': 0.02586, 'rmse': 0.16082}
> Epoch 371: took 11.1s (avg 10.6s) | Best so far: epoch 31	train_loss: 0.0583 train_mae: 0.0583	val_loss: 0.0572 val_mae: 0.0571	test_loss: 0.0666 test_mae: 0.0666
train: {'epoch': 372, 'time_epoch': 9.91825, 'eta': 1233.18532, 'eta_hours': 0.34255, 'loss': 0.01302293, 'lr': 0.0001867, 'params': 479627, 'time_iter': 0.01174, 'mae': 0.01302, 'r2': 0.9614, 'spearmanr': 0.98461, 'mse': 0.00124, 'rmse': 0.03524}
val: {'epoch': 372, 'time_epoch': 0.49452, 'loss': 0.07867892, 'lr': 0, 'params': 479627, 'time_iter': 0.005, 'mae': 0.07868, 'r2': 0.53361, 'spearmanr': 0.7897, 'mse': 0.01674, 'rmse': 0.12938}
test: {'epoch': 372, 'time_epoch': 0.33064, 'loss': 0.10875748, 'lr': 0, 'params': 479627, 'time_iter': 0.00501, 'mae': 0.10876, 'r2': 0.36956, 'spearmanr': 0.70427, 'mse': 0.02564, 'rmse': 0.16014}
> Epoch 372: took 10.8s (avg 10.6s) | Best so far: epoch 31	train_loss: 0.0583 train_mae: 0.0583	val_loss: 0.0572 val_mae: 0.0571	test_loss: 0.0666 test_mae: 0.0666
train: {'epoch': 373, 'time_epoch': 10.47342, 'eta': 1223.73236, 'eta_hours': 0.33993, 'loss': 0.01301025, 'lr': 0.00018399, 'params': 479627, 'time_iter': 0.01239, 'mae': 0.01301, 'r2': 0.96137, 'spearmanr': 0.98454, 'mse': 0.00124, 'rmse': 0.03526}
val: {'epoch': 373, 'time_epoch': 0.49098, 'loss': 0.07823944, 'lr': 0, 'params': 479627, 'time_iter': 0.00496, 'mae': 0.07824, 'r2': 0.53016, 'spearmanr': 0.7849, 'mse': 0.01686, 'rmse': 0.12986}
test: {'epoch': 373, 'time_epoch': 0.32959, 'loss': 0.10843604, 'lr': 0, 'params': 479627, 'time_iter': 0.00499, 'mae': 0.10844, 'r2': 0.36918, 'spearmanr': 0.70318, 'mse': 0.02566, 'rmse': 0.16019}
> Epoch 373: took 11.3s (avg 10.6s) | Best so far: epoch 31	train_loss: 0.0583 train_mae: 0.0583	val_loss: 0.0572 val_mae: 0.0571	test_loss: 0.0666 test_mae: 0.0666
train: {'epoch': 374, 'time_epoch': 9.58125, 'eta': 1213.97656, 'eta_hours': 0.33722, 'loss': 0.01298302, 'lr': 0.00018129, 'params': 479627, 'time_iter': 0.01134, 'mae': 0.01298, 'r2': 0.96118, 'spearmanr': 0.98429, 'mse': 0.00125, 'rmse': 0.03534}
val: {'epoch': 374, 'time_epoch': 0.49457, 'loss': 0.07832013, 'lr': 0, 'params': 479627, 'time_iter': 0.005, 'mae': 0.07832, 'r2': 0.52454, 'spearmanr': 0.78719, 'mse': 0.01706, 'rmse': 0.13063}
test: {'epoch': 374, 'time_epoch': 0.32689, 'loss': 0.10736062, 'lr': 0, 'params': 479627, 'time_iter': 0.00495, 'mae': 0.10736, 'r2': 0.38266, 'spearmanr': 0.70668, 'mse': 0.02511, 'rmse': 0.15847}
> Epoch 374: took 10.4s (avg 10.6s) | Best so far: epoch 31	train_loss: 0.0583 train_mae: 0.0583	val_loss: 0.0572 val_mae: 0.0571	test_loss: 0.0666 test_mae: 0.0666
train: {'epoch': 375, 'time_epoch': 10.39766, 'eta': 1204.49093, 'eta_hours': 0.33458, 'loss': 0.0128238, 'lr': 0.00017861, 'params': 479627, 'time_iter': 0.0123, 'mae': 0.01282, 'r2': 0.96193, 'spearmanr': 0.98474, 'mse': 0.00123, 'rmse': 0.035}
val: {'epoch': 375, 'time_epoch': 0.49545, 'loss': 0.07761684, 'lr': 0, 'params': 479627, 'time_iter': 0.005, 'mae': 0.07762, 'r2': 0.52626, 'spearmanr': 0.78725, 'mse': 0.017, 'rmse': 0.1304}
test: {'epoch': 375, 'time_epoch': 0.32891, 'loss': 0.10680404, 'lr': 0, 'params': 479627, 'time_iter': 0.00498, 'mae': 0.1068, 'r2': 0.39054, 'spearmanr': 0.70476, 'mse': 0.02479, 'rmse': 0.15745}
> Epoch 375: took 11.2s (avg 10.6s) | Best so far: epoch 31	train_loss: 0.0583 train_mae: 0.0583	val_loss: 0.0572 val_mae: 0.0571	test_loss: 0.0666 test_mae: 0.0666
train: {'epoch': 376, 'time_epoch': 9.71053, 'eta': 1194.77628, 'eta_hours': 0.33188, 'loss': 0.01281596, 'lr': 0.00017594, 'params': 479627, 'time_iter': 0.01149, 'mae': 0.01282, 'r2': 0.96177, 'spearmanr': 0.98484, 'mse': 0.00123, 'rmse': 0.03507}
val: {'epoch': 376, 'time_epoch': 0.49266, 'loss': 0.0761751, 'lr': 0, 'params': 479627, 'time_iter': 0.00498, 'mae': 0.07618, 'r2': 0.54194, 'spearmanr': 0.79112, 'mse': 0.01644, 'rmse': 0.12822}
test: {'epoch': 376, 'time_epoch': 0.32772, 'loss': 0.10261101, 'lr': 0, 'params': 479627, 'time_iter': 0.00497, 'mae': 0.10261, 'r2': 0.41339, 'spearmanr': 0.71142, 'mse': 0.02386, 'rmse': 0.15447}
> Epoch 376: took 10.6s (avg 10.6s) | Best so far: epoch 31	train_loss: 0.0583 train_mae: 0.0583	val_loss: 0.0572 val_mae: 0.0571	test_loss: 0.0666 test_mae: 0.0666
train: {'epoch': 377, 'time_epoch': 9.90918, 'eta': 1185.12577, 'eta_hours': 0.3292, 'loss': 0.01289158, 'lr': 0.00017329, 'params': 479627, 'time_iter': 0.01173, 'mae': 0.01289, 'r2': 0.96186, 'spearmanr': 0.98463, 'mse': 0.00123, 'rmse': 0.03503}
val: {'epoch': 377, 'time_epoch': 0.49094, 'loss': 0.0777045, 'lr': 0, 'params': 479627, 'time_iter': 0.00496, 'mae': 0.0777, 'r2': 0.52369, 'spearmanr': 0.7867, 'mse': 0.0171, 'rmse': 0.13075}
test: {'epoch': 377, 'time_epoch': 0.32602, 'loss': 0.1049892, 'lr': 0, 'params': 479627, 'time_iter': 0.00494, 'mae': 0.10499, 'r2': 0.38901, 'spearmanr': 0.71049, 'mse': 0.02485, 'rmse': 0.15765}
> Epoch 377: took 10.7s (avg 10.6s) | Best so far: epoch 31	train_loss: 0.0583 train_mae: 0.0583	val_loss: 0.0572 val_mae: 0.0571	test_loss: 0.0666 test_mae: 0.0666
train: {'epoch': 378, 'time_epoch': 9.60658, 'eta': 1175.37728, 'eta_hours': 0.32649, 'loss': 0.01283797, 'lr': 0.00017066, 'params': 479627, 'time_iter': 0.01137, 'mae': 0.01284, 'r2': 0.96175, 'spearmanr': 0.98488, 'mse': 0.00123, 'rmse': 0.03508}
val: {'epoch': 378, 'time_epoch': 0.49916, 'loss': 0.07745103, 'lr': 0, 'params': 479627, 'time_iter': 0.00504, 'mae': 0.07745, 'r2': 0.53273, 'spearmanr': 0.78715, 'mse': 0.01677, 'rmse': 0.1295}
test: {'epoch': 378, 'time_epoch': 0.33395, 'loss': 0.10558999, 'lr': 0, 'params': 479627, 'time_iter': 0.00506, 'mae': 0.10559, 'r2': 0.39803, 'spearmanr': 0.70826, 'mse': 0.02449, 'rmse': 0.15648}
> Epoch 378: took 10.5s (avg 10.6s) | Best so far: epoch 31	train_loss: 0.0583 train_mae: 0.0583	val_loss: 0.0572 val_mae: 0.0571	test_loss: 0.0666 test_mae: 0.0666
train: {'epoch': 379, 'time_epoch': 9.65885, 'eta': 1165.64605, 'eta_hours': 0.32379, 'loss': 0.01290774, 'lr': 0.00016804, 'params': 479627, 'time_iter': 0.01143, 'mae': 0.01291, 'r2': 0.96151, 'spearmanr': 0.98474, 'mse': 0.00124, 'rmse': 0.03519}
val: {'epoch': 379, 'time_epoch': 0.49346, 'loss': 0.0767418, 'lr': 0, 'params': 479627, 'time_iter': 0.00498, 'mae': 0.07674, 'r2': 0.54315, 'spearmanr': 0.79249, 'mse': 0.0164, 'rmse': 0.12805}
test: {'epoch': 379, 'time_epoch': 0.32816, 'loss': 0.1056037, 'lr': 0, 'params': 479627, 'time_iter': 0.00497, 'mae': 0.1056, 'r2': 0.39725, 'spearmanr': 0.70848, 'mse': 0.02452, 'rmse': 0.15658}
> Epoch 379: took 10.5s (avg 10.6s) | Best so far: epoch 31	train_loss: 0.0583 train_mae: 0.0583	val_loss: 0.0572 val_mae: 0.0571	test_loss: 0.0666 test_mae: 0.0666
train: {'epoch': 380, 'time_epoch': 10.01476, 'eta': 1156.02636, 'eta_hours': 0.32112, 'loss': 0.01265932, 'lr': 0.00016543, 'params': 479627, 'time_iter': 0.01185, 'mae': 0.01266, 'r2': 0.96236, 'spearmanr': 0.98505, 'mse': 0.00121, 'rmse': 0.0348}
val: {'epoch': 380, 'time_epoch': 0.4913, 'loss': 0.07469362, 'lr': 0, 'params': 479627, 'time_iter': 0.00496, 'mae': 0.07469, 'r2': 0.56015, 'spearmanr': 0.7932, 'mse': 0.01579, 'rmse': 0.12564}
test: {'epoch': 380, 'time_epoch': 0.32516, 'loss': 0.10354047, 'lr': 0, 'params': 479627, 'time_iter': 0.00493, 'mae': 0.10354, 'r2': 0.40925, 'spearmanr': 0.71558, 'mse': 0.02403, 'rmse': 0.15502}
> Epoch 380: took 10.9s (avg 10.6s) | Best so far: epoch 31	train_loss: 0.0583 train_mae: 0.0583	val_loss: 0.0572 val_mae: 0.0571	test_loss: 0.0666 test_mae: 0.0666
train: {'epoch': 381, 'time_epoch': 10.49768, 'eta': 1146.55377, 'eta_hours': 0.31849, 'loss': 0.01265725, 'lr': 0.00016285, 'params': 479627, 'time_iter': 0.01242, 'mae': 0.01266, 'r2': 0.96291, 'spearmanr': 0.98514, 'mse': 0.00119, 'rmse': 0.03455}
val: {'epoch': 381, 'time_epoch': 0.4943, 'loss': 0.07641739, 'lr': 0, 'params': 479627, 'time_iter': 0.00499, 'mae': 0.07642, 'r2': 0.54865, 'spearmanr': 0.7921, 'mse': 0.0162, 'rmse': 0.12728}
test: {'epoch': 381, 'time_epoch': 0.33018, 'loss': 0.10382991, 'lr': 0, 'params': 479627, 'time_iter': 0.005, 'mae': 0.10383, 'r2': 0.40046, 'spearmanr': 0.70207, 'mse': 0.02439, 'rmse': 0.15616}
> Epoch 381: took 11.3s (avg 10.6s) | Best so far: epoch 31	train_loss: 0.0583 train_mae: 0.0583	val_loss: 0.0572 val_mae: 0.0571	test_loss: 0.0666 test_mae: 0.0666
train: {'epoch': 382, 'time_epoch': 9.68192, 'eta': 1136.82663, 'eta_hours': 0.31579, 'loss': 0.01272894, 'lr': 0.00016028, 'params': 479627, 'time_iter': 0.01146, 'mae': 0.01273, 'r2': 0.96235, 'spearmanr': 0.98499, 'mse': 0.00121, 'rmse': 0.03481}
val: {'epoch': 382, 'time_epoch': 0.49732, 'loss': 0.07752166, 'lr': 0, 'params': 479627, 'time_iter': 0.00502, 'mae': 0.07752, 'r2': 0.53783, 'spearmanr': 0.7917, 'mse': 0.01659, 'rmse': 0.12879}
test: {'epoch': 382, 'time_epoch': 0.32922, 'loss': 0.10506113, 'lr': 0, 'params': 479627, 'time_iter': 0.00499, 'mae': 0.10506, 'r2': 0.39739, 'spearmanr': 0.70286, 'mse': 0.02451, 'rmse': 0.15656}
> Epoch 382: took 10.5s (avg 10.6s) | Best so far: epoch 31	train_loss: 0.0583 train_mae: 0.0583	val_loss: 0.0572 val_mae: 0.0571	test_loss: 0.0666 test_mae: 0.0666
train: {'epoch': 383, 'time_epoch': 9.43709, 'eta': 1127.02577, 'eta_hours': 0.31306, 'loss': 0.01273594, 'lr': 0.00015773, 'params': 479627, 'time_iter': 0.01117, 'mae': 0.01274, 'r2': 0.96195, 'spearmanr': 0.98482, 'mse': 0.00122, 'rmse': 0.03499}
val: {'epoch': 383, 'time_epoch': 0.49235, 'loss': 0.07821908, 'lr': 0, 'params': 479627, 'time_iter': 0.00497, 'mae': 0.07822, 'r2': 0.53856, 'spearmanr': 0.79117, 'mse': 0.01656, 'rmse': 0.12869}
test: {'epoch': 383, 'time_epoch': 0.32638, 'loss': 0.10740007, 'lr': 0, 'params': 479627, 'time_iter': 0.00495, 'mae': 0.1074, 'r2': 0.39015, 'spearmanr': 0.69562, 'mse': 0.02481, 'rmse': 0.1575}
> Epoch 383: took 10.3s (avg 10.6s) | Best so far: epoch 31	train_loss: 0.0583 train_mae: 0.0583	val_loss: 0.0572 val_mae: 0.0571	test_loss: 0.0666 test_mae: 0.0666
train: {'epoch': 384, 'time_epoch': 10.24697, 'eta': 1117.46871, 'eta_hours': 0.31041, 'loss': 0.01260146, 'lr': 0.00015519, 'params': 479627, 'time_iter': 0.01213, 'mae': 0.0126, 'r2': 0.9628, 'spearmanr': 0.98531, 'mse': 0.0012, 'rmse': 0.0346}
val: {'epoch': 384, 'time_epoch': 0.49409, 'loss': 0.0778573, 'lr': 0, 'params': 479627, 'time_iter': 0.00499, 'mae': 0.07786, 'r2': 0.54158, 'spearmanr': 0.79393, 'mse': 0.01645, 'rmse': 0.12827}
test: {'epoch': 384, 'time_epoch': 0.32763, 'loss': 0.10757793, 'lr': 0, 'params': 479627, 'time_iter': 0.00496, 'mae': 0.10758, 'r2': 0.39125, 'spearmanr': 0.70306, 'mse': 0.02476, 'rmse': 0.15736}
> Epoch 384: took 11.1s (avg 10.6s) | Best so far: epoch 31	train_loss: 0.0583 train_mae: 0.0583	val_loss: 0.0572 val_mae: 0.0571	test_loss: 0.0666 test_mae: 0.0666
train: {'epoch': 385, 'time_epoch': 9.83569, 'eta': 1107.78661, 'eta_hours': 0.30772, 'loss': 0.01255365, 'lr': 0.00015267, 'params': 479627, 'time_iter': 0.01164, 'mae': 0.01255, 'r2': 0.96232, 'spearmanr': 0.98499, 'mse': 0.00121, 'rmse': 0.03482}
val: {'epoch': 385, 'time_epoch': 0.49923, 'loss': 0.07770997, 'lr': 0, 'params': 479627, 'time_iter': 0.00504, 'mae': 0.07771, 'r2': 0.53324, 'spearmanr': 0.7901, 'mse': 0.01675, 'rmse': 0.12943}
test: {'epoch': 385, 'time_epoch': 0.32068, 'loss': 0.10516263, 'lr': 0, 'params': 479627, 'time_iter': 0.00486, 'mae': 0.10516, 'r2': 0.39743, 'spearmanr': 0.70286, 'mse': 0.02451, 'rmse': 0.15656}
> Epoch 385: took 10.7s (avg 10.6s) | Best so far: epoch 31	train_loss: 0.0583 train_mae: 0.0583	val_loss: 0.0572 val_mae: 0.0571	test_loss: 0.0666 test_mae: 0.0666
train: {'epoch': 386, 'time_epoch': 9.73276, 'eta': 1098.07366, 'eta_hours': 0.30502, 'loss': 0.01259211, 'lr': 0.00015017, 'params': 479627, 'time_iter': 0.01152, 'mae': 0.01259, 'r2': 0.96243, 'spearmanr': 0.98511, 'mse': 0.00121, 'rmse': 0.03477}
val: {'epoch': 386, 'time_epoch': 0.49224, 'loss': 0.07706362, 'lr': 0, 'params': 479627, 'time_iter': 0.00497, 'mae': 0.07706, 'r2': 0.53955, 'spearmanr': 0.7884, 'mse': 0.01653, 'rmse': 0.12855}
test: {'epoch': 386, 'time_epoch': 0.32904, 'loss': 0.10351409, 'lr': 0, 'params': 479627, 'time_iter': 0.00499, 'mae': 0.10351, 'r2': 0.41403, 'spearmanr': 0.70108, 'mse': 0.02384, 'rmse': 0.15439}
> Epoch 386: took 10.6s (avg 10.6s) | Best so far: epoch 31	train_loss: 0.0583 train_mae: 0.0583	val_loss: 0.0572 val_mae: 0.0571	test_loss: 0.0666 test_mae: 0.0666
train: {'epoch': 387, 'time_epoch': 9.39697, 'eta': 1088.26368, 'eta_hours': 0.3023, 'loss': 0.01248845, 'lr': 0.00014768, 'params': 479627, 'time_iter': 0.01112, 'mae': 0.01249, 'r2': 0.96344, 'spearmanr': 0.98565, 'mse': 0.00118, 'rmse': 0.0343}
val: {'epoch': 387, 'time_epoch': 0.4909, 'loss': 0.077718, 'lr': 0, 'params': 479627, 'time_iter': 0.00496, 'mae': 0.07772, 'r2': 0.53811, 'spearmanr': 0.78888, 'mse': 0.01658, 'rmse': 0.12875}
test: {'epoch': 387, 'time_epoch': 0.32714, 'loss': 0.10602235, 'lr': 0, 'params': 479627, 'time_iter': 0.00496, 'mae': 0.10602, 'r2': 0.39193, 'spearmanr': 0.69691, 'mse': 0.02473, 'rmse': 0.15727}
> Epoch 387: took 10.2s (avg 10.6s) | Best so far: epoch 31	train_loss: 0.0583 train_mae: 0.0583	val_loss: 0.0572 val_mae: 0.0571	test_loss: 0.0666 test_mae: 0.0666
train: {'epoch': 388, 'time_epoch': 9.77615, 'eta': 1078.56402, 'eta_hours': 0.2996, 'loss': 0.01249506, 'lr': 0.00014521, 'params': 479627, 'time_iter': 0.01157, 'mae': 0.0125, 'r2': 0.96281, 'spearmanr': 0.98537, 'mse': 0.0012, 'rmse': 0.03459}
val: {'epoch': 388, 'time_epoch': 0.49567, 'loss': 0.07598078, 'lr': 0, 'params': 479627, 'time_iter': 0.00501, 'mae': 0.07598, 'r2': 0.54868, 'spearmanr': 0.79296, 'mse': 0.0162, 'rmse': 0.12727}
test: {'epoch': 388, 'time_epoch': 0.3275, 'loss': 0.10356758, 'lr': 0, 'params': 479627, 'time_iter': 0.00496, 'mae': 0.10357, 'r2': 0.40849, 'spearmanr': 0.70539, 'mse': 0.02406, 'rmse': 0.15512}
> Epoch 388: took 10.6s (avg 10.6s) | Best so far: epoch 31	train_loss: 0.0583 train_mae: 0.0583	val_loss: 0.0572 val_mae: 0.0571	test_loss: 0.0666 test_mae: 0.0666
train: {'epoch': 389, 'time_epoch': 9.51484, 'eta': 1068.79027, 'eta_hours': 0.29689, 'loss': 0.01249108, 'lr': 0.00014276, 'params': 479627, 'time_iter': 0.01126, 'mae': 0.01249, 'r2': 0.96328, 'spearmanr': 0.98551, 'mse': 0.00118, 'rmse': 0.03437}
val: {'epoch': 389, 'time_epoch': 0.49446, 'loss': 0.07893686, 'lr': 0, 'params': 479627, 'time_iter': 0.00499, 'mae': 0.07894, 'r2': 0.52313, 'spearmanr': 0.78471, 'mse': 0.01711, 'rmse': 0.13082}
test: {'epoch': 389, 'time_epoch': 0.32792, 'loss': 0.10747984, 'lr': 0, 'params': 479627, 'time_iter': 0.00497, 'mae': 0.10748, 'r2': 0.38261, 'spearmanr': 0.70022, 'mse': 0.02511, 'rmse': 0.15847}
> Epoch 389: took 10.4s (avg 10.6s) | Best so far: epoch 31	train_loss: 0.0583 train_mae: 0.0583	val_loss: 0.0572 val_mae: 0.0571	test_loss: 0.0666 test_mae: 0.0666
train: {'epoch': 390, 'time_epoch': 9.62856, 'eta': 1059.04954, 'eta_hours': 0.29418, 'loss': 0.01236581, 'lr': 0.00014033, 'params': 479627, 'time_iter': 0.01139, 'mae': 0.01237, 'r2': 0.96375, 'spearmanr': 0.98568, 'mse': 0.00117, 'rmse': 0.03415}
val: {'epoch': 390, 'time_epoch': 0.49413, 'loss': 0.07649313, 'lr': 0, 'params': 479627, 'time_iter': 0.00499, 'mae': 0.07649, 'r2': 0.54164, 'spearmanr': 0.79088, 'mse': 0.01645, 'rmse': 0.12826}
test: {'epoch': 390, 'time_epoch': 0.32691, 'loss': 0.10365415, 'lr': 0, 'params': 479627, 'time_iter': 0.00495, 'mae': 0.10365, 'r2': 0.40141, 'spearmanr': 0.70054, 'mse': 0.02435, 'rmse': 0.15604}
> Epoch 390: took 10.5s (avg 10.6s) | Best so far: epoch 31	train_loss: 0.0583 train_mae: 0.0583	val_loss: 0.0572 val_mae: 0.0571	test_loss: 0.0666 test_mae: 0.0666
train: {'epoch': 391, 'time_epoch': 9.46484, 'eta': 1049.26428, 'eta_hours': 0.29146, 'loss': 0.01246602, 'lr': 0.00013791, 'params': 479627, 'time_iter': 0.0112, 'mae': 0.01247, 'r2': 0.96344, 'spearmanr': 0.98555, 'mse': 0.00118, 'rmse': 0.0343}
val: {'epoch': 391, 'time_epoch': 0.49514, 'loss': 0.07694358, 'lr': 0, 'params': 479627, 'time_iter': 0.005, 'mae': 0.07694, 'r2': 0.53684, 'spearmanr': 0.78803, 'mse': 0.01662, 'rmse': 0.12893}
test: {'epoch': 391, 'time_epoch': 0.32976, 'loss': 0.10410435, 'lr': 0, 'params': 479627, 'time_iter': 0.005, 'mae': 0.1041, 'r2': 0.40607, 'spearmanr': 0.70359, 'mse': 0.02416, 'rmse': 0.15543}
> Epoch 391: took 10.3s (avg 10.6s) | Best so far: epoch 31	train_loss: 0.0583 train_mae: 0.0583	val_loss: 0.0572 val_mae: 0.0571	test_loss: 0.0666 test_mae: 0.0666
train: {'epoch': 392, 'time_epoch': 9.44299, 'eta': 1039.4747, 'eta_hours': 0.28874, 'loss': 0.01235015, 'lr': 0.00013552, 'params': 479627, 'time_iter': 0.01118, 'mae': 0.01235, 'r2': 0.96351, 'spearmanr': 0.9858, 'mse': 0.00117, 'rmse': 0.03427}
val: {'epoch': 392, 'time_epoch': 0.49514, 'loss': 0.07871623, 'lr': 0, 'params': 479627, 'time_iter': 0.005, 'mae': 0.07872, 'r2': 0.52049, 'spearmanr': 0.78514, 'mse': 0.01721, 'rmse': 0.13119}
test: {'epoch': 392, 'time_epoch': 0.32837, 'loss': 0.10773792, 'lr': 0, 'params': 479627, 'time_iter': 0.00498, 'mae': 0.10774, 'r2': 0.39065, 'spearmanr': 0.70555, 'mse': 0.02479, 'rmse': 0.15744}
> Epoch 392: took 10.3s (avg 10.6s) | Best so far: epoch 31	train_loss: 0.0583 train_mae: 0.0583	val_loss: 0.0572 val_mae: 0.0571	test_loss: 0.0666 test_mae: 0.0666
train: {'epoch': 393, 'time_epoch': 9.42185, 'eta': 1029.68119, 'eta_hours': 0.28602, 'loss': 0.01232347, 'lr': 0.00013314, 'params': 479627, 'time_iter': 0.01115, 'mae': 0.01232, 'r2': 0.96344, 'spearmanr': 0.98588, 'mse': 0.00118, 'rmse': 0.0343}
val: {'epoch': 393, 'time_epoch': 0.49586, 'loss': 0.0769063, 'lr': 0, 'params': 479627, 'time_iter': 0.00501, 'mae': 0.07691, 'r2': 0.53839, 'spearmanr': 0.78964, 'mse': 0.01657, 'rmse': 0.12871}
test: {'epoch': 393, 'time_epoch': 0.32766, 'loss': 0.10401995, 'lr': 0, 'params': 479627, 'time_iter': 0.00496, 'mae': 0.10402, 'r2': 0.4075, 'spearmanr': 0.7108, 'mse': 0.0241, 'rmse': 0.15525}
> Epoch 393: took 10.3s (avg 10.6s) | Best so far: epoch 31	train_loss: 0.0583 train_mae: 0.0583	val_loss: 0.0572 val_mae: 0.0571	test_loss: 0.0666 test_mae: 0.0666
train: {'epoch': 394, 'time_epoch': 9.4426, 'eta': 1019.89508, 'eta_hours': 0.2833, 'loss': 0.01232897, 'lr': 0.00013077, 'params': 479627, 'time_iter': 0.01117, 'mae': 0.01233, 'r2': 0.96372, 'spearmanr': 0.98605, 'mse': 0.00117, 'rmse': 0.03417}
val: {'epoch': 394, 'time_epoch': 0.49518, 'loss': 0.07707589, 'lr': 0, 'params': 479627, 'time_iter': 0.005, 'mae': 0.07708, 'r2': 0.53725, 'spearmanr': 0.79202, 'mse': 0.01661, 'rmse': 0.12887}
test: {'epoch': 394, 'time_epoch': 0.32781, 'loss': 0.1037117, 'lr': 0, 'params': 479627, 'time_iter': 0.00497, 'mae': 0.10371, 'r2': 0.41187, 'spearmanr': 0.71337, 'mse': 0.02392, 'rmse': 0.15467}
> Epoch 394: took 10.3s (avg 10.6s) | Best so far: epoch 31	train_loss: 0.0583 train_mae: 0.0583	val_loss: 0.0572 val_mae: 0.0571	test_loss: 0.0666 test_mae: 0.0666
train: {'epoch': 395, 'time_epoch': 9.40701, 'eta': 1010.10135, 'eta_hours': 0.28058, 'loss': 0.01230956, 'lr': 0.00012843, 'params': 479627, 'time_iter': 0.01113, 'mae': 0.01231, 'r2': 0.9629, 'spearmanr': 0.98567, 'mse': 0.00119, 'rmse': 0.03455}
val: {'epoch': 395, 'time_epoch': 0.49431, 'loss': 0.07731929, 'lr': 0, 'params': 479627, 'time_iter': 0.00499, 'mae': 0.07732, 'r2': 0.53746, 'spearmanr': 0.79215, 'mse': 0.0166, 'rmse': 0.12884}
test: {'epoch': 395, 'time_epoch': 0.32728, 'loss': 0.10514609, 'lr': 0, 'params': 479627, 'time_iter': 0.00496, 'mae': 0.10515, 'r2': 0.39821, 'spearmanr': 0.70733, 'mse': 0.02448, 'rmse': 0.15646}
> Epoch 395: took 10.2s (avg 10.6s) | Best so far: epoch 31	train_loss: 0.0583 train_mae: 0.0583	val_loss: 0.0572 val_mae: 0.0571	test_loss: 0.0666 test_mae: 0.0666
train: {'epoch': 396, 'time_epoch': 9.42752, 'eta': 1000.3149, 'eta_hours': 0.27787, 'loss': 0.01226571, 'lr': 0.0001261, 'params': 479627, 'time_iter': 0.01116, 'mae': 0.01227, 'r2': 0.96401, 'spearmanr': 0.98595, 'mse': 0.00116, 'rmse': 0.03403}
val: {'epoch': 396, 'time_epoch': 0.4921, 'loss': 0.07768084, 'lr': 0, 'params': 479627, 'time_iter': 0.00497, 'mae': 0.07768, 'r2': 0.52346, 'spearmanr': 0.78612, 'mse': 0.0171, 'rmse': 0.13078}
test: {'epoch': 396, 'time_epoch': 0.32611, 'loss': 0.10429322, 'lr': 0, 'params': 479627, 'time_iter': 0.00494, 'mae': 0.10429, 'r2': 0.40394, 'spearmanr': 0.70764, 'mse': 0.02425, 'rmse': 0.15571}
> Epoch 396: took 10.3s (avg 10.6s) | Best so far: epoch 31	train_loss: 0.0583 train_mae: 0.0583	val_loss: 0.0572 val_mae: 0.0571	test_loss: 0.0666 test_mae: 0.0666
train: {'epoch': 397, 'time_epoch': 9.40077, 'eta': 990.52339, 'eta_hours': 0.27515, 'loss': 0.01220679, 'lr': 0.00012379, 'params': 479627, 'time_iter': 0.01113, 'mae': 0.01221, 'r2': 0.9635, 'spearmanr': 0.98568, 'mse': 0.00117, 'rmse': 0.03427}
val: {'epoch': 397, 'time_epoch': 0.49281, 'loss': 0.07756635, 'lr': 0, 'params': 479627, 'time_iter': 0.00498, 'mae': 0.07757, 'r2': 0.54325, 'spearmanr': 0.79274, 'mse': 0.01639, 'rmse': 0.12804}
test: {'epoch': 397, 'time_epoch': 0.32648, 'loss': 0.1033233, 'lr': 0, 'params': 479627, 'time_iter': 0.00495, 'mae': 0.10332, 'r2': 0.41139, 'spearmanr': 0.70377, 'mse': 0.02394, 'rmse': 0.15473}
> Epoch 397: took 10.2s (avg 10.6s) | Best so far: epoch 31	train_loss: 0.0583 train_mae: 0.0583	val_loss: 0.0572 val_mae: 0.0571	test_loss: 0.0666 test_mae: 0.0666
train: {'epoch': 398, 'time_epoch': 9.4173, 'eta': 980.73803, 'eta_hours': 0.27243, 'loss': 0.01222187, 'lr': 0.0001215, 'params': 479627, 'time_iter': 0.01114, 'mae': 0.01222, 'r2': 0.96399, 'spearmanr': 0.98599, 'mse': 0.00116, 'rmse': 0.03404}
val: {'epoch': 398, 'time_epoch': 0.49086, 'loss': 0.07718462, 'lr': 0, 'params': 479627, 'time_iter': 0.00496, 'mae': 0.07718, 'r2': 0.53982, 'spearmanr': 0.79098, 'mse': 0.01652, 'rmse': 0.12851}
test: {'epoch': 398, 'time_epoch': 0.32744, 'loss': 0.10565817, 'lr': 0, 'params': 479627, 'time_iter': 0.00496, 'mae': 0.10566, 'r2': 0.39256, 'spearmanr': 0.70734, 'mse': 0.02471, 'rmse': 0.15719}
> Epoch 398: took 10.3s (avg 10.6s) | Best so far: epoch 31	train_loss: 0.0583 train_mae: 0.0583	val_loss: 0.0572 val_mae: 0.0571	test_loss: 0.0666 test_mae: 0.0666
train: {'epoch': 399, 'time_epoch': 9.40429, 'eta': 970.95126, 'eta_hours': 0.26971, 'loss': 0.01212882, 'lr': 0.00011923, 'params': 479627, 'time_iter': 0.01113, 'mae': 0.01213, 'r2': 0.96418, 'spearmanr': 0.98601, 'mse': 0.00115, 'rmse': 0.03395}
val: {'epoch': 399, 'time_epoch': 0.49585, 'loss': 0.07640352, 'lr': 0, 'params': 479627, 'time_iter': 0.00501, 'mae': 0.0764, 'r2': 0.53301, 'spearmanr': 0.78787, 'mse': 0.01676, 'rmse': 0.12946}
test: {'epoch': 399, 'time_epoch': 0.32886, 'loss': 0.10428996, 'lr': 0, 'params': 479627, 'time_iter': 0.00498, 'mae': 0.10429, 'r2': 0.40681, 'spearmanr': 0.70739, 'mse': 0.02413, 'rmse': 0.15534}
> Epoch 399: took 10.2s (avg 10.6s) | Best so far: epoch 31	train_loss: 0.0583 train_mae: 0.0583	val_loss: 0.0572 val_mae: 0.0571	test_loss: 0.0666 test_mae: 0.0666
train: {'epoch': 400, 'time_epoch': 9.55874, 'eta': 961.20452, 'eta_hours': 0.267, 'loss': 0.01212114, 'lr': 0.00011698, 'params': 479627, 'time_iter': 0.01131, 'mae': 0.01212, 'r2': 0.96447, 'spearmanr': 0.98623, 'mse': 0.00114, 'rmse': 0.03381}
val: {'epoch': 400, 'time_epoch': 0.49356, 'loss': 0.07677444, 'lr': 0, 'params': 479627, 'time_iter': 0.00499, 'mae': 0.07677, 'r2': 0.54639, 'spearmanr': 0.79358, 'mse': 0.01628, 'rmse': 0.12759}
test: {'epoch': 400, 'time_epoch': 0.3257, 'loss': 0.10592072, 'lr': 0, 'params': 479627, 'time_iter': 0.00493, 'mae': 0.10592, 'r2': 0.39863, 'spearmanr': 0.70482, 'mse': 0.02446, 'rmse': 0.1564}
> Epoch 400: took 10.4s (avg 10.6s) | Best so far: epoch 31	train_loss: 0.0583 train_mae: 0.0583	val_loss: 0.0572 val_mae: 0.0571	test_loss: 0.0666 test_mae: 0.0666
train: {'epoch': 401, 'time_epoch': 10.14667, 'eta': 951.60205, 'eta_hours': 0.26433, 'loss': 0.01207955, 'lr': 0.00011474, 'params': 479627, 'time_iter': 0.01201, 'mae': 0.01208, 'r2': 0.96495, 'spearmanr': 0.98665, 'mse': 0.00113, 'rmse': 0.03358}
val: {'epoch': 401, 'time_epoch': 0.49134, 'loss': 0.0773668, 'lr': 0, 'params': 479627, 'time_iter': 0.00496, 'mae': 0.07737, 'r2': 0.5299, 'spearmanr': 0.79009, 'mse': 0.01687, 'rmse': 0.12989}
test: {'epoch': 401, 'time_epoch': 0.32518, 'loss': 0.10950338, 'lr': 0, 'params': 479627, 'time_iter': 0.00493, 'mae': 0.1095, 'r2': 0.37066, 'spearmanr': 0.70327, 'mse': 0.0256, 'rmse': 0.16}
> Epoch 401: took 11.0s (avg 10.6s) | Best so far: epoch 31	train_loss: 0.0583 train_mae: 0.0583	val_loss: 0.0572 val_mae: 0.0571	test_loss: 0.0666 test_mae: 0.0666
train: {'epoch': 402, 'time_epoch': 9.82427, 'eta': 941.91927, 'eta_hours': 0.26164, 'loss': 0.01202968, 'lr': 0.00011253, 'params': 479627, 'time_iter': 0.01163, 'mae': 0.01203, 'r2': 0.96454, 'spearmanr': 0.98615, 'mse': 0.00114, 'rmse': 0.03378}
val: {'epoch': 402, 'time_epoch': 0.49695, 'loss': 0.07817254, 'lr': 0, 'params': 479627, 'time_iter': 0.00502, 'mae': 0.07817, 'r2': 0.5209, 'spearmanr': 0.78717, 'mse': 0.0172, 'rmse': 0.13113}
test: {'epoch': 402, 'time_epoch': 0.32639, 'loss': 0.10808326, 'lr': 0, 'params': 479627, 'time_iter': 0.00495, 'mae': 0.10808, 'r2': 0.38575, 'spearmanr': 0.7073, 'mse': 0.02499, 'rmse': 0.15807}
> Epoch 402: took 10.7s (avg 10.6s) | Best so far: epoch 31	train_loss: 0.0583 train_mae: 0.0583	val_loss: 0.0572 val_mae: 0.0571	test_loss: 0.0666 test_mae: 0.0666
train: {'epoch': 403, 'time_epoch': 9.40624, 'eta': 932.13646, 'eta_hours': 0.25893, 'loss': 0.01213121, 'lr': 0.00011033, 'params': 479627, 'time_iter': 0.01113, 'mae': 0.01213, 'r2': 0.96334, 'spearmanr': 0.9858, 'mse': 0.00118, 'rmse': 0.03434}
val: {'epoch': 403, 'time_epoch': 0.49344, 'loss': 0.07646038, 'lr': 0, 'params': 479627, 'time_iter': 0.00498, 'mae': 0.07646, 'r2': 0.54722, 'spearmanr': 0.79459, 'mse': 0.01625, 'rmse': 0.12748}
test: {'epoch': 403, 'time_epoch': 0.32581, 'loss': 0.10473496, 'lr': 0, 'params': 479627, 'time_iter': 0.00494, 'mae': 0.10473, 'r2': 0.4049, 'spearmanr': 0.71023, 'mse': 0.02421, 'rmse': 0.15558}
> Epoch 403: took 10.2s (avg 10.6s) | Best so far: epoch 31	train_loss: 0.0583 train_mae: 0.0583	val_loss: 0.0572 val_mae: 0.0571	test_loss: 0.0666 test_mae: 0.0666
train: {'epoch': 404, 'time_epoch': 9.55064, 'eta': 922.38939, 'eta_hours': 0.25622, 'loss': 0.01199305, 'lr': 0.00010815, 'params': 479627, 'time_iter': 0.0113, 'mae': 0.01199, 'r2': 0.96448, 'spearmanr': 0.98617, 'mse': 0.00114, 'rmse': 0.03381}
val: {'epoch': 404, 'time_epoch': 0.49761, 'loss': 0.07801638, 'lr': 0, 'params': 479627, 'time_iter': 0.00503, 'mae': 0.07802, 'r2': 0.53341, 'spearmanr': 0.78639, 'mse': 0.01675, 'rmse': 0.12941}
test: {'epoch': 404, 'time_epoch': 0.32924, 'loss': 0.1058582, 'lr': 0, 'params': 479627, 'time_iter': 0.00499, 'mae': 0.10586, 'r2': 0.40236, 'spearmanr': 0.70339, 'mse': 0.02431, 'rmse': 0.15592}
> Epoch 404: took 10.4s (avg 10.6s) | Best so far: epoch 31	train_loss: 0.0583 train_mae: 0.0583	val_loss: 0.0572 val_mae: 0.0571	test_loss: 0.0666 test_mae: 0.0666
train: {'epoch': 405, 'time_epoch': 9.88627, 'eta': 912.72098, 'eta_hours': 0.25353, 'loss': 0.01193204, 'lr': 0.00010599, 'params': 479627, 'time_iter': 0.0117, 'mae': 0.01193, 'r2': 0.96494, 'spearmanr': 0.98656, 'mse': 0.00113, 'rmse': 0.03359}
val: {'epoch': 405, 'time_epoch': 0.49838, 'loss': 0.07726513, 'lr': 0, 'params': 479627, 'time_iter': 0.00503, 'mae': 0.07727, 'r2': 0.54287, 'spearmanr': 0.79039, 'mse': 0.01641, 'rmse': 0.12809}
test: {'epoch': 405, 'time_epoch': 0.33063, 'loss': 0.10658266, 'lr': 0, 'params': 479627, 'time_iter': 0.00501, 'mae': 0.10658, 'r2': 0.40206, 'spearmanr': 0.70587, 'mse': 0.02432, 'rmse': 0.15596}
> Epoch 405: took 10.7s (avg 10.6s) | Best so far: epoch 31	train_loss: 0.0583 train_mae: 0.0583	val_loss: 0.0572 val_mae: 0.0571	test_loss: 0.0666 test_mae: 0.0666
train: {'epoch': 406, 'time_epoch': 9.88219, 'eta': 903.05058, 'eta_hours': 0.25085, 'loss': 0.01194491, 'lr': 0.00010386, 'params': 479627, 'time_iter': 0.01169, 'mae': 0.01194, 'r2': 0.96514, 'spearmanr': 0.98648, 'mse': 0.00112, 'rmse': 0.03349}
val: {'epoch': 406, 'time_epoch': 0.4951, 'loss': 0.07643682, 'lr': 0, 'params': 479627, 'time_iter': 0.005, 'mae': 0.07644, 'r2': 0.55009, 'spearmanr': 0.79317, 'mse': 0.01615, 'rmse': 0.12707}
test: {'epoch': 406, 'time_epoch': 0.33048, 'loss': 0.10525069, 'lr': 0, 'params': 479627, 'time_iter': 0.00501, 'mae': 0.10525, 'r2': 0.40547, 'spearmanr': 0.70742, 'mse': 0.02418, 'rmse': 0.15551}
> Epoch 406: took 10.7s (avg 10.6s) | Best so far: epoch 31	train_loss: 0.0583 train_mae: 0.0583	val_loss: 0.0572 val_mae: 0.0571	test_loss: 0.0666 test_mae: 0.0666
train: {'epoch': 407, 'time_epoch': 9.47698, 'eta': 893.28776, 'eta_hours': 0.24814, 'loss': 0.01190575, 'lr': 0.00010174, 'params': 479627, 'time_iter': 0.01122, 'mae': 0.01191, 'r2': 0.96503, 'spearmanr': 0.9865, 'mse': 0.00113, 'rmse': 0.03354}
val: {'epoch': 407, 'time_epoch': 0.48955, 'loss': 0.07755903, 'lr': 0, 'params': 479627, 'time_iter': 0.00494, 'mae': 0.07756, 'r2': 0.54311, 'spearmanr': 0.79412, 'mse': 0.0164, 'rmse': 0.12805}
test: {'epoch': 407, 'time_epoch': 0.32533, 'loss': 0.10860858, 'lr': 0, 'params': 479627, 'time_iter': 0.00493, 'mae': 0.10861, 'r2': 0.38259, 'spearmanr': 0.70891, 'mse': 0.02511, 'rmse': 0.15848}
> Epoch 407: took 10.3s (avg 10.6s) | Best so far: epoch 31	train_loss: 0.0583 train_mae: 0.0583	val_loss: 0.0572 val_mae: 0.0571	test_loss: 0.0666 test_mae: 0.0666
train: {'epoch': 408, 'time_epoch': 9.41762, 'eta': 883.51314, 'eta_hours': 0.24542, 'loss': 0.01187722, 'lr': 9.963e-05, 'params': 479627, 'time_iter': 0.01115, 'mae': 0.01188, 'r2': 0.96495, 'spearmanr': 0.98664, 'mse': 0.00113, 'rmse': 0.03358}
val: {'epoch': 408, 'time_epoch': 0.49073, 'loss': 0.07756991, 'lr': 0, 'params': 479627, 'time_iter': 0.00496, 'mae': 0.07757, 'r2': 0.53778, 'spearmanr': 0.79004, 'mse': 0.01659, 'rmse': 0.1288}
test: {'epoch': 408, 'time_epoch': 0.33148, 'loss': 0.1069231, 'lr': 0, 'params': 479627, 'time_iter': 0.00502, 'mae': 0.10692, 'r2': 0.39109, 'spearmanr': 0.71115, 'mse': 0.02477, 'rmse': 0.15738}
> Epoch 408: took 10.3s (avg 10.6s) | Best so far: epoch 31	train_loss: 0.0583 train_mae: 0.0583	val_loss: 0.0572 val_mae: 0.0571	test_loss: 0.0666 test_mae: 0.0666
train: {'epoch': 409, 'time_epoch': 9.39654, 'eta': 873.73563, 'eta_hours': 0.2427, 'loss': 0.0117828, 'lr': 9.755e-05, 'params': 479627, 'time_iter': 0.01112, 'mae': 0.01178, 'r2': 0.96502, 'spearmanr': 0.98648, 'mse': 0.00113, 'rmse': 0.03355}
val: {'epoch': 409, 'time_epoch': 0.49191, 'loss': 0.07657378, 'lr': 0, 'params': 479627, 'time_iter': 0.00497, 'mae': 0.07657, 'r2': 0.54837, 'spearmanr': 0.79179, 'mse': 0.01621, 'rmse': 0.12732}
test: {'epoch': 409, 'time_epoch': 0.3261, 'loss': 0.10462635, 'lr': 0, 'params': 479627, 'time_iter': 0.00494, 'mae': 0.10463, 'r2': 0.41183, 'spearmanr': 0.7091, 'mse': 0.02392, 'rmse': 0.15468}
> Epoch 409: took 10.2s (avg 10.6s) | Best so far: epoch 31	train_loss: 0.0583 train_mae: 0.0583	val_loss: 0.0572 val_mae: 0.0571	test_loss: 0.0666 test_mae: 0.0666
train: {'epoch': 410, 'time_epoch': 9.95198, 'eta': 864.08025, 'eta_hours': 0.24002, 'loss': 0.01185821, 'lr': 9.549e-05, 'params': 479627, 'time_iter': 0.01178, 'mae': 0.01186, 'r2': 0.96529, 'spearmanr': 0.98667, 'mse': 0.00112, 'rmse': 0.03342}
val: {'epoch': 410, 'time_epoch': 0.49043, 'loss': 0.07656627, 'lr': 0, 'params': 479627, 'time_iter': 0.00495, 'mae': 0.07657, 'r2': 0.5385, 'spearmanr': 0.78864, 'mse': 0.01656, 'rmse': 0.1287}
test: {'epoch': 410, 'time_epoch': 0.32699, 'loss': 0.10443385, 'lr': 0, 'params': 479627, 'time_iter': 0.00495, 'mae': 0.10443, 'r2': 0.40656, 'spearmanr': 0.71279, 'mse': 0.02414, 'rmse': 0.15537}
> Epoch 410: took 10.8s (avg 10.6s) | Best so far: epoch 31	train_loss: 0.0583 train_mae: 0.0583	val_loss: 0.0572 val_mae: 0.0571	test_loss: 0.0666 test_mae: 0.0666
train: {'epoch': 411, 'time_epoch': 10.06734, 'eta': 854.44807, 'eta_hours': 0.23735, 'loss': 0.01190052, 'lr': 9.345e-05, 'params': 479627, 'time_iter': 0.01191, 'mae': 0.0119, 'r2': 0.96479, 'spearmanr': 0.98651, 'mse': 0.00113, 'rmse': 0.03366}
val: {'epoch': 411, 'time_epoch': 0.48904, 'loss': 0.07681693, 'lr': 0, 'params': 479627, 'time_iter': 0.00494, 'mae': 0.07682, 'r2': 0.54597, 'spearmanr': 0.78989, 'mse': 0.0163, 'rmse': 0.12765}
test: {'epoch': 411, 'time_epoch': 0.32483, 'loss': 0.10514092, 'lr': 0, 'params': 479627, 'time_iter': 0.00492, 'mae': 0.10514, 'r2': 0.40382, 'spearmanr': 0.70285, 'mse': 0.02425, 'rmse': 0.15573}
> Epoch 411: took 10.9s (avg 10.6s) | Best so far: epoch 31	train_loss: 0.0583 train_mae: 0.0583	val_loss: 0.0572 val_mae: 0.0571	test_loss: 0.0666 test_mae: 0.0666
train: {'epoch': 412, 'time_epoch': 10.12622, 'eta': 844.82619, 'eta_hours': 0.23467, 'loss': 0.0118341, 'lr': 9.143e-05, 'params': 479627, 'time_iter': 0.01198, 'mae': 0.01183, 'r2': 0.96504, 'spearmanr': 0.98673, 'mse': 0.00112, 'rmse': 0.03354}
val: {'epoch': 412, 'time_epoch': 0.51145, 'loss': 0.07672479, 'lr': 0, 'params': 479627, 'time_iter': 0.00517, 'mae': 0.07672, 'r2': 0.54607, 'spearmanr': 0.79074, 'mse': 0.01629, 'rmse': 0.12764}
test: {'epoch': 412, 'time_epoch': 0.33037, 'loss': 0.10430759, 'lr': 0, 'params': 479627, 'time_iter': 0.00501, 'mae': 0.10431, 'r2': 0.40576, 'spearmanr': 0.70599, 'mse': 0.02417, 'rmse': 0.15547}
> Epoch 412: took 11.0s (avg 10.6s) | Best so far: epoch 31	train_loss: 0.0583 train_mae: 0.0583	val_loss: 0.0572 val_mae: 0.0571	test_loss: 0.0666 test_mae: 0.0666
train: {'epoch': 413, 'time_epoch': 9.47193, 'eta': 835.06596, 'eta_hours': 0.23196, 'loss': 0.01177202, 'lr': 8.943e-05, 'params': 479627, 'time_iter': 0.01121, 'mae': 0.01177, 'r2': 0.96508, 'spearmanr': 0.98662, 'mse': 0.00112, 'rmse': 0.03352}
val: {'epoch': 413, 'time_epoch': 0.49499, 'loss': 0.07803599, 'lr': 0, 'params': 479627, 'time_iter': 0.005, 'mae': 0.07804, 'r2': 0.53297, 'spearmanr': 0.78382, 'mse': 0.01676, 'rmse': 0.12947}
test: {'epoch': 413, 'time_epoch': 0.32932, 'loss': 0.10616172, 'lr': 0, 'params': 479627, 'time_iter': 0.00499, 'mae': 0.10616, 'r2': 0.39066, 'spearmanr': 0.69921, 'mse': 0.02479, 'rmse': 0.15744}
> Epoch 413: took 10.3s (avg 10.6s) | Best so far: epoch 31	train_loss: 0.0583 train_mae: 0.0583	val_loss: 0.0572 val_mae: 0.0571	test_loss: 0.0666 test_mae: 0.0666
train: {'epoch': 414, 'time_epoch': 9.45724, 'eta': 825.3041, 'eta_hours': 0.22925, 'loss': 0.01176706, 'lr': 8.744e-05, 'params': 479627, 'time_iter': 0.01119, 'mae': 0.01177, 'r2': 0.9654, 'spearmanr': 0.98666, 'mse': 0.00111, 'rmse': 0.03337}
val: {'epoch': 414, 'time_epoch': 0.49783, 'loss': 0.07756842, 'lr': 0, 'params': 479627, 'time_iter': 0.00503, 'mae': 0.07757, 'r2': 0.53532, 'spearmanr': 0.78761, 'mse': 0.01668, 'rmse': 0.12914}
test: {'epoch': 414, 'time_epoch': 0.33111, 'loss': 0.10542381, 'lr': 0, 'params': 479627, 'time_iter': 0.00502, 'mae': 0.10542, 'r2': 0.40461, 'spearmanr': 0.70706, 'mse': 0.02422, 'rmse': 0.15562}
> Epoch 414: took 10.3s (avg 10.6s) | Best so far: epoch 31	train_loss: 0.0583 train_mae: 0.0583	val_loss: 0.0572 val_mae: 0.0571	test_loss: 0.0666 test_mae: 0.0666
train: {'epoch': 415, 'time_epoch': 9.87292, 'eta': 815.62765, 'eta_hours': 0.22656, 'loss': 0.01187353, 'lr': 8.548e-05, 'params': 479627, 'time_iter': 0.01168, 'mae': 0.01187, 'r2': 0.96488, 'spearmanr': 0.98648, 'mse': 0.00113, 'rmse': 0.03362}
val: {'epoch': 415, 'time_epoch': 0.49332, 'loss': 0.07805956, 'lr': 0, 'params': 479627, 'time_iter': 0.00498, 'mae': 0.07806, 'r2': 0.53887, 'spearmanr': 0.79039, 'mse': 0.01655, 'rmse': 0.12865}
test: {'epoch': 415, 'time_epoch': 0.32898, 'loss': 0.10611915, 'lr': 0, 'params': 479627, 'time_iter': 0.00498, 'mae': 0.10612, 'r2': 0.39793, 'spearmanr': 0.70511, 'mse': 0.02449, 'rmse': 0.15649}
> Epoch 415: took 10.7s (avg 10.6s) | Best so far: epoch 31	train_loss: 0.0583 train_mae: 0.0583	val_loss: 0.0572 val_mae: 0.0571	test_loss: 0.0666 test_mae: 0.0666
train: {'epoch': 416, 'time_epoch': 10.09589, 'eta': 805.99463, 'eta_hours': 0.22389, 'loss': 0.0117543, 'lr': 8.354e-05, 'params': 479627, 'time_iter': 0.01195, 'mae': 0.01175, 'r2': 0.96569, 'spearmanr': 0.98693, 'mse': 0.0011, 'rmse': 0.03323}
val: {'epoch': 416, 'time_epoch': 0.4897, 'loss': 0.07753568, 'lr': 0, 'params': 479627, 'time_iter': 0.00495, 'mae': 0.07754, 'r2': 0.53897, 'spearmanr': 0.79171, 'mse': 0.01655, 'rmse': 0.12863}
test: {'epoch': 416, 'time_epoch': 0.32916, 'loss': 0.10609522, 'lr': 0, 'params': 479627, 'time_iter': 0.00499, 'mae': 0.1061, 'r2': 0.39389, 'spearmanr': 0.70796, 'mse': 0.02465, 'rmse': 0.15702}
> Epoch 416: took 10.9s (avg 10.6s) | Best so far: epoch 31	train_loss: 0.0583 train_mae: 0.0583	val_loss: 0.0572 val_mae: 0.0571	test_loss: 0.0666 test_mae: 0.0666
train: {'epoch': 417, 'time_epoch': 10.05188, 'eta': 796.35077, 'eta_hours': 0.22121, 'loss': 0.01167519, 'lr': 8.162e-05, 'params': 479627, 'time_iter': 0.0119, 'mae': 0.01168, 'r2': 0.96566, 'spearmanr': 0.9869, 'mse': 0.00111, 'rmse': 0.03324}
val: {'epoch': 417, 'time_epoch': 0.49117, 'loss': 0.0775437, 'lr': 0, 'params': 479627, 'time_iter': 0.00496, 'mae': 0.07754, 'r2': 0.53587, 'spearmanr': 0.79051, 'mse': 0.01666, 'rmse': 0.12906}
test: {'epoch': 417, 'time_epoch': 0.32905, 'loss': 0.10607287, 'lr': 0, 'params': 479627, 'time_iter': 0.00499, 'mae': 0.10607, 'r2': 0.39685, 'spearmanr': 0.70902, 'mse': 0.02453, 'rmse': 0.15663}
> Epoch 417: took 10.9s (avg 10.6s) | Best so far: epoch 31	train_loss: 0.0583 train_mae: 0.0583	val_loss: 0.0572 val_mae: 0.0571	test_loss: 0.0666 test_mae: 0.0666
train: {'epoch': 418, 'time_epoch': 9.44292, 'eta': 786.58723, 'eta_hours': 0.2185, 'loss': 0.01170265, 'lr': 7.972e-05, 'params': 479627, 'time_iter': 0.01118, 'mae': 0.0117, 'r2': 0.96545, 'spearmanr': 0.9867, 'mse': 0.00111, 'rmse': 0.03334}
val: {'epoch': 418, 'time_epoch': 0.49881, 'loss': 0.07775899, 'lr': 0, 'params': 479627, 'time_iter': 0.00504, 'mae': 0.07776, 'r2': 0.54016, 'spearmanr': 0.79054, 'mse': 0.0165, 'rmse': 0.12847}
test: {'epoch': 418, 'time_epoch': 0.33096, 'loss': 0.10637136, 'lr': 0, 'params': 479627, 'time_iter': 0.00501, 'mae': 0.10637, 'r2': 0.39376, 'spearmanr': 0.70058, 'mse': 0.02466, 'rmse': 0.15704}
> Epoch 418: took 10.3s (avg 10.6s) | Best so far: epoch 31	train_loss: 0.0583 train_mae: 0.0583	val_loss: 0.0572 val_mae: 0.0571	test_loss: 0.0666 test_mae: 0.0666
train: {'epoch': 419, 'time_epoch': 9.42667, 'eta': 776.82213, 'eta_hours': 0.21578, 'loss': 0.01164512, 'lr': 7.784e-05, 'params': 479627, 'time_iter': 0.01116, 'mae': 0.01165, 'r2': 0.96562, 'spearmanr': 0.98688, 'mse': 0.00111, 'rmse': 0.03326}
val: {'epoch': 419, 'time_epoch': 0.49568, 'loss': 0.07841852, 'lr': 0, 'params': 479627, 'time_iter': 0.00501, 'mae': 0.07842, 'r2': 0.53803, 'spearmanr': 0.7911, 'mse': 0.01658, 'rmse': 0.12877}
test: {'epoch': 419, 'time_epoch': 0.32911, 'loss': 0.10646817, 'lr': 0, 'params': 479627, 'time_iter': 0.00499, 'mae': 0.10647, 'r2': 0.39944, 'spearmanr': 0.70273, 'mse': 0.02443, 'rmse': 0.1563}
> Epoch 419: took 10.3s (avg 10.6s) | Best so far: epoch 31	train_loss: 0.0583 train_mae: 0.0583	val_loss: 0.0572 val_mae: 0.0571	test_loss: 0.0666 test_mae: 0.0666
train: {'epoch': 420, 'time_epoch': 9.46531, 'eta': 767.06589, 'eta_hours': 0.21307, 'loss': 0.01164003, 'lr': 7.598e-05, 'params': 479627, 'time_iter': 0.0112, 'mae': 0.01164, 'r2': 0.9656, 'spearmanr': 0.98682, 'mse': 0.00111, 'rmse': 0.03327}
val: {'epoch': 420, 'time_epoch': 0.49547, 'loss': 0.07885506, 'lr': 0, 'params': 479627, 'time_iter': 0.005, 'mae': 0.07886, 'r2': 0.52553, 'spearmanr': 0.78568, 'mse': 0.01703, 'rmse': 0.13049}
test: {'epoch': 420, 'time_epoch': 0.32933, 'loss': 0.10760107, 'lr': 0, 'params': 479627, 'time_iter': 0.00499, 'mae': 0.1076, 'r2': 0.38603, 'spearmanr': 0.70003, 'mse': 0.02497, 'rmse': 0.15803}
> Epoch 420: took 10.3s (avg 10.6s) | Best so far: epoch 31	train_loss: 0.0583 train_mae: 0.0583	val_loss: 0.0572 val_mae: 0.0571	test_loss: 0.0666 test_mae: 0.0666
train: {'epoch': 421, 'time_epoch': 9.40657, 'eta': 757.30016, 'eta_hours': 0.21036, 'loss': 0.01162838, 'lr': 7.414e-05, 'params': 479627, 'time_iter': 0.01113, 'mae': 0.01163, 'r2': 0.96557, 'spearmanr': 0.98702, 'mse': 0.00111, 'rmse': 0.03329}
val: {'epoch': 421, 'time_epoch': 0.49637, 'loss': 0.07745541, 'lr': 0, 'params': 479627, 'time_iter': 0.00501, 'mae': 0.07746, 'r2': 0.53838, 'spearmanr': 0.78933, 'mse': 0.01657, 'rmse': 0.12872}
test: {'epoch': 421, 'time_epoch': 0.32968, 'loss': 0.10546256, 'lr': 0, 'params': 479627, 'time_iter': 0.005, 'mae': 0.10546, 'r2': 0.40431, 'spearmanr': 0.70524, 'mse': 0.02423, 'rmse': 0.15566}
> Epoch 421: took 10.3s (avg 10.6s) | Best so far: epoch 31	train_loss: 0.0583 train_mae: 0.0583	val_loss: 0.0572 val_mae: 0.0571	test_loss: 0.0666 test_mae: 0.0666
train: {'epoch': 422, 'time_epoch': 9.40978, 'eta': 747.53672, 'eta_hours': 0.20765, 'loss': 0.01160871, 'lr': 7.232e-05, 'params': 479627, 'time_iter': 0.01114, 'mae': 0.01161, 'r2': 0.96584, 'spearmanr': 0.98705, 'mse': 0.0011, 'rmse': 0.03315}
val: {'epoch': 422, 'time_epoch': 0.49542, 'loss': 0.07669604, 'lr': 0, 'params': 479627, 'time_iter': 0.005, 'mae': 0.0767, 'r2': 0.5498, 'spearmanr': 0.79238, 'mse': 0.01616, 'rmse': 0.12711}
test: {'epoch': 422, 'time_epoch': 0.32743, 'loss': 0.10469551, 'lr': 0, 'params': 479627, 'time_iter': 0.00496, 'mae': 0.1047, 'r2': 0.40837, 'spearmanr': 0.70019, 'mse': 0.02407, 'rmse': 0.15513}
> Epoch 422: took 10.3s (avg 10.6s) | Best so far: epoch 31	train_loss: 0.0583 train_mae: 0.0583	val_loss: 0.0572 val_mae: 0.0571	test_loss: 0.0666 test_mae: 0.0666
train: {'epoch': 423, 'time_epoch': 9.52822, 'eta': 737.79618, 'eta_hours': 0.20494, 'loss': 0.01158835, 'lr': 7.052e-05, 'params': 479627, 'time_iter': 0.01128, 'mae': 0.01159, 'r2': 0.96582, 'spearmanr': 0.98698, 'mse': 0.0011, 'rmse': 0.03316}
val: {'epoch': 423, 'time_epoch': 0.53829, 'loss': 0.0769632, 'lr': 0, 'params': 479627, 'time_iter': 0.00544, 'mae': 0.07696, 'r2': 0.53734, 'spearmanr': 0.78918, 'mse': 0.01661, 'rmse': 0.12886}
test: {'epoch': 423, 'time_epoch': 0.3285, 'loss': 0.10423931, 'lr': 0, 'params': 479627, 'time_iter': 0.00498, 'mae': 0.10424, 'r2': 0.40511, 'spearmanr': 0.70922, 'mse': 0.0242, 'rmse': 0.15556}
> Epoch 423: took 10.4s (avg 10.6s) | Best so far: epoch 31	train_loss: 0.0583 train_mae: 0.0583	val_loss: 0.0572 val_mae: 0.0571	test_loss: 0.0666 test_mae: 0.0666
train: {'epoch': 424, 'time_epoch': 10.26737, 'eta': 728.18708, 'eta_hours': 0.20227, 'loss': 0.01158172, 'lr': 6.874e-05, 'params': 479627, 'time_iter': 0.01215, 'mae': 0.01158, 'r2': 0.96579, 'spearmanr': 0.98711, 'mse': 0.0011, 'rmse': 0.03318}
val: {'epoch': 424, 'time_epoch': 0.49598, 'loss': 0.07766533, 'lr': 0, 'params': 479627, 'time_iter': 0.00501, 'mae': 0.07767, 'r2': 0.53783, 'spearmanr': 0.78841, 'mse': 0.01659, 'rmse': 0.12879}
test: {'epoch': 424, 'time_epoch': 0.33227, 'loss': 0.10398824, 'lr': 0, 'params': 479627, 'time_iter': 0.00503, 'mae': 0.10399, 'r2': 0.40606, 'spearmanr': 0.701, 'mse': 0.02416, 'rmse': 0.15543}
> Epoch 424: took 11.1s (avg 10.6s) | Best so far: epoch 31	train_loss: 0.0583 train_mae: 0.0583	val_loss: 0.0572 val_mae: 0.0571	test_loss: 0.0666 test_mae: 0.0666
train: {'epoch': 425, 'time_epoch': 9.74919, 'eta': 718.48487, 'eta_hours': 0.19958, 'loss': 0.01159643, 'lr': 6.699e-05, 'params': 479627, 'time_iter': 0.01154, 'mae': 0.0116, 'r2': 0.96563, 'spearmanr': 0.98694, 'mse': 0.00111, 'rmse': 0.03326}
val: {'epoch': 425, 'time_epoch': 0.49236, 'loss': 0.07637825, 'lr': 0, 'params': 479627, 'time_iter': 0.00497, 'mae': 0.07638, 'r2': 0.54653, 'spearmanr': 0.79186, 'mse': 0.01628, 'rmse': 0.12757}
test: {'epoch': 425, 'time_epoch': 0.32255, 'loss': 0.10367123, 'lr': 0, 'params': 479627, 'time_iter': 0.00489, 'mae': 0.10367, 'r2': 0.41254, 'spearmanr': 0.70344, 'mse': 0.0239, 'rmse': 0.15458}
> Epoch 425: took 10.6s (avg 10.6s) | Best so far: epoch 31	train_loss: 0.0583 train_mae: 0.0583	val_loss: 0.0572 val_mae: 0.0571	test_loss: 0.0666 test_mae: 0.0666
train: {'epoch': 426, 'time_epoch': 9.86326, 'eta': 708.80194, 'eta_hours': 0.19689, 'loss': 0.01147015, 'lr': 6.525e-05, 'params': 479627, 'time_iter': 0.01167, 'mae': 0.01147, 'r2': 0.96616, 'spearmanr': 0.98722, 'mse': 0.00109, 'rmse': 0.033}
val: {'epoch': 426, 'time_epoch': 0.49511, 'loss': 0.07743218, 'lr': 0, 'params': 479627, 'time_iter': 0.005, 'mae': 0.07743, 'r2': 0.53443, 'spearmanr': 0.78699, 'mse': 0.01671, 'rmse': 0.12927}
test: {'epoch': 426, 'time_epoch': 0.32711, 'loss': 0.10552928, 'lr': 0, 'params': 479627, 'time_iter': 0.00496, 'mae': 0.10553, 'r2': 0.3985, 'spearmanr': 0.6992, 'mse': 0.02447, 'rmse': 0.15642}
> Epoch 426: took 10.7s (avg 10.6s) | Best so far: epoch 31	train_loss: 0.0583 train_mae: 0.0583	val_loss: 0.0572 val_mae: 0.0571	test_loss: 0.0666 test_mae: 0.0666
train: {'epoch': 427, 'time_epoch': 10.42937, 'eta': 699.21341, 'eta_hours': 0.19423, 'loss': 0.01144851, 'lr': 6.354e-05, 'params': 479627, 'time_iter': 0.01234, 'mae': 0.01145, 'r2': 0.96611, 'spearmanr': 0.987, 'mse': 0.00109, 'rmse': 0.03302}
val: {'epoch': 427, 'time_epoch': 0.49037, 'loss': 0.07751026, 'lr': 0, 'params': 479627, 'time_iter': 0.00495, 'mae': 0.07751, 'r2': 0.53463, 'spearmanr': 0.78921, 'mse': 0.0167, 'rmse': 0.12924}
test: {'epoch': 427, 'time_epoch': 0.32838, 'loss': 0.10602972, 'lr': 0, 'params': 479627, 'time_iter': 0.00498, 'mae': 0.10603, 'r2': 0.39561, 'spearmanr': 0.70578, 'mse': 0.02458, 'rmse': 0.1568}
> Epoch 427: took 11.3s (avg 10.6s) | Best so far: epoch 31	train_loss: 0.0583 train_mae: 0.0583	val_loss: 0.0572 val_mae: 0.0571	test_loss: 0.0666 test_mae: 0.0666
train: {'epoch': 428, 'time_epoch': 9.8054, 'eta': 689.51768, 'eta_hours': 0.19153, 'loss': 0.01148136, 'lr': 6.185e-05, 'params': 479627, 'time_iter': 0.0116, 'mae': 0.01148, 'r2': 0.96588, 'spearmanr': 0.98722, 'mse': 0.0011, 'rmse': 0.03313}
val: {'epoch': 428, 'time_epoch': 0.49645, 'loss': 0.07778272, 'lr': 0, 'params': 479627, 'time_iter': 0.00501, 'mae': 0.07778, 'r2': 0.53665, 'spearmanr': 0.78979, 'mse': 0.01663, 'rmse': 0.12896}
test: {'epoch': 428, 'time_epoch': 0.33163, 'loss': 0.10588845, 'lr': 0, 'params': 479627, 'time_iter': 0.00502, 'mae': 0.10589, 'r2': 0.40433, 'spearmanr': 0.707, 'mse': 0.02423, 'rmse': 0.15566}
> Epoch 428: took 10.7s (avg 10.6s) | Best so far: epoch 31	train_loss: 0.0583 train_mae: 0.0583	val_loss: 0.0572 val_mae: 0.0571	test_loss: 0.0666 test_mae: 0.0666
train: {'epoch': 429, 'time_epoch': 9.42683, 'eta': 679.75982, 'eta_hours': 0.18882, 'loss': 0.01146873, 'lr': 6.018e-05, 'params': 479627, 'time_iter': 0.01116, 'mae': 0.01147, 'r2': 0.96614, 'spearmanr': 0.98724, 'mse': 0.00109, 'rmse': 0.03301}
val: {'epoch': 429, 'time_epoch': 0.49602, 'loss': 0.07798973, 'lr': 0, 'params': 479627, 'time_iter': 0.00501, 'mae': 0.07799, 'r2': 0.52779, 'spearmanr': 0.78873, 'mse': 0.01695, 'rmse': 0.13018}
test: {'epoch': 429, 'time_epoch': 0.33012, 'loss': 0.10775315, 'lr': 0, 'params': 479627, 'time_iter': 0.005, 'mae': 0.10775, 'r2': 0.38231, 'spearmanr': 0.70609, 'mse': 0.02513, 'rmse': 0.15851}
> Epoch 429: took 10.3s (avg 10.6s) | Best so far: epoch 31	train_loss: 0.0583 train_mae: 0.0583	val_loss: 0.0572 val_mae: 0.0571	test_loss: 0.0666 test_mae: 0.0666
train: {'epoch': 430, 'time_epoch': 9.44904, 'eta': 670.00705, 'eta_hours': 0.18611, 'loss': 0.01149753, 'lr': 5.853e-05, 'params': 479627, 'time_iter': 0.01118, 'mae': 0.0115, 'r2': 0.96577, 'spearmanr': 0.98692, 'mse': 0.0011, 'rmse': 0.03319}
val: {'epoch': 430, 'time_epoch': 0.50115, 'loss': 0.07885501, 'lr': 0, 'params': 479627, 'time_iter': 0.00506, 'mae': 0.07886, 'r2': 0.51576, 'spearmanr': 0.78489, 'mse': 0.01738, 'rmse': 0.13183}
test: {'epoch': 430, 'time_epoch': 0.33142, 'loss': 0.10801947, 'lr': 0, 'params': 479627, 'time_iter': 0.00502, 'mae': 0.10802, 'r2': 0.38765, 'spearmanr': 0.70914, 'mse': 0.02491, 'rmse': 0.15782}
> Epoch 430: took 10.3s (avg 10.6s) | Best so far: epoch 31	train_loss: 0.0583 train_mae: 0.0583	val_loss: 0.0572 val_mae: 0.0571	test_loss: 0.0666 test_mae: 0.0666
train: {'epoch': 431, 'time_epoch': 9.44258, 'eta': 660.25467, 'eta_hours': 0.1834, 'loss': 0.01144872, 'lr': 5.69e-05, 'params': 479627, 'time_iter': 0.01117, 'mae': 0.01145, 'r2': 0.96626, 'spearmanr': 0.98714, 'mse': 0.00109, 'rmse': 0.03295}
val: {'epoch': 431, 'time_epoch': 0.49754, 'loss': 0.07938742, 'lr': 0, 'params': 479627, 'time_iter': 0.00503, 'mae': 0.07939, 'r2': 0.51348, 'spearmanr': 0.78449, 'mse': 0.01746, 'rmse': 0.13214}
test: {'epoch': 431, 'time_epoch': 0.32942, 'loss': 0.1078044, 'lr': 0, 'params': 479627, 'time_iter': 0.00499, 'mae': 0.1078, 'r2': 0.38555, 'spearmanr': 0.704, 'mse': 0.02499, 'rmse': 0.15809}
> Epoch 431: took 10.3s (avg 10.6s) | Best so far: epoch 31	train_loss: 0.0583 train_mae: 0.0583	val_loss: 0.0572 val_mae: 0.0571	test_loss: 0.0666 test_mae: 0.0666
train: {'epoch': 432, 'time_epoch': 9.40421, 'eta': 650.49779, 'eta_hours': 0.18069, 'loss': 0.01143759, 'lr': 5.529e-05, 'params': 479627, 'time_iter': 0.01113, 'mae': 0.01144, 'r2': 0.9662, 'spearmanr': 0.98711, 'mse': 0.00109, 'rmse': 0.03298}
val: {'epoch': 432, 'time_epoch': 0.49707, 'loss': 0.07787458, 'lr': 0, 'params': 479627, 'time_iter': 0.00502, 'mae': 0.07787, 'r2': 0.53643, 'spearmanr': 0.79077, 'mse': 0.01664, 'rmse': 0.12899}
test: {'epoch': 432, 'time_epoch': 0.33086, 'loss': 0.10597957, 'lr': 0, 'params': 479627, 'time_iter': 0.00501, 'mae': 0.10598, 'r2': 0.39937, 'spearmanr': 0.70539, 'mse': 0.02443, 'rmse': 0.15631}
> Epoch 432: took 10.3s (avg 10.6s) | Best so far: epoch 31	train_loss: 0.0583 train_mae: 0.0583	val_loss: 0.0572 val_mae: 0.0571	test_loss: 0.0666 test_mae: 0.0666
train: {'epoch': 433, 'time_epoch': 9.38956, 'eta': 640.7403, 'eta_hours': 0.17798, 'loss': 0.01138865, 'lr': 5.371e-05, 'params': 479627, 'time_iter': 0.01111, 'mae': 0.01139, 'r2': 0.96653, 'spearmanr': 0.98727, 'mse': 0.00108, 'rmse': 0.03282}
val: {'epoch': 433, 'time_epoch': 0.49533, 'loss': 0.07914824, 'lr': 0, 'params': 479627, 'time_iter': 0.005, 'mae': 0.07915, 'r2': 0.51807, 'spearmanr': 0.78507, 'mse': 0.0173, 'rmse': 0.13152}
test: {'epoch': 433, 'time_epoch': 0.32958, 'loss': 0.10792898, 'lr': 0, 'params': 479627, 'time_iter': 0.00499, 'mae': 0.10793, 'r2': 0.38113, 'spearmanr': 0.70803, 'mse': 0.02517, 'rmse': 0.15866}
> Epoch 433: took 10.2s (avg 10.6s) | Best so far: epoch 31	train_loss: 0.0583 train_mae: 0.0583	val_loss: 0.0572 val_mae: 0.0571	test_loss: 0.0666 test_mae: 0.0666
train: {'epoch': 434, 'time_epoch': 9.41047, 'eta': 630.98763, 'eta_hours': 0.17527, 'loss': 0.01142315, 'lr': 5.214e-05, 'params': 479627, 'time_iter': 0.01114, 'mae': 0.01142, 'r2': 0.96631, 'spearmanr': 0.98729, 'mse': 0.00108, 'rmse': 0.03293}
val: {'epoch': 434, 'time_epoch': 0.49518, 'loss': 0.07789293, 'lr': 0, 'params': 479627, 'time_iter': 0.005, 'mae': 0.07789, 'r2': 0.52177, 'spearmanr': 0.78902, 'mse': 0.01716, 'rmse': 0.13101}
test: {'epoch': 434, 'time_epoch': 0.32625, 'loss': 0.10932485, 'lr': 0, 'params': 479627, 'time_iter': 0.00494, 'mae': 0.10932, 'r2': 0.37357, 'spearmanr': 0.7114, 'mse': 0.02548, 'rmse': 0.15963}
> Epoch 434: took 10.3s (avg 10.6s) | Best so far: epoch 31	train_loss: 0.0583 train_mae: 0.0583	val_loss: 0.0572 val_mae: 0.0571	test_loss: 0.0666 test_mae: 0.0666
train: {'epoch': 435, 'time_epoch': 9.41415, 'eta': 621.23706, 'eta_hours': 0.17257, 'loss': 0.01132958, 'lr': 5.06e-05, 'params': 479627, 'time_iter': 0.01114, 'mae': 0.01133, 'r2': 0.96653, 'spearmanr': 0.98721, 'mse': 0.00108, 'rmse': 0.03282}
val: {'epoch': 435, 'time_epoch': 0.49393, 'loss': 0.0778538, 'lr': 0, 'params': 479627, 'time_iter': 0.00499, 'mae': 0.07785, 'r2': 0.54295, 'spearmanr': 0.79047, 'mse': 0.0164, 'rmse': 0.12808}
test: {'epoch': 435, 'time_epoch': 0.32808, 'loss': 0.10649294, 'lr': 0, 'params': 479627, 'time_iter': 0.00497, 'mae': 0.10649, 'r2': 0.39749, 'spearmanr': 0.7059, 'mse': 0.02451, 'rmse': 0.15655}
> Epoch 435: took 10.3s (avg 10.6s) | Best so far: epoch 31	train_loss: 0.0583 train_mae: 0.0583	val_loss: 0.0572 val_mae: 0.0571	test_loss: 0.0666 test_mae: 0.0666
train: {'epoch': 436, 'time_epoch': 9.62963, 'eta': 611.5191, 'eta_hours': 0.16987, 'loss': 0.01133978, 'lr': 4.908e-05, 'params': 479627, 'time_iter': 0.0114, 'mae': 0.01134, 'r2': 0.96658, 'spearmanr': 0.98741, 'mse': 0.00108, 'rmse': 0.03279}
val: {'epoch': 436, 'time_epoch': 0.49656, 'loss': 0.07715587, 'lr': 0, 'params': 479627, 'time_iter': 0.00502, 'mae': 0.07716, 'r2': 0.53683, 'spearmanr': 0.78968, 'mse': 0.01662, 'rmse': 0.12893}
test: {'epoch': 436, 'time_epoch': 0.32733, 'loss': 0.10802901, 'lr': 0, 'params': 479627, 'time_iter': 0.00496, 'mae': 0.10803, 'r2': 0.38768, 'spearmanr': 0.70812, 'mse': 0.02491, 'rmse': 0.15782}
> Epoch 436: took 10.5s (avg 10.6s) | Best so far: epoch 31	train_loss: 0.0583 train_mae: 0.0583	val_loss: 0.0572 val_mae: 0.0571	test_loss: 0.0666 test_mae: 0.0666
train: {'epoch': 437, 'time_epoch': 9.43546, 'eta': 601.77406, 'eta_hours': 0.16716, 'loss': 0.01138131, 'lr': 4.759e-05, 'params': 479627, 'time_iter': 0.01117, 'mae': 0.01138, 'r2': 0.96659, 'spearmanr': 0.98746, 'mse': 0.00108, 'rmse': 0.03279}
val: {'epoch': 437, 'time_epoch': 0.49619, 'loss': 0.07759862, 'lr': 0, 'params': 479627, 'time_iter': 0.00501, 'mae': 0.0776, 'r2': 0.54297, 'spearmanr': 0.79129, 'mse': 0.0164, 'rmse': 0.12807}
test: {'epoch': 437, 'time_epoch': 0.32981, 'loss': 0.10645546, 'lr': 0, 'params': 479627, 'time_iter': 0.005, 'mae': 0.10646, 'r2': 0.39709, 'spearmanr': 0.70325, 'mse': 0.02452, 'rmse': 0.1566}
> Epoch 437: took 10.3s (avg 10.6s) | Best so far: epoch 31	train_loss: 0.0583 train_mae: 0.0583	val_loss: 0.0572 val_mae: 0.0571	test_loss: 0.0666 test_mae: 0.0666
train: {'epoch': 438, 'time_epoch': 9.44721, 'eta': 592.03207, 'eta_hours': 0.16445, 'loss': 0.01140194, 'lr': 4.611e-05, 'params': 479627, 'time_iter': 0.01118, 'mae': 0.0114, 'r2': 0.96637, 'spearmanr': 0.98728, 'mse': 0.00108, 'rmse': 0.03289}
val: {'epoch': 438, 'time_epoch': 0.49628, 'loss': 0.07913849, 'lr': 0, 'params': 479627, 'time_iter': 0.00501, 'mae': 0.07914, 'r2': 0.52553, 'spearmanr': 0.78655, 'mse': 0.01703, 'rmse': 0.13049}
test: {'epoch': 438, 'time_epoch': 0.32937, 'loss': 0.10930301, 'lr': 0, 'params': 479627, 'time_iter': 0.00499, 'mae': 0.1093, 'r2': 0.37928, 'spearmanr': 0.70161, 'mse': 0.02525, 'rmse': 0.1589}
> Epoch 438: took 10.3s (avg 10.6s) | Best so far: epoch 31	train_loss: 0.0583 train_mae: 0.0583	val_loss: 0.0572 val_mae: 0.0571	test_loss: 0.0666 test_mae: 0.0666
train: {'epoch': 439, 'time_epoch': 9.43299, 'eta': 582.28947, 'eta_hours': 0.16175, 'loss': 0.01140066, 'lr': 4.466e-05, 'params': 479627, 'time_iter': 0.01116, 'mae': 0.0114, 'r2': 0.96633, 'spearmanr': 0.98733, 'mse': 0.00108, 'rmse': 0.03291}
val: {'epoch': 439, 'time_epoch': 0.49771, 'loss': 0.07889661, 'lr': 0, 'params': 479627, 'time_iter': 0.00503, 'mae': 0.0789, 'r2': 0.52418, 'spearmanr': 0.78944, 'mse': 0.01708, 'rmse': 0.13068}
test: {'epoch': 439, 'time_epoch': 0.33005, 'loss': 0.1083016, 'lr': 0, 'params': 479627, 'time_iter': 0.005, 'mae': 0.1083, 'r2': 0.38024, 'spearmanr': 0.70575, 'mse': 0.02521, 'rmse': 0.15878}
> Epoch 439: took 10.3s (avg 10.6s) | Best so far: epoch 31	train_loss: 0.0583 train_mae: 0.0583	val_loss: 0.0572 val_mae: 0.0571	test_loss: 0.0666 test_mae: 0.0666
train: {'epoch': 440, 'time_epoch': 9.40981, 'eta': 572.54518, 'eta_hours': 0.15904, 'loss': 0.01133305, 'lr': 4.323e-05, 'params': 479627, 'time_iter': 0.01114, 'mae': 0.01133, 'r2': 0.96656, 'spearmanr': 0.98744, 'mse': 0.00108, 'rmse': 0.0328}
val: {'epoch': 440, 'time_epoch': 0.49762, 'loss': 0.07807533, 'lr': 0, 'params': 479627, 'time_iter': 0.00503, 'mae': 0.07808, 'r2': 0.5301, 'spearmanr': 0.78783, 'mse': 0.01686, 'rmse': 0.12986}
test: {'epoch': 440, 'time_epoch': 0.32907, 'loss': 0.10655063, 'lr': 0, 'params': 479627, 'time_iter': 0.00499, 'mae': 0.10655, 'r2': 0.39166, 'spearmanr': 0.70324, 'mse': 0.02475, 'rmse': 0.15731}
> Epoch 440: took 10.3s (avg 10.6s) | Best so far: epoch 31	train_loss: 0.0583 train_mae: 0.0583	val_loss: 0.0572 val_mae: 0.0571	test_loss: 0.0666 test_mae: 0.0666
train: {'epoch': 441, 'time_epoch': 9.42466, 'eta': 562.80434, 'eta_hours': 0.15633, 'loss': 0.01132494, 'lr': 4.182e-05, 'params': 479627, 'time_iter': 0.01115, 'mae': 0.01132, 'r2': 0.96654, 'spearmanr': 0.98738, 'mse': 0.00108, 'rmse': 0.03281}
val: {'epoch': 441, 'time_epoch': 0.49338, 'loss': 0.07840497, 'lr': 0, 'params': 479627, 'time_iter': 0.00498, 'mae': 0.0784, 'r2': 0.52854, 'spearmanr': 0.78828, 'mse': 0.01692, 'rmse': 0.13008}
test: {'epoch': 441, 'time_epoch': 0.32713, 'loss': 0.10794604, 'lr': 0, 'params': 479627, 'time_iter': 0.00496, 'mae': 0.10795, 'r2': 0.38202, 'spearmanr': 0.70117, 'mse': 0.02514, 'rmse': 0.15855}
> Epoch 441: took 10.3s (avg 10.6s) | Best so far: epoch 31	train_loss: 0.0583 train_mae: 0.0583	val_loss: 0.0572 val_mae: 0.0571	test_loss: 0.0666 test_mae: 0.0666
train: {'epoch': 442, 'time_epoch': 9.43579, 'eta': 553.06637, 'eta_hours': 0.15363, 'loss': 0.01129655, 'lr': 4.043e-05, 'params': 479627, 'time_iter': 0.01117, 'mae': 0.0113, 'r2': 0.96681, 'spearmanr': 0.98745, 'mse': 0.00107, 'rmse': 0.03268}
val: {'epoch': 442, 'time_epoch': 0.49696, 'loss': 0.07846903, 'lr': 0, 'params': 479627, 'time_iter': 0.00502, 'mae': 0.07847, 'r2': 0.53034, 'spearmanr': 0.79031, 'mse': 0.01686, 'rmse': 0.12983}
test: {'epoch': 442, 'time_epoch': 0.33504, 'loss': 0.10744619, 'lr': 0, 'params': 479627, 'time_iter': 0.00508, 'mae': 0.10745, 'r2': 0.38544, 'spearmanr': 0.7059, 'mse': 0.025, 'rmse': 0.15811}
> Epoch 442: took 10.3s (avg 10.6s) | Best so far: epoch 31	train_loss: 0.0583 train_mae: 0.0583	val_loss: 0.0572 val_mae: 0.0571	test_loss: 0.0666 test_mae: 0.0666
train: {'epoch': 443, 'time_epoch': 9.6761, 'eta': 543.36007, 'eta_hours': 0.15093, 'loss': 0.01128499, 'lr': 3.907e-05, 'params': 479627, 'time_iter': 0.01145, 'mae': 0.01128, 'r2': 0.96664, 'spearmanr': 0.98751, 'mse': 0.00107, 'rmse': 0.03276}
val: {'epoch': 443, 'time_epoch': 0.49246, 'loss': 0.07813159, 'lr': 0, 'params': 479627, 'time_iter': 0.00497, 'mae': 0.07813, 'r2': 0.52787, 'spearmanr': 0.78959, 'mse': 0.01695, 'rmse': 0.13017}
test: {'epoch': 443, 'time_epoch': 0.32845, 'loss': 0.10656985, 'lr': 0, 'params': 479627, 'time_iter': 0.00498, 'mae': 0.10657, 'r2': 0.38649, 'spearmanr': 0.70573, 'mse': 0.02496, 'rmse': 0.15797}
> Epoch 443: took 10.5s (avg 10.6s) | Best so far: epoch 31	train_loss: 0.0583 train_mae: 0.0583	val_loss: 0.0572 val_mae: 0.0571	test_loss: 0.0666 test_mae: 0.0666
train: {'epoch': 444, 'time_epoch': 9.69877, 'eta': 533.65671, 'eta_hours': 0.14824, 'loss': 0.01123584, 'lr': 3.773e-05, 'params': 479627, 'time_iter': 0.01148, 'mae': 0.01124, 'r2': 0.96688, 'spearmanr': 0.98771, 'mse': 0.00107, 'rmse': 0.03265}
val: {'epoch': 444, 'time_epoch': 0.48703, 'loss': 0.078187, 'lr': 0, 'params': 479627, 'time_iter': 0.00492, 'mae': 0.07819, 'r2': 0.53437, 'spearmanr': 0.7882, 'mse': 0.01671, 'rmse': 0.12927}
test: {'epoch': 444, 'time_epoch': 0.32363, 'loss': 0.10606286, 'lr': 0, 'params': 479627, 'time_iter': 0.0049, 'mae': 0.10606, 'r2': 0.39643, 'spearmanr': 0.70385, 'mse': 0.02455, 'rmse': 0.15669}
> Epoch 444: took 10.5s (avg 10.5s) | Best so far: epoch 31	train_loss: 0.0583 train_mae: 0.0583	val_loss: 0.0572 val_mae: 0.0571	test_loss: 0.0666 test_mae: 0.0666
train: {'epoch': 445, 'time_epoch': 9.41913, 'eta': 523.91951, 'eta_hours': 0.14553, 'loss': 0.01126029, 'lr': 3.641e-05, 'params': 479627, 'time_iter': 0.01115, 'mae': 0.01126, 'r2': 0.96653, 'spearmanr': 0.98731, 'mse': 0.00108, 'rmse': 0.03282}
val: {'epoch': 445, 'time_epoch': 0.4958, 'loss': 0.07817244, 'lr': 0, 'params': 479627, 'time_iter': 0.00501, 'mae': 0.07817, 'r2': 0.51967, 'spearmanr': 0.78594, 'mse': 0.01724, 'rmse': 0.1313}
test: {'epoch': 445, 'time_epoch': 0.32929, 'loss': 0.10722113, 'lr': 0, 'params': 479627, 'time_iter': 0.00499, 'mae': 0.10722, 'r2': 0.39184, 'spearmanr': 0.71028, 'mse': 0.02474, 'rmse': 0.15728}
> Epoch 445: took 10.3s (avg 10.5s) | Best so far: epoch 31	train_loss: 0.0583 train_mae: 0.0583	val_loss: 0.0572 val_mae: 0.0571	test_loss: 0.0666 test_mae: 0.0666
train: {'epoch': 446, 'time_epoch': 9.84322, 'eta': 514.23401, 'eta_hours': 0.14284, 'loss': 0.01125735, 'lr': 3.511e-05, 'params': 479627, 'time_iter': 0.01165, 'mae': 0.01126, 'r2': 0.96673, 'spearmanr': 0.98744, 'mse': 0.00107, 'rmse': 0.03272}
val: {'epoch': 446, 'time_epoch': 0.49077, 'loss': 0.07831483, 'lr': 0, 'params': 479627, 'time_iter': 0.00496, 'mae': 0.07831, 'r2': 0.52885, 'spearmanr': 0.78846, 'mse': 0.01691, 'rmse': 0.13004}
test: {'epoch': 446, 'time_epoch': 0.32538, 'loss': 0.10669071, 'lr': 0, 'params': 479627, 'time_iter': 0.00493, 'mae': 0.10669, 'r2': 0.39719, 'spearmanr': 0.70768, 'mse': 0.02452, 'rmse': 0.15659}
> Epoch 446: took 10.7s (avg 10.5s) | Best so far: epoch 31	train_loss: 0.0583 train_mae: 0.0583	val_loss: 0.0572 val_mae: 0.0571	test_loss: 0.0666 test_mae: 0.0666
train: {'epoch': 447, 'time_epoch': 10.0759, 'eta': 504.57482, 'eta_hours': 0.14016, 'loss': 0.01125049, 'lr': 3.384e-05, 'params': 479627, 'time_iter': 0.01192, 'mae': 0.01125, 'r2': 0.96683, 'spearmanr': 0.98751, 'mse': 0.00107, 'rmse': 0.03267}
val: {'epoch': 447, 'time_epoch': 0.49915, 'loss': 0.07882451, 'lr': 0, 'params': 479627, 'time_iter': 0.00504, 'mae': 0.07882, 'r2': 0.52823, 'spearmanr': 0.78476, 'mse': 0.01693, 'rmse': 0.13012}
test: {'epoch': 447, 'time_epoch': 0.32708, 'loss': 0.10640353, 'lr': 0, 'params': 479627, 'time_iter': 0.00496, 'mae': 0.1064, 'r2': 0.39483, 'spearmanr': 0.69981, 'mse': 0.02462, 'rmse': 0.1569}
> Epoch 447: took 10.9s (avg 10.6s) | Best so far: epoch 31	train_loss: 0.0583 train_mae: 0.0583	val_loss: 0.0572 val_mae: 0.0571	test_loss: 0.0666 test_mae: 0.0666
train: {'epoch': 448, 'time_epoch': 10.33856, 'eta': 494.94361, 'eta_hours': 0.13748, 'loss': 0.01123672, 'lr': 3.259e-05, 'params': 479627, 'time_iter': 0.01223, 'mae': 0.01124, 'r2': 0.96692, 'spearmanr': 0.98751, 'mse': 0.00106, 'rmse': 0.03263}
val: {'epoch': 448, 'time_epoch': 0.5142, 'loss': 0.07817664, 'lr': 0, 'params': 479627, 'time_iter': 0.00519, 'mae': 0.07818, 'r2': 0.52675, 'spearmanr': 0.78852, 'mse': 0.01699, 'rmse': 0.13033}
test: {'epoch': 448, 'time_epoch': 0.32591, 'loss': 0.10603898, 'lr': 0, 'params': 479627, 'time_iter': 0.00494, 'mae': 0.10604, 'r2': 0.39621, 'spearmanr': 0.70927, 'mse': 0.02456, 'rmse': 0.15672}
> Epoch 448: took 11.2s (avg 10.6s) | Best so far: epoch 31	train_loss: 0.0583 train_mae: 0.0583	val_loss: 0.0572 val_mae: 0.0571	test_loss: 0.0666 test_mae: 0.0666
train: {'epoch': 449, 'time_epoch': 10.1045, 'eta': 485.28325, 'eta_hours': 0.1348, 'loss': 0.01115395, 'lr': 3.136e-05, 'params': 479627, 'time_iter': 0.01196, 'mae': 0.01115, 'r2': 0.96715, 'spearmanr': 0.98763, 'mse': 0.00106, 'rmse': 0.03251}
val: {'epoch': 449, 'time_epoch': 0.49098, 'loss': 0.07801553, 'lr': 0, 'params': 479627, 'time_iter': 0.00496, 'mae': 0.07802, 'r2': 0.52935, 'spearmanr': 0.78666, 'mse': 0.01689, 'rmse': 0.12997}
test: {'epoch': 449, 'time_epoch': 0.32689, 'loss': 0.10559022, 'lr': 0, 'params': 479627, 'time_iter': 0.00495, 'mae': 0.10559, 'r2': 0.39996, 'spearmanr': 0.70623, 'mse': 0.02441, 'rmse': 0.15623}
> Epoch 449: took 10.9s (avg 10.6s) | Best so far: epoch 31	train_loss: 0.0583 train_mae: 0.0583	val_loss: 0.0572 val_mae: 0.0571	test_loss: 0.0666 test_mae: 0.0666
train: {'epoch': 450, 'time_epoch': 9.76587, 'eta': 475.58412, 'eta_hours': 0.13211, 'loss': 0.01125171, 'lr': 3.015e-05, 'params': 479627, 'time_iter': 0.01156, 'mae': 0.01125, 'r2': 0.96681, 'spearmanr': 0.98748, 'mse': 0.00107, 'rmse': 0.03268}
val: {'epoch': 450, 'time_epoch': 0.49237, 'loss': 0.07812115, 'lr': 0, 'params': 479627, 'time_iter': 0.00497, 'mae': 0.07812, 'r2': 0.53223, 'spearmanr': 0.78848, 'mse': 0.01679, 'rmse': 0.12957}
test: {'epoch': 450, 'time_epoch': 0.32609, 'loss': 0.10684582, 'lr': 0, 'params': 479627, 'time_iter': 0.00494, 'mae': 0.10685, 'r2': 0.3924, 'spearmanr': 0.70539, 'mse': 0.02472, 'rmse': 0.15721}
> Epoch 450: took 10.6s (avg 10.6s) | Best so far: epoch 31	train_loss: 0.0583 train_mae: 0.0583	val_loss: 0.0572 val_mae: 0.0571	test_loss: 0.0666 test_mae: 0.0666
train: {'epoch': 451, 'time_epoch': 9.42867, 'eta': 465.84889, 'eta_hours': 0.1294, 'loss': 0.01123888, 'lr': 2.897e-05, 'params': 479627, 'time_iter': 0.01116, 'mae': 0.01124, 'r2': 0.96678, 'spearmanr': 0.98742, 'mse': 0.00107, 'rmse': 0.03269}
val: {'epoch': 451, 'time_epoch': 0.49477, 'loss': 0.07752513, 'lr': 0, 'params': 479627, 'time_iter': 0.005, 'mae': 0.07753, 'r2': 0.53273, 'spearmanr': 0.78915, 'mse': 0.01677, 'rmse': 0.1295}
test: {'epoch': 451, 'time_epoch': 0.32771, 'loss': 0.10657406, 'lr': 0, 'params': 479627, 'time_iter': 0.00497, 'mae': 0.10657, 'r2': 0.39555, 'spearmanr': 0.70818, 'mse': 0.02459, 'rmse': 0.1568}
> Epoch 451: took 10.3s (avg 10.6s) | Best so far: epoch 31	train_loss: 0.0583 train_mae: 0.0583	val_loss: 0.0572 val_mae: 0.0571	test_loss: 0.0666 test_mae: 0.0666
train: {'epoch': 452, 'time_epoch': 9.49748, 'eta': 456.12216, 'eta_hours': 0.1267, 'loss': 0.01112709, 'lr': 2.781e-05, 'params': 479627, 'time_iter': 0.01124, 'mae': 0.01113, 'r2': 0.96732, 'spearmanr': 0.98789, 'mse': 0.00105, 'rmse': 0.03243}
val: {'epoch': 452, 'time_epoch': 0.49409, 'loss': 0.07825585, 'lr': 0, 'params': 479627, 'time_iter': 0.00499, 'mae': 0.07826, 'r2': 0.51776, 'spearmanr': 0.78564, 'mse': 0.01731, 'rmse': 0.13156}
test: {'epoch': 452, 'time_epoch': 0.3269, 'loss': 0.10764337, 'lr': 0, 'params': 479627, 'time_iter': 0.00495, 'mae': 0.10764, 'r2': 0.38267, 'spearmanr': 0.71041, 'mse': 0.02511, 'rmse': 0.15846}
> Epoch 452: took 10.3s (avg 10.6s) | Best so far: epoch 31	train_loss: 0.0583 train_mae: 0.0583	val_loss: 0.0572 val_mae: 0.0571	test_loss: 0.0666 test_mae: 0.0666
train: {'epoch': 453, 'time_epoch': 9.57271, 'eta': 446.40406, 'eta_hours': 0.124, 'loss': 0.01114584, 'lr': 2.668e-05, 'params': 479627, 'time_iter': 0.01133, 'mae': 0.01115, 'r2': 0.96728, 'spearmanr': 0.98782, 'mse': 0.00105, 'rmse': 0.03245}
val: {'epoch': 453, 'time_epoch': 0.49514, 'loss': 0.0785503, 'lr': 0, 'params': 479627, 'time_iter': 0.005, 'mae': 0.07855, 'r2': 0.52355, 'spearmanr': 0.78761, 'mse': 0.0171, 'rmse': 0.13077}
test: {'epoch': 453, 'time_epoch': 0.32918, 'loss': 0.10728257, 'lr': 0, 'params': 479627, 'time_iter': 0.00499, 'mae': 0.10728, 'r2': 0.38833, 'spearmanr': 0.7056, 'mse': 0.02488, 'rmse': 0.15774}
> Epoch 453: took 10.4s (avg 10.6s) | Best so far: epoch 31	train_loss: 0.0583 train_mae: 0.0583	val_loss: 0.0572 val_mae: 0.0571	test_loss: 0.0666 test_mae: 0.0666
train: {'epoch': 454, 'time_epoch': 9.97306, 'eta': 436.72619, 'eta_hours': 0.12131, 'loss': 0.01115428, 'lr': 2.556e-05, 'params': 479627, 'time_iter': 0.0118, 'mae': 0.01115, 'r2': 0.96706, 'spearmanr': 0.98766, 'mse': 0.00106, 'rmse': 0.03255}
val: {'epoch': 454, 'time_epoch': 0.49857, 'loss': 0.07839135, 'lr': 0, 'params': 479627, 'time_iter': 0.00504, 'mae': 0.07839, 'r2': 0.53023, 'spearmanr': 0.78944, 'mse': 0.01686, 'rmse': 0.12985}
test: {'epoch': 454, 'time_epoch': 0.33049, 'loss': 0.10792389, 'lr': 0, 'params': 479627, 'time_iter': 0.00501, 'mae': 0.10792, 'r2': 0.38463, 'spearmanr': 0.70269, 'mse': 0.02503, 'rmse': 0.15821}
> Epoch 454: took 10.8s (avg 10.6s) | Best so far: epoch 31	train_loss: 0.0583 train_mae: 0.0583	val_loss: 0.0572 val_mae: 0.0571	test_loss: 0.0666 test_mae: 0.0666
train: {'epoch': 455, 'time_epoch': 10.23872, 'eta': 427.07266, 'eta_hours': 0.11863, 'loss': 0.01115956, 'lr': 2.447e-05, 'params': 479627, 'time_iter': 0.01212, 'mae': 0.01116, 'r2': 0.96685, 'spearmanr': 0.98751, 'mse': 0.00107, 'rmse': 0.03266}
val: {'epoch': 455, 'time_epoch': 0.49326, 'loss': 0.07801264, 'lr': 0, 'params': 479627, 'time_iter': 0.00498, 'mae': 0.07801, 'r2': 0.53324, 'spearmanr': 0.78934, 'mse': 0.01675, 'rmse': 0.12943}
test: {'epoch': 455, 'time_epoch': 0.32704, 'loss': 0.10656338, 'lr': 0, 'params': 479627, 'time_iter': 0.00496, 'mae': 0.10656, 'r2': 0.39574, 'spearmanr': 0.706, 'mse': 0.02458, 'rmse': 0.15678}
> Epoch 455: took 11.1s (avg 10.6s) | Best so far: epoch 31	train_loss: 0.0583 train_mae: 0.0583	val_loss: 0.0572 val_mae: 0.0571	test_loss: 0.0666 test_mae: 0.0666
train: {'epoch': 456, 'time_epoch': 9.60469, 'eta': 417.35691, 'eta_hours': 0.11593, 'loss': 0.01115413, 'lr': 2.34e-05, 'params': 479627, 'time_iter': 0.01137, 'mae': 0.01115, 'r2': 0.96701, 'spearmanr': 0.98755, 'mse': 0.00106, 'rmse': 0.03258}
val: {'epoch': 456, 'time_epoch': 0.49302, 'loss': 0.07855987, 'lr': 0, 'params': 479627, 'time_iter': 0.00498, 'mae': 0.07856, 'r2': 0.52698, 'spearmanr': 0.78834, 'mse': 0.01698, 'rmse': 0.1303}
test: {'epoch': 456, 'time_epoch': 0.32748, 'loss': 0.10883322, 'lr': 0, 'params': 479627, 'time_iter': 0.00496, 'mae': 0.10883, 'r2': 0.38151, 'spearmanr': 0.70271, 'mse': 0.02516, 'rmse': 0.15861}
> Epoch 456: took 10.4s (avg 10.6s) | Best so far: epoch 31	train_loss: 0.0583 train_mae: 0.0583	val_loss: 0.0572 val_mae: 0.0571	test_loss: 0.0666 test_mae: 0.0666
train: {'epoch': 457, 'time_epoch': 9.40216, 'eta': 407.62308, 'eta_hours': 0.11323, 'loss': 0.01112573, 'lr': 2.236e-05, 'params': 479627, 'time_iter': 0.01113, 'mae': 0.01113, 'r2': 0.96717, 'spearmanr': 0.98766, 'mse': 0.00106, 'rmse': 0.0325}
val: {'epoch': 457, 'time_epoch': 0.49814, 'loss': 0.07926878, 'lr': 0, 'params': 479627, 'time_iter': 0.00503, 'mae': 0.07927, 'r2': 0.52152, 'spearmanr': 0.78591, 'mse': 0.01717, 'rmse': 0.13105}
test: {'epoch': 457, 'time_epoch': 0.32849, 'loss': 0.10961615, 'lr': 0, 'params': 479627, 'time_iter': 0.00498, 'mae': 0.10962, 'r2': 0.37904, 'spearmanr': 0.70173, 'mse': 0.02526, 'rmse': 0.15893}
> Epoch 457: took 10.2s (avg 10.6s) | Best so far: epoch 31	train_loss: 0.0583 train_mae: 0.0583	val_loss: 0.0572 val_mae: 0.0571	test_loss: 0.0666 test_mae: 0.0666
train: {'epoch': 458, 'time_epoch': 9.40261, 'eta': 397.89073, 'eta_hours': 0.11053, 'loss': 0.01107618, 'lr': 2.134e-05, 'params': 479627, 'time_iter': 0.01113, 'mae': 0.01108, 'r2': 0.96741, 'spearmanr': 0.98776, 'mse': 0.00105, 'rmse': 0.03238}
val: {'epoch': 458, 'time_epoch': 0.49447, 'loss': 0.0781697, 'lr': 0, 'params': 479627, 'time_iter': 0.00499, 'mae': 0.07817, 'r2': 0.53094, 'spearmanr': 0.7892, 'mse': 0.01683, 'rmse': 0.12975}
test: {'epoch': 458, 'time_epoch': 0.32698, 'loss': 0.10662274, 'lr': 0, 'params': 479627, 'time_iter': 0.00495, 'mae': 0.10662, 'r2': 0.39215, 'spearmanr': 0.70799, 'mse': 0.02473, 'rmse': 0.15724}
> Epoch 458: took 10.2s (avg 10.6s) | Best so far: epoch 31	train_loss: 0.0583 train_mae: 0.0583	val_loss: 0.0572 val_mae: 0.0571	test_loss: 0.0666 test_mae: 0.0666
train: {'epoch': 459, 'time_epoch': 9.71239, 'eta': 388.18675, 'eta_hours': 0.10783, 'loss': 0.0111182, 'lr': 2.034e-05, 'params': 479627, 'time_iter': 0.01149, 'mae': 0.01112, 'r2': 0.96708, 'spearmanr': 0.98761, 'mse': 0.00106, 'rmse': 0.03255}
val: {'epoch': 459, 'time_epoch': 0.49523, 'loss': 0.07825072, 'lr': 0, 'params': 479627, 'time_iter': 0.005, 'mae': 0.07825, 'r2': 0.52882, 'spearmanr': 0.78678, 'mse': 0.01691, 'rmse': 0.13004}
test: {'epoch': 459, 'time_epoch': 0.32686, 'loss': 0.10632013, 'lr': 0, 'params': 479627, 'time_iter': 0.00495, 'mae': 0.10632, 'r2': 0.39703, 'spearmanr': 0.70583, 'mse': 0.02453, 'rmse': 0.15661}
> Epoch 459: took 10.6s (avg 10.6s) | Best so far: epoch 31	train_loss: 0.0583 train_mae: 0.0583	val_loss: 0.0572 val_mae: 0.0571	test_loss: 0.0666 test_mae: 0.0666
train: {'epoch': 460, 'time_epoch': 9.65606, 'eta': 378.47797, 'eta_hours': 0.10513, 'loss': 0.01108852, 'lr': 1.937e-05, 'params': 479627, 'time_iter': 0.01143, 'mae': 0.01109, 'r2': 0.96733, 'spearmanr': 0.98773, 'mse': 0.00105, 'rmse': 0.03243}
val: {'epoch': 460, 'time_epoch': 0.50786, 'loss': 0.07834547, 'lr': 0, 'params': 479627, 'time_iter': 0.00513, 'mae': 0.07835, 'r2': 0.52629, 'spearmanr': 0.78852, 'mse': 0.017, 'rmse': 0.13039}
test: {'epoch': 460, 'time_epoch': 0.32748, 'loss': 0.1075817, 'lr': 0, 'params': 479627, 'time_iter': 0.00496, 'mae': 0.10758, 'r2': 0.38822, 'spearmanr': 0.70669, 'mse': 0.02489, 'rmse': 0.15775}
> Epoch 460: took 10.5s (avg 10.6s) | Best so far: epoch 31	train_loss: 0.0583 train_mae: 0.0583	val_loss: 0.0572 val_mae: 0.0571	test_loss: 0.0666 test_mae: 0.0666
train: {'epoch': 461, 'time_epoch': 9.94748, 'eta': 368.79338, 'eta_hours': 0.10244, 'loss': 0.01108646, 'lr': 1.842e-05, 'params': 479627, 'time_iter': 0.01177, 'mae': 0.01109, 'r2': 0.96721, 'spearmanr': 0.98782, 'mse': 0.00106, 'rmse': 0.03248}
val: {'epoch': 461, 'time_epoch': 0.499, 'loss': 0.07814291, 'lr': 0, 'params': 479627, 'time_iter': 0.00504, 'mae': 0.07814, 'r2': 0.53024, 'spearmanr': 0.78813, 'mse': 0.01686, 'rmse': 0.12985}
test: {'epoch': 461, 'time_epoch': 0.3361, 'loss': 0.10641881, 'lr': 0, 'params': 479627, 'time_iter': 0.00509, 'mae': 0.10642, 'r2': 0.39702, 'spearmanr': 0.71059, 'mse': 0.02453, 'rmse': 0.15661}
> Epoch 461: took 10.8s (avg 10.6s) | Best so far: epoch 31	train_loss: 0.0583 train_mae: 0.0583	val_loss: 0.0572 val_mae: 0.0571	test_loss: 0.0666 test_mae: 0.0666
train: {'epoch': 462, 'time_epoch': 9.93573, 'eta': 359.10673, 'eta_hours': 0.09975, 'loss': 0.01105761, 'lr': 1.749e-05, 'params': 479627, 'time_iter': 0.01176, 'mae': 0.01106, 'r2': 0.96727, 'spearmanr': 0.98779, 'mse': 0.00105, 'rmse': 0.03245}
val: {'epoch': 462, 'time_epoch': 0.49694, 'loss': 0.0776777, 'lr': 0, 'params': 479627, 'time_iter': 0.00502, 'mae': 0.07768, 'r2': 0.53516, 'spearmanr': 0.78933, 'mse': 0.01668, 'rmse': 0.12916}
test: {'epoch': 462, 'time_epoch': 0.33061, 'loss': 0.10606368, 'lr': 0, 'params': 479627, 'time_iter': 0.00501, 'mae': 0.10606, 'r2': 0.40049, 'spearmanr': 0.70881, 'mse': 0.02439, 'rmse': 0.15616}
> Epoch 462: took 10.8s (avg 10.6s) | Best so far: epoch 31	train_loss: 0.0583 train_mae: 0.0583	val_loss: 0.0572 val_mae: 0.0571	test_loss: 0.0666 test_mae: 0.0666
train: {'epoch': 463, 'time_epoch': 9.68269, 'eta': 349.39936, 'eta_hours': 0.09706, 'loss': 0.01104104, 'lr': 1.659e-05, 'params': 479627, 'time_iter': 0.01146, 'mae': 0.01104, 'r2': 0.96725, 'spearmanr': 0.98783, 'mse': 0.00105, 'rmse': 0.03246}
val: {'epoch': 463, 'time_epoch': 0.49419, 'loss': 0.07799137, 'lr': 0, 'params': 479627, 'time_iter': 0.00499, 'mae': 0.07799, 'r2': 0.53106, 'spearmanr': 0.78899, 'mse': 0.01683, 'rmse': 0.12973}
test: {'epoch': 463, 'time_epoch': 0.32723, 'loss': 0.10667194, 'lr': 0, 'params': 479627, 'time_iter': 0.00496, 'mae': 0.10667, 'r2': 0.39244, 'spearmanr': 0.70651, 'mse': 0.02471, 'rmse': 0.15721}
> Epoch 463: took 10.5s (avg 10.6s) | Best so far: epoch 31	train_loss: 0.0583 train_mae: 0.0583	val_loss: 0.0572 val_mae: 0.0571	test_loss: 0.0666 test_mae: 0.0666
train: {'epoch': 464, 'time_epoch': 9.79075, 'eta': 339.70024, 'eta_hours': 0.09436, 'loss': 0.01104761, 'lr': 1.571e-05, 'params': 479627, 'time_iter': 0.01159, 'mae': 0.01105, 'r2': 0.96748, 'spearmanr': 0.98787, 'mse': 0.00105, 'rmse': 0.03235}
val: {'epoch': 464, 'time_epoch': 0.49542, 'loss': 0.07784877, 'lr': 0, 'params': 479627, 'time_iter': 0.005, 'mae': 0.07785, 'r2': 0.53511, 'spearmanr': 0.78892, 'mse': 0.01669, 'rmse': 0.12917}
test: {'epoch': 464, 'time_epoch': 0.32906, 'loss': 0.10550968, 'lr': 0, 'params': 479627, 'time_iter': 0.00499, 'mae': 0.10551, 'r2': 0.40047, 'spearmanr': 0.70563, 'mse': 0.02439, 'rmse': 0.15616}
> Epoch 464: took 10.6s (avg 10.6s) | Best so far: epoch 31	train_loss: 0.0583 train_mae: 0.0583	val_loss: 0.0572 val_mae: 0.0571	test_loss: 0.0666 test_mae: 0.0666
train: {'epoch': 465, 'time_epoch': 9.48955, 'eta': 329.97875, 'eta_hours': 0.09166, 'loss': 0.01101104, 'lr': 1.485e-05, 'params': 479627, 'time_iter': 0.01123, 'mae': 0.01101, 'r2': 0.96752, 'spearmanr': 0.98779, 'mse': 0.00105, 'rmse': 0.03233}
val: {'epoch': 465, 'time_epoch': 0.49437, 'loss': 0.078199, 'lr': 0, 'params': 479627, 'time_iter': 0.00499, 'mae': 0.0782, 'r2': 0.52822, 'spearmanr': 0.78866, 'mse': 0.01693, 'rmse': 0.13012}
test: {'epoch': 465, 'time_epoch': 0.32933, 'loss': 0.10684338, 'lr': 0, 'params': 479627, 'time_iter': 0.00499, 'mae': 0.10684, 'r2': 0.39451, 'spearmanr': 0.7106, 'mse': 0.02463, 'rmse': 0.15694}
> Epoch 465: took 10.3s (avg 10.6s) | Best so far: epoch 31	train_loss: 0.0583 train_mae: 0.0583	val_loss: 0.0572 val_mae: 0.0571	test_loss: 0.0666 test_mae: 0.0666
train: {'epoch': 466, 'time_epoch': 10.32411, 'eta': 320.31722, 'eta_hours': 0.08898, 'loss': 0.01100386, 'lr': 1.402e-05, 'params': 479627, 'time_iter': 0.01222, 'mae': 0.011, 'r2': 0.96768, 'spearmanr': 0.98803, 'mse': 0.00104, 'rmse': 0.03225}
val: {'epoch': 466, 'time_epoch': 0.4929, 'loss': 0.07800541, 'lr': 0, 'params': 479627, 'time_iter': 0.00498, 'mae': 0.07801, 'r2': 0.53045, 'spearmanr': 0.78911, 'mse': 0.01685, 'rmse': 0.12982}
test: {'epoch': 466, 'time_epoch': 0.32559, 'loss': 0.10794711, 'lr': 0, 'params': 479627, 'time_iter': 0.00493, 'mae': 0.10795, 'r2': 0.38698, 'spearmanr': 0.70838, 'mse': 0.02494, 'rmse': 0.15791}
> Epoch 466: took 11.2s (avg 10.6s) | Best so far: epoch 31	train_loss: 0.0583 train_mae: 0.0583	val_loss: 0.0572 val_mae: 0.0571	test_loss: 0.0666 test_mae: 0.0666
train: {'epoch': 467, 'time_epoch': 10.36055, 'eta': 310.65535, 'eta_hours': 0.08629, 'loss': 0.01102451, 'lr': 1.321e-05, 'params': 479627, 'time_iter': 0.01226, 'mae': 0.01102, 'r2': 0.96756, 'spearmanr': 0.98806, 'mse': 0.00104, 'rmse': 0.03231}
val: {'epoch': 467, 'time_epoch': 0.48565, 'loss': 0.07827162, 'lr': 0, 'params': 479627, 'time_iter': 0.00491, 'mae': 0.07827, 'r2': 0.53479, 'spearmanr': 0.79056, 'mse': 0.0167, 'rmse': 0.12922}
test: {'epoch': 467, 'time_epoch': 0.32334, 'loss': 0.10685325, 'lr': 0, 'params': 479627, 'time_iter': 0.0049, 'mae': 0.10685, 'r2': 0.39061, 'spearmanr': 0.70186, 'mse': 0.02479, 'rmse': 0.15744}
> Epoch 467: took 11.2s (avg 10.6s) | Best so far: epoch 31	train_loss: 0.0583 train_mae: 0.0583	val_loss: 0.0572 val_mae: 0.0571	test_loss: 0.0666 test_mae: 0.0666
train: {'epoch': 468, 'time_epoch': 9.79913, 'eta': 300.9534, 'eta_hours': 0.0836, 'loss': 0.01106511, 'lr': 1.243e-05, 'params': 479627, 'time_iter': 0.0116, 'mae': 0.01107, 'r2': 0.96715, 'spearmanr': 0.98766, 'mse': 0.00106, 'rmse': 0.03251}
val: {'epoch': 468, 'time_epoch': 0.49241, 'loss': 0.07803618, 'lr': 0, 'params': 479627, 'time_iter': 0.00497, 'mae': 0.07804, 'r2': 0.53147, 'spearmanr': 0.78838, 'mse': 0.01682, 'rmse': 0.12968}
test: {'epoch': 468, 'time_epoch': 0.32589, 'loss': 0.10646188, 'lr': 0, 'params': 479627, 'time_iter': 0.00494, 'mae': 0.10646, 'r2': 0.3965, 'spearmanr': 0.70679, 'mse': 0.02455, 'rmse': 0.15668}
> Epoch 468: took 10.6s (avg 10.6s) | Best so far: epoch 31	train_loss: 0.0583 train_mae: 0.0583	val_loss: 0.0572 val_mae: 0.0571	test_loss: 0.0666 test_mae: 0.0666
train: {'epoch': 469, 'time_epoch': 9.4239, 'eta': 291.22708, 'eta_hours': 0.0809, 'loss': 0.0109982, 'lr': 1.166e-05, 'params': 479627, 'time_iter': 0.01115, 'mae': 0.011, 'r2': 0.96748, 'spearmanr': 0.98779, 'mse': 0.00105, 'rmse': 0.03235}
val: {'epoch': 469, 'time_epoch': 0.50024, 'loss': 0.07804771, 'lr': 0, 'params': 479627, 'time_iter': 0.00505, 'mae': 0.07805, 'r2': 0.52652, 'spearmanr': 0.78754, 'mse': 0.01699, 'rmse': 0.13036}
test: {'epoch': 469, 'time_epoch': 0.33194, 'loss': 0.10702615, 'lr': 0, 'params': 479627, 'time_iter': 0.00503, 'mae': 0.10703, 'r2': 0.3921, 'spearmanr': 0.70776, 'mse': 0.02473, 'rmse': 0.15725}
> Epoch 469: took 10.3s (avg 10.6s) | Best so far: epoch 31	train_loss: 0.0583 train_mae: 0.0583	val_loss: 0.0572 val_mae: 0.0571	test_loss: 0.0666 test_mae: 0.0666
train: {'epoch': 470, 'time_epoch': 9.44366, 'eta': 281.50326, 'eta_hours': 0.0782, 'loss': 0.01101257, 'lr': 1.093e-05, 'params': 479627, 'time_iter': 0.01118, 'mae': 0.01101, 'r2': 0.96741, 'spearmanr': 0.98778, 'mse': 0.00105, 'rmse': 0.03238}
val: {'epoch': 470, 'time_epoch': 0.49616, 'loss': 0.07849289, 'lr': 0, 'params': 479627, 'time_iter': 0.00501, 'mae': 0.07849, 'r2': 0.52625, 'spearmanr': 0.78887, 'mse': 0.017, 'rmse': 0.1304}
test: {'epoch': 470, 'time_epoch': 0.32918, 'loss': 0.1076195, 'lr': 0, 'params': 479627, 'time_iter': 0.00499, 'mae': 0.10762, 'r2': 0.38956, 'spearmanr': 0.70792, 'mse': 0.02483, 'rmse': 0.15758}
> Epoch 470: took 10.3s (avg 10.6s) | Best so far: epoch 31	train_loss: 0.0583 train_mae: 0.0583	val_loss: 0.0572 val_mae: 0.0571	test_loss: 0.0666 test_mae: 0.0666
train: {'epoch': 471, 'time_epoch': 9.55557, 'eta': 271.78727, 'eta_hours': 0.0755, 'loss': 0.01097021, 'lr': 1.021e-05, 'params': 479627, 'time_iter': 0.01131, 'mae': 0.01097, 'r2': 0.96738, 'spearmanr': 0.98789, 'mse': 0.00105, 'rmse': 0.0324}
val: {'epoch': 471, 'time_epoch': 0.49476, 'loss': 0.07763498, 'lr': 0, 'params': 479627, 'time_iter': 0.005, 'mae': 0.07763, 'r2': 0.5345, 'spearmanr': 0.78872, 'mse': 0.01671, 'rmse': 0.12926}
test: {'epoch': 471, 'time_epoch': 0.3267, 'loss': 0.10568881, 'lr': 0, 'params': 479627, 'time_iter': 0.00495, 'mae': 0.10569, 'r2': 0.39972, 'spearmanr': 0.70607, 'mse': 0.02442, 'rmse': 0.15626}
> Epoch 471: took 10.4s (avg 10.6s) | Best so far: epoch 31	train_loss: 0.0583 train_mae: 0.0583	val_loss: 0.0572 val_mae: 0.0571	test_loss: 0.0666 test_mae: 0.0666
train: {'epoch': 472, 'time_epoch': 9.94093, 'eta': 262.09395, 'eta_hours': 0.0728, 'loss': 0.01101527, 'lr': 9.52e-06, 'params': 479627, 'time_iter': 0.01176, 'mae': 0.01102, 'r2': 0.96744, 'spearmanr': 0.98785, 'mse': 0.00105, 'rmse': 0.03237}
val: {'epoch': 472, 'time_epoch': 0.50408, 'loss': 0.0775277, 'lr': 0, 'params': 479627, 'time_iter': 0.00509, 'mae': 0.07753, 'r2': 0.5352, 'spearmanr': 0.79034, 'mse': 0.01668, 'rmse': 0.12916}
test: {'epoch': 472, 'time_epoch': 0.32468, 'loss': 0.10571027, 'lr': 0, 'params': 479627, 'time_iter': 0.00492, 'mae': 0.10571, 'r2': 0.39658, 'spearmanr': 0.70511, 'mse': 0.02455, 'rmse': 0.15667}
> Epoch 472: took 10.8s (avg 10.6s) | Best so far: epoch 31	train_loss: 0.0583 train_mae: 0.0583	val_loss: 0.0572 val_mae: 0.0571	test_loss: 0.0666 test_mae: 0.0666
train: {'epoch': 473, 'time_epoch': 10.47281, 'eta': 252.42876, 'eta_hours': 0.07012, 'loss': 0.01100946, 'lr': 8.86e-06, 'params': 479627, 'time_iter': 0.01239, 'mae': 0.01101, 'r2': 0.96753, 'spearmanr': 0.9877, 'mse': 0.00104, 'rmse': 0.03232}
val: {'epoch': 473, 'time_epoch': 0.49531, 'loss': 0.07739535, 'lr': 0, 'params': 479627, 'time_iter': 0.005, 'mae': 0.0774, 'r2': 0.53915, 'spearmanr': 0.7905, 'mse': 0.01654, 'rmse': 0.12861}
test: {'epoch': 473, 'time_epoch': 0.32924, 'loss': 0.10644105, 'lr': 0, 'params': 479627, 'time_iter': 0.00499, 'mae': 0.10644, 'r2': 0.39463, 'spearmanr': 0.70352, 'mse': 0.02462, 'rmse': 0.15692}
> Epoch 473: took 11.3s (avg 10.6s) | Best so far: epoch 31	train_loss: 0.0583 train_mae: 0.0583	val_loss: 0.0572 val_mae: 0.0571	test_loss: 0.0666 test_mae: 0.0666
train: {'epoch': 474, 'time_epoch': 9.60456, 'eta': 242.71448, 'eta_hours': 0.06742, 'loss': 0.01103661, 'lr': 8.21e-06, 'params': 479627, 'time_iter': 0.01137, 'mae': 0.01104, 'r2': 0.96731, 'spearmanr': 0.98782, 'mse': 0.00105, 'rmse': 0.03243}
val: {'epoch': 474, 'time_epoch': 0.51376, 'loss': 0.07732705, 'lr': 0, 'params': 479627, 'time_iter': 0.00519, 'mae': 0.07733, 'r2': 0.5409, 'spearmanr': 0.79214, 'mse': 0.01648, 'rmse': 0.12836}
test: {'epoch': 474, 'time_epoch': 0.32552, 'loss': 0.10592566, 'lr': 0, 'params': 479627, 'time_iter': 0.00493, 'mae': 0.10593, 'r2': 0.39597, 'spearmanr': 0.70678, 'mse': 0.02457, 'rmse': 0.15675}
> Epoch 474: took 10.5s (avg 10.6s) | Best so far: epoch 31	train_loss: 0.0583 train_mae: 0.0583	val_loss: 0.0572 val_mae: 0.0571	test_loss: 0.0666 test_mae: 0.0666
train: {'epoch': 475, 'time_epoch': 10.00302, 'eta': 233.02074, 'eta_hours': 0.06473, 'loss': 0.0110298, 'lr': 7.6e-06, 'params': 479627, 'time_iter': 0.01184, 'mae': 0.01103, 'r2': 0.96746, 'spearmanr': 0.98788, 'mse': 0.00105, 'rmse': 0.03236}
val: {'epoch': 475, 'time_epoch': 0.4858, 'loss': 0.07869072, 'lr': 0, 'params': 479627, 'time_iter': 0.00491, 'mae': 0.07869, 'r2': 0.52584, 'spearmanr': 0.78625, 'mse': 0.01702, 'rmse': 0.13045}
test: {'epoch': 475, 'time_epoch': 0.32219, 'loss': 0.10774136, 'lr': 0, 'params': 479627, 'time_iter': 0.00488, 'mae': 0.10774, 'r2': 0.39058, 'spearmanr': 0.70366, 'mse': 0.02479, 'rmse': 0.15745}
> Epoch 475: took 10.8s (avg 10.6s) | Best so far: epoch 31	train_loss: 0.0583 train_mae: 0.0583	val_loss: 0.0572 val_mae: 0.0571	test_loss: 0.0666 test_mae: 0.0666
train: {'epoch': 476, 'time_epoch': 9.57457, 'eta': 223.30506, 'eta_hours': 0.06203, 'loss': 0.01102158, 'lr': 7e-06, 'params': 479627, 'time_iter': 0.01133, 'mae': 0.01102, 'r2': 0.9673, 'spearmanr': 0.98793, 'mse': 0.00105, 'rmse': 0.03244}
val: {'epoch': 476, 'time_epoch': 0.49257, 'loss': 0.07904069, 'lr': 0, 'params': 479627, 'time_iter': 0.00498, 'mae': 0.07904, 'r2': 0.52368, 'spearmanr': 0.78671, 'mse': 0.0171, 'rmse': 0.13075}
test: {'epoch': 476, 'time_epoch': 0.32565, 'loss': 0.10765116, 'lr': 0, 'params': 479627, 'time_iter': 0.00493, 'mae': 0.10765, 'r2': 0.38724, 'spearmanr': 0.70127, 'mse': 0.02493, 'rmse': 0.15788}
> Epoch 476: took 10.4s (avg 10.6s) | Best so far: epoch 31	train_loss: 0.0583 train_mae: 0.0583	val_loss: 0.0572 val_mae: 0.0571	test_loss: 0.0666 test_mae: 0.0666
train: {'epoch': 477, 'time_epoch': 10.12123, 'eta': 213.61512, 'eta_hours': 0.05934, 'loss': 0.01100921, 'lr': 6.43e-06, 'params': 479627, 'time_iter': 0.01198, 'mae': 0.01101, 'r2': 0.96745, 'spearmanr': 0.98783, 'mse': 0.00105, 'rmse': 0.03236}
val: {'epoch': 477, 'time_epoch': 0.49162, 'loss': 0.07823243, 'lr': 0, 'params': 479627, 'time_iter': 0.00497, 'mae': 0.07823, 'r2': 0.53055, 'spearmanr': 0.78894, 'mse': 0.01685, 'rmse': 0.1298}
test: {'epoch': 477, 'time_epoch': 0.32593, 'loss': 0.10658342, 'lr': 0, 'params': 479627, 'time_iter': 0.00494, 'mae': 0.10658, 'r2': 0.39272, 'spearmanr': 0.70144, 'mse': 0.0247, 'rmse': 0.15717}
> Epoch 477: took 11.0s (avg 10.6s) | Best so far: epoch 31	train_loss: 0.0583 train_mae: 0.0583	val_loss: 0.0572 val_mae: 0.0571	test_loss: 0.0666 test_mae: 0.0666
train: {'epoch': 478, 'time_epoch': 9.42928, 'eta': 203.89304, 'eta_hours': 0.05664, 'loss': 0.0109466, 'lr': 5.89e-06, 'params': 479627, 'time_iter': 0.01116, 'mae': 0.01095, 'r2': 0.96765, 'spearmanr': 0.98798, 'mse': 0.00104, 'rmse': 0.03226}
val: {'epoch': 478, 'time_epoch': 0.49584, 'loss': 0.07762129, 'lr': 0, 'params': 479627, 'time_iter': 0.00501, 'mae': 0.07762, 'r2': 0.53282, 'spearmanr': 0.78756, 'mse': 0.01677, 'rmse': 0.12949}
test: {'epoch': 478, 'time_epoch': 0.33268, 'loss': 0.1060315, 'lr': 0, 'params': 479627, 'time_iter': 0.00504, 'mae': 0.10603, 'r2': 0.39881, 'spearmanr': 0.70199, 'mse': 0.02445, 'rmse': 0.15638}
> Epoch 478: took 10.3s (avg 10.6s) | Best so far: epoch 31	train_loss: 0.0583 train_mae: 0.0583	val_loss: 0.0572 val_mae: 0.0571	test_loss: 0.0666 test_mae: 0.0666
train: {'epoch': 479, 'time_epoch': 10.14525, 'eta': 194.20202, 'eta_hours': 0.05395, 'loss': 0.01093879, 'lr': 5.36e-06, 'params': 479627, 'time_iter': 0.01201, 'mae': 0.01094, 'r2': 0.96771, 'spearmanr': 0.98803, 'mse': 0.00104, 'rmse': 0.03223}
val: {'epoch': 479, 'time_epoch': 0.49537, 'loss': 0.07814433, 'lr': 0, 'params': 479627, 'time_iter': 0.005, 'mae': 0.07814, 'r2': 0.52652, 'spearmanr': 0.78771, 'mse': 0.01699, 'rmse': 0.13036}
test: {'epoch': 479, 'time_epoch': 0.32757, 'loss': 0.10762581, 'lr': 0, 'params': 479627, 'time_iter': 0.00496, 'mae': 0.10763, 'r2': 0.38968, 'spearmanr': 0.70461, 'mse': 0.02483, 'rmse': 0.15756}
> Epoch 479: took 11.0s (avg 10.6s) | Best so far: epoch 31	train_loss: 0.0583 train_mae: 0.0583	val_loss: 0.0572 val_mae: 0.0571	test_loss: 0.0666 test_mae: 0.0666
train: {'epoch': 480, 'time_epoch': 10.33871, 'eta': 184.51675, 'eta_hours': 0.05125, 'loss': 0.01097332, 'lr': 4.87e-06, 'params': 479627, 'time_iter': 0.01224, 'mae': 0.01097, 'r2': 0.96763, 'spearmanr': 0.988, 'mse': 0.00104, 'rmse': 0.03228}
val: {'epoch': 480, 'time_epoch': 0.49339, 'loss': 0.07734983, 'lr': 0, 'params': 479627, 'time_iter': 0.00498, 'mae': 0.07735, 'r2': 0.54326, 'spearmanr': 0.7903, 'mse': 0.01639, 'rmse': 0.12803}
test: {'epoch': 480, 'time_epoch': 0.32684, 'loss': 0.10491378, 'lr': 0, 'params': 479627, 'time_iter': 0.00495, 'mae': 0.10491, 'r2': 0.40734, 'spearmanr': 0.70413, 'mse': 0.02411, 'rmse': 0.15527}
> Epoch 480: took 11.2s (avg 10.6s) | Best so far: epoch 31	train_loss: 0.0583 train_mae: 0.0583	val_loss: 0.0572 val_mae: 0.0571	test_loss: 0.0666 test_mae: 0.0666
train: {'epoch': 481, 'time_epoch': 10.01454, 'eta': 174.81666, 'eta_hours': 0.04856, 'loss': 0.01094399, 'lr': 4.39e-06, 'params': 479627, 'time_iter': 0.01185, 'mae': 0.01094, 'r2': 0.96762, 'spearmanr': 0.98802, 'mse': 0.00104, 'rmse': 0.03228}
val: {'epoch': 481, 'time_epoch': 0.4953, 'loss': 0.07825735, 'lr': 0, 'params': 479627, 'time_iter': 0.005, 'mae': 0.07826, 'r2': 0.52573, 'spearmanr': 0.78771, 'mse': 0.01702, 'rmse': 0.13047}
test: {'epoch': 481, 'time_epoch': 0.32811, 'loss': 0.10865534, 'lr': 0, 'params': 479627, 'time_iter': 0.00497, 'mae': 0.10866, 'r2': 0.37887, 'spearmanr': 0.70271, 'mse': 0.02527, 'rmse': 0.15895}
> Epoch 481: took 10.9s (avg 10.6s) | Best so far: epoch 31	train_loss: 0.0583 train_mae: 0.0583	val_loss: 0.0572 val_mae: 0.0571	test_loss: 0.0666 test_mae: 0.0666
train: {'epoch': 482, 'time_epoch': 10.43216, 'eta': 165.12997, 'eta_hours': 0.04587, 'loss': 0.0109591, 'lr': 3.94e-06, 'params': 479627, 'time_iter': 0.01235, 'mae': 0.01096, 'r2': 0.96763, 'spearmanr': 0.9879, 'mse': 0.00104, 'rmse': 0.03227}
val: {'epoch': 482, 'time_epoch': 0.50006, 'loss': 0.07775945, 'lr': 0, 'params': 479627, 'time_iter': 0.00505, 'mae': 0.07776, 'r2': 0.53525, 'spearmanr': 0.7879, 'mse': 0.01668, 'rmse': 0.12915}
test: {'epoch': 482, 'time_epoch': 0.33314, 'loss': 0.10508364, 'lr': 0, 'params': 479627, 'time_iter': 0.00505, 'mae': 0.10508, 'r2': 0.40514, 'spearmanr': 0.70477, 'mse': 0.0242, 'rmse': 0.15555}
> Epoch 482: took 11.3s (avg 10.6s) | Best so far: epoch 31	train_loss: 0.0583 train_mae: 0.0583	val_loss: 0.0572 val_mae: 0.0571	test_loss: 0.0666 test_mae: 0.0666
train: {'epoch': 483, 'time_epoch': 10.39435, 'eta': 155.43895, 'eta_hours': 0.04318, 'loss': 0.01094783, 'lr': 3.52e-06, 'params': 479627, 'time_iter': 0.0123, 'mae': 0.01095, 'r2': 0.96779, 'spearmanr': 0.988, 'mse': 0.00104, 'rmse': 0.03219}
val: {'epoch': 483, 'time_epoch': 0.4957, 'loss': 0.07842634, 'lr': 0, 'params': 479627, 'time_iter': 0.00501, 'mae': 0.07843, 'r2': 0.53034, 'spearmanr': 0.78791, 'mse': 0.01686, 'rmse': 0.12983}
test: {'epoch': 483, 'time_epoch': 0.32725, 'loss': 0.10787713, 'lr': 0, 'params': 479627, 'time_iter': 0.00496, 'mae': 0.10788, 'r2': 0.38533, 'spearmanr': 0.70291, 'mse': 0.025, 'rmse': 0.15812}
> Epoch 483: took 11.2s (avg 10.6s) | Best so far: epoch 31	train_loss: 0.0583 train_mae: 0.0583	val_loss: 0.0572 val_mae: 0.0571	test_loss: 0.0666 test_mae: 0.0666
train: {'epoch': 484, 'time_epoch': 9.46992, 'eta': 145.71644, 'eta_hours': 0.04048, 'loss': 0.01099311, 'lr': 3.12e-06, 'params': 479627, 'time_iter': 0.01121, 'mae': 0.01099, 'r2': 0.96744, 'spearmanr': 0.98782, 'mse': 0.00105, 'rmse': 0.03237}
val: {'epoch': 484, 'time_epoch': 0.49102, 'loss': 0.07778689, 'lr': 0, 'params': 479627, 'time_iter': 0.00496, 'mae': 0.07779, 'r2': 0.53194, 'spearmanr': 0.78935, 'mse': 0.0168, 'rmse': 0.12961}
test: {'epoch': 484, 'time_epoch': 0.32713, 'loss': 0.10713948, 'lr': 0, 'params': 479627, 'time_iter': 0.00496, 'mae': 0.10714, 'r2': 0.39085, 'spearmanr': 0.70508, 'mse': 0.02478, 'rmse': 0.15741}
> Epoch 484: took 10.3s (avg 10.6s) | Best so far: epoch 31	train_loss: 0.0583 train_mae: 0.0583	val_loss: 0.0572 val_mae: 0.0571	test_loss: 0.0666 test_mae: 0.0666
train: {'epoch': 485, 'time_epoch': 9.92722, 'eta': 136.00814, 'eta_hours': 0.03778, 'loss': 0.01093111, 'lr': 2.74e-06, 'params': 479627, 'time_iter': 0.01175, 'mae': 0.01093, 'r2': 0.96782, 'spearmanr': 0.98809, 'mse': 0.00104, 'rmse': 0.03218}
val: {'epoch': 485, 'time_epoch': 0.49625, 'loss': 0.07812633, 'lr': 0, 'params': 479627, 'time_iter': 0.00501, 'mae': 0.07813, 'r2': 0.53335, 'spearmanr': 0.78919, 'mse': 0.01675, 'rmse': 0.12942}
test: {'epoch': 485, 'time_epoch': 0.32952, 'loss': 0.10641931, 'lr': 0, 'params': 479627, 'time_iter': 0.00499, 'mae': 0.10642, 'r2': 0.397, 'spearmanr': 0.70469, 'mse': 0.02453, 'rmse': 0.15661}
> Epoch 485: took 10.8s (avg 10.6s) | Best so far: epoch 31	train_loss: 0.0583 train_mae: 0.0583	val_loss: 0.0572 val_mae: 0.0571	test_loss: 0.0666 test_mae: 0.0666
train: {'epoch': 486, 'time_epoch': 9.77612, 'eta': 126.2949, 'eta_hours': 0.03508, 'loss': 0.01090605, 'lr': 2.39e-06, 'params': 479627, 'time_iter': 0.01157, 'mae': 0.01091, 'r2': 0.96774, 'spearmanr': 0.9881, 'mse': 0.00104, 'rmse': 0.03222}
val: {'epoch': 486, 'time_epoch': 0.49088, 'loss': 0.07767434, 'lr': 0, 'params': 479627, 'time_iter': 0.00496, 'mae': 0.07767, 'r2': 0.53606, 'spearmanr': 0.78955, 'mse': 0.01665, 'rmse': 0.12904}
test: {'epoch': 486, 'time_epoch': 0.32538, 'loss': 0.10552643, 'lr': 0, 'params': 479627, 'time_iter': 0.00493, 'mae': 0.10553, 'r2': 0.4005, 'spearmanr': 0.70329, 'mse': 0.02439, 'rmse': 0.15616}
> Epoch 486: took 10.6s (avg 10.6s) | Best so far: epoch 31	train_loss: 0.0583 train_mae: 0.0583	val_loss: 0.0572 val_mae: 0.0571	test_loss: 0.0666 test_mae: 0.0666
train: {'epoch': 487, 'time_epoch': 9.56917, 'eta': 116.57633, 'eta_hours': 0.03238, 'loss': 0.01095144, 'lr': 2.06e-06, 'params': 479627, 'time_iter': 0.01132, 'mae': 0.01095, 'r2': 0.96752, 'spearmanr': 0.98778, 'mse': 0.00104, 'rmse': 0.03233}
val: {'epoch': 487, 'time_epoch': 0.49332, 'loss': 0.07799879, 'lr': 0, 'params': 479627, 'time_iter': 0.00498, 'mae': 0.078, 'r2': 0.53544, 'spearmanr': 0.78929, 'mse': 0.01667, 'rmse': 0.12913}
test: {'epoch': 487, 'time_epoch': 0.32739, 'loss': 0.10597877, 'lr': 0, 'params': 479627, 'time_iter': 0.00496, 'mae': 0.10598, 'r2': 0.39783, 'spearmanr': 0.70461, 'mse': 0.02449, 'rmse': 0.15651}
> Epoch 487: took 10.4s (avg 10.6s) | Best so far: epoch 31	train_loss: 0.0583 train_mae: 0.0583	val_loss: 0.0572 val_mae: 0.0571	test_loss: 0.0666 test_mae: 0.0666
train: {'epoch': 488, 'time_epoch': 9.88569, 'eta': 106.86548, 'eta_hours': 0.02968, 'loss': 0.01084823, 'lr': 1.75e-06, 'params': 479627, 'time_iter': 0.0117, 'mae': 0.01085, 'r2': 0.96772, 'spearmanr': 0.98811, 'mse': 0.00104, 'rmse': 0.03223}
val: {'epoch': 488, 'time_epoch': 0.49077, 'loss': 0.07758019, 'lr': 0, 'params': 479627, 'time_iter': 0.00496, 'mae': 0.07758, 'r2': 0.53591, 'spearmanr': 0.79088, 'mse': 0.01666, 'rmse': 0.12906}
test: {'epoch': 488, 'time_epoch': 0.33053, 'loss': 0.10694428, 'lr': 0, 'params': 479627, 'time_iter': 0.00501, 'mae': 0.10694, 'r2': 0.39092, 'spearmanr': 0.70543, 'mse': 0.02478, 'rmse': 0.1574}
> Epoch 488: took 10.7s (avg 10.6s) | Best so far: epoch 31	train_loss: 0.0583 train_mae: 0.0583	val_loss: 0.0572 val_mae: 0.0571	test_loss: 0.0666 test_mae: 0.0666
train: {'epoch': 489, 'time_epoch': 9.39033, 'eta': 97.14381, 'eta_hours': 0.02698, 'loss': 0.01096872, 'lr': 1.47e-06, 'params': 479627, 'time_iter': 0.01111, 'mae': 0.01097, 'r2': 0.96758, 'spearmanr': 0.98793, 'mse': 0.00104, 'rmse': 0.0323}
val: {'epoch': 489, 'time_epoch': 0.49573, 'loss': 0.07827192, 'lr': 0, 'params': 479627, 'time_iter': 0.00501, 'mae': 0.07827, 'r2': 0.53523, 'spearmanr': 0.7891, 'mse': 0.01668, 'rmse': 0.12915}
test: {'epoch': 489, 'time_epoch': 0.33009, 'loss': 0.10651132, 'lr': 0, 'params': 479627, 'time_iter': 0.005, 'mae': 0.10651, 'r2': 0.39271, 'spearmanr': 0.69926, 'mse': 0.0247, 'rmse': 0.15717}
> Epoch 489: took 10.2s (avg 10.6s) | Best so far: epoch 31	train_loss: 0.0583 train_mae: 0.0583	val_loss: 0.0572 val_mae: 0.0571	test_loss: 0.0666 test_mae: 0.0666
train: {'epoch': 490, 'time_epoch': 9.62703, 'eta': 87.42783, 'eta_hours': 0.02429, 'loss': 0.01097341, 'lr': 1.22e-06, 'params': 479627, 'time_iter': 0.01139, 'mae': 0.01097, 'r2': 0.96744, 'spearmanr': 0.98788, 'mse': 0.00105, 'rmse': 0.03237}
val: {'epoch': 490, 'time_epoch': 0.4968, 'loss': 0.07828427, 'lr': 0, 'params': 479627, 'time_iter': 0.00502, 'mae': 0.07828, 'r2': 0.52542, 'spearmanr': 0.78874, 'mse': 0.01703, 'rmse': 0.13051}
test: {'epoch': 490, 'time_epoch': 0.32755, 'loss': 0.10720293, 'lr': 0, 'params': 479627, 'time_iter': 0.00496, 'mae': 0.1072, 'r2': 0.39006, 'spearmanr': 0.70891, 'mse': 0.02481, 'rmse': 0.15751}
> Epoch 490: took 10.5s (avg 10.6s) | Best so far: epoch 31	train_loss: 0.0583 train_mae: 0.0583	val_loss: 0.0572 val_mae: 0.0571	test_loss: 0.0666 test_mae: 0.0666
train: {'epoch': 491, 'time_epoch': 9.39937, 'eta': 77.7085, 'eta_hours': 0.02159, 'loss': 0.01101886, 'lr': 9.9e-07, 'params': 479627, 'time_iter': 0.01112, 'mae': 0.01102, 'r2': 0.96742, 'spearmanr': 0.98775, 'mse': 0.00105, 'rmse': 0.03238}
val: {'epoch': 491, 'time_epoch': 0.49311, 'loss': 0.07846527, 'lr': 0, 'params': 479627, 'time_iter': 0.00498, 'mae': 0.07847, 'r2': 0.52768, 'spearmanr': 0.78912, 'mse': 0.01695, 'rmse': 0.1302}
test: {'epoch': 491, 'time_epoch': 0.32966, 'loss': 0.10745175, 'lr': 0, 'params': 479627, 'time_iter': 0.00499, 'mae': 0.10745, 'r2': 0.38874, 'spearmanr': 0.70464, 'mse': 0.02486, 'rmse': 0.15768}
> Epoch 491: took 10.2s (avg 10.6s) | Best so far: epoch 31	train_loss: 0.0583 train_mae: 0.0583	val_loss: 0.0572 val_mae: 0.0571	test_loss: 0.0666 test_mae: 0.0666
train: {'epoch': 492, 'time_epoch': 9.42904, 'eta': 67.9909, 'eta_hours': 0.01889, 'loss': 0.01091292, 'lr': 7.8e-07, 'params': 479627, 'time_iter': 0.01116, 'mae': 0.01091, 'r2': 0.96784, 'spearmanr': 0.98804, 'mse': 0.00103, 'rmse': 0.03217}
val: {'epoch': 492, 'time_epoch': 0.49544, 'loss': 0.07808984, 'lr': 0, 'params': 479627, 'time_iter': 0.005, 'mae': 0.07809, 'r2': 0.53349, 'spearmanr': 0.78894, 'mse': 0.01674, 'rmse': 0.1294}
test: {'epoch': 492, 'time_epoch': 0.32975, 'loss': 0.10582893, 'lr': 0, 'params': 479627, 'time_iter': 0.005, 'mae': 0.10583, 'r2': 0.39807, 'spearmanr': 0.70255, 'mse': 0.02448, 'rmse': 0.15648}
> Epoch 492: took 10.3s (avg 10.6s) | Best so far: epoch 31	train_loss: 0.0583 train_mae: 0.0583	val_loss: 0.0572 val_mae: 0.0571	test_loss: 0.0666 test_mae: 0.0666
train: {'epoch': 493, 'time_epoch': 9.73618, 'eta': 58.2782, 'eta_hours': 0.01619, 'loss': 0.01091067, 'lr': 6e-07, 'params': 479627, 'time_iter': 0.01152, 'mae': 0.01091, 'r2': 0.96767, 'spearmanr': 0.98803, 'mse': 0.00104, 'rmse': 0.03225}
val: {'epoch': 493, 'time_epoch': 0.48661, 'loss': 0.07833032, 'lr': 0, 'params': 479627, 'time_iter': 0.00492, 'mae': 0.07833, 'r2': 0.52787, 'spearmanr': 0.78669, 'mse': 0.01694, 'rmse': 0.13017}
test: {'epoch': 493, 'time_epoch': 0.32294, 'loss': 0.10694863, 'lr': 0, 'params': 479627, 'time_iter': 0.00489, 'mae': 0.10695, 'r2': 0.39151, 'spearmanr': 0.70211, 'mse': 0.02475, 'rmse': 0.15733}
> Epoch 493: took 10.6s (avg 10.6s) | Best so far: epoch 31	train_loss: 0.0583 train_mae: 0.0583	val_loss: 0.0572 val_mae: 0.0571	test_loss: 0.0666 test_mae: 0.0666
train: {'epoch': 494, 'time_epoch': 9.67706, 'eta': 48.5648, 'eta_hours': 0.01349, 'loss': 0.01090763, 'lr': 4.4e-07, 'params': 479627, 'time_iter': 0.01145, 'mae': 0.01091, 'r2': 0.96768, 'spearmanr': 0.98796, 'mse': 0.00104, 'rmse': 0.03225}
val: {'epoch': 494, 'time_epoch': 0.49942, 'loss': 0.07773811, 'lr': 0, 'params': 479627, 'time_iter': 0.00504, 'mae': 0.07774, 'r2': 0.52956, 'spearmanr': 0.79005, 'mse': 0.01688, 'rmse': 0.12994}
test: {'epoch': 494, 'time_epoch': 0.32954, 'loss': 0.10687104, 'lr': 0, 'params': 479627, 'time_iter': 0.00499, 'mae': 0.10687, 'r2': 0.38951, 'spearmanr': 0.70419, 'mse': 0.02483, 'rmse': 0.15758}
> Epoch 494: took 10.5s (avg 10.6s) | Best so far: epoch 31	train_loss: 0.0583 train_mae: 0.0583	val_loss: 0.0572 val_mae: 0.0571	test_loss: 0.0666 test_mae: 0.0666
train: {'epoch': 495, 'time_epoch': 10.20228, 'eta': 38.85579, 'eta_hours': 0.01079, 'loss': 0.01095255, 'lr': 3e-07, 'params': 479627, 'time_iter': 0.01207, 'mae': 0.01095, 'r2': 0.96751, 'spearmanr': 0.9879, 'mse': 0.00105, 'rmse': 0.03234}
val: {'epoch': 495, 'time_epoch': 0.49393, 'loss': 0.07760576, 'lr': 0, 'params': 479627, 'time_iter': 0.00499, 'mae': 0.07761, 'r2': 0.53687, 'spearmanr': 0.79007, 'mse': 0.01662, 'rmse': 0.12893}
test: {'epoch': 495, 'time_epoch': 0.32872, 'loss': 0.10514386, 'lr': 0, 'params': 479627, 'time_iter': 0.00498, 'mae': 0.10514, 'r2': 0.40303, 'spearmanr': 0.70562, 'mse': 0.02428, 'rmse': 0.15583}
> Epoch 495: took 11.0s (avg 10.6s) | Best so far: epoch 31	train_loss: 0.0583 train_mae: 0.0583	val_loss: 0.0572 val_mae: 0.0571	test_loss: 0.0666 test_mae: 0.0666
train: {'epoch': 496, 'time_epoch': 9.94085, 'eta': 29.14321, 'eta_hours': 0.0081, 'loss': 0.01089535, 'lr': 1.9e-07, 'params': 479627, 'time_iter': 0.01176, 'mae': 0.0109, 'r2': 0.96769, 'spearmanr': 0.98805, 'mse': 0.00104, 'rmse': 0.03225}
val: {'epoch': 496, 'time_epoch': 0.49737, 'loss': 0.07803649, 'lr': 0, 'params': 479627, 'time_iter': 0.00502, 'mae': 0.07804, 'r2': 0.5332, 'spearmanr': 0.78893, 'mse': 0.01675, 'rmse': 0.12944}
test: {'epoch': 496, 'time_epoch': 0.33065, 'loss': 0.10627594, 'lr': 0, 'params': 479627, 'time_iter': 0.00501, 'mae': 0.10628, 'r2': 0.39559, 'spearmanr': 0.70387, 'mse': 0.02459, 'rmse': 0.1568}
> Epoch 496: took 10.8s (avg 10.6s) | Best so far: epoch 31	train_loss: 0.0583 train_mae: 0.0583	val_loss: 0.0572 val_mae: 0.0571	test_loss: 0.0666 test_mae: 0.0666
train: {'epoch': 497, 'time_epoch': 9.53609, 'eta': 19.42809, 'eta_hours': 0.0054, 'loss': 0.01100715, 'lr': 1.1e-07, 'params': 479627, 'time_iter': 0.01129, 'mae': 0.01101, 'r2': 0.96734, 'spearmanr': 0.98788, 'mse': 0.00105, 'rmse': 0.03242}
val: {'epoch': 497, 'time_epoch': 0.49915, 'loss': 0.07866844, 'lr': 0, 'params': 479627, 'time_iter': 0.00504, 'mae': 0.07867, 'r2': 0.52226, 'spearmanr': 0.78663, 'mse': 0.01715, 'rmse': 0.13094}
test: {'epoch': 497, 'time_epoch': 0.3305, 'loss': 0.10932145, 'lr': 0, 'params': 479627, 'time_iter': 0.00501, 'mae': 0.10932, 'r2': 0.37584, 'spearmanr': 0.70412, 'mse': 0.02539, 'rmse': 0.15934}
> Epoch 497: took 10.4s (avg 10.6s) | Best so far: epoch 31	train_loss: 0.0583 train_mae: 0.0583	val_loss: 0.0572 val_mae: 0.0571	test_loss: 0.0666 test_mae: 0.0666
train: {'epoch': 498, 'time_epoch': 9.9087, 'eta': 9.71444, 'eta_hours': 0.0027, 'loss': 0.01095355, 'lr': 5e-08, 'params': 479627, 'time_iter': 0.01173, 'mae': 0.01095, 'r2': 0.96746, 'spearmanr': 0.98779, 'mse': 0.00105, 'rmse': 0.03236}
val: {'epoch': 498, 'time_epoch': 0.494, 'loss': 0.07819026, 'lr': 0, 'params': 479627, 'time_iter': 0.00499, 'mae': 0.07819, 'r2': 0.53548, 'spearmanr': 0.7896, 'mse': 0.01667, 'rmse': 0.12912}
test: {'epoch': 498, 'time_epoch': 0.3259, 'loss': 0.10632712, 'lr': 0, 'params': 479627, 'time_iter': 0.00494, 'mae': 0.10633, 'r2': 0.39615, 'spearmanr': 0.70657, 'mse': 0.02456, 'rmse': 0.15672}
> Epoch 498: took 10.7s (avg 10.6s) | Best so far: epoch 31	train_loss: 0.0583 train_mae: 0.0583	val_loss: 0.0572 val_mae: 0.0571	test_loss: 0.0666 test_mae: 0.0666
train: {'epoch': 499, 'time_epoch': 10.05076, 'eta': 0.0, 'eta_hours': 0.0, 'loss': 0.01093236, 'lr': 1e-08, 'params': 479627, 'time_iter': 0.01189, 'mae': 0.01093, 'r2': 0.96764, 'spearmanr': 0.98793, 'mse': 0.00104, 'rmse': 0.03227}
val: {'epoch': 499, 'time_epoch': 0.49111, 'loss': 0.07801349, 'lr': 0, 'params': 479627, 'time_iter': 0.00496, 'mae': 0.07801, 'r2': 0.52748, 'spearmanr': 0.78887, 'mse': 0.01696, 'rmse': 0.13023}
test: {'epoch': 499, 'time_epoch': 0.32963, 'loss': 0.10747418, 'lr': 0, 'params': 479627, 'time_iter': 0.00499, 'mae': 0.10747, 'r2': 0.3856, 'spearmanr': 0.70401, 'mse': 0.02499, 'rmse': 0.15809}
> Epoch 499: took 10.9s (avg 10.6s) | Best so far: epoch 31	train_loss: 0.0583 train_mae: 0.0583	val_loss: 0.0572 val_mae: 0.0571	test_loss: 0.0666 test_mae: 0.0666
Avg time per epoch: 10.56s
Total train loop time: 1.47h
Task done, results saved in results/hospitalbilling-GPSwGraphormer-ckptbest/0
31
{'epoch': 31, 'time_epoch': 0.32735, 'loss': 0.06661542, 'lr': 0, 'params': 479627, 'time_iter': 0.00496, 'mae': 0.06662, 'r2': 0.64259, 'spearmanr': 0.80602, 'mse': 0.01454, 'rmse': 0.12058}
{'epoch': 31, 'time_epoch': 9.40371, 'eta': 4539.53171, 'eta_hours': 1.26098, 'loss': 0.05826603, 'lr': 0.00062, 'params': 479627, 'time_iter': 0.01113, 'mae': 0.05827, 'r2': 0.73148, 'spearmanr': 0.8443, 'mse': 0.00864, 'rmse': 0.09295}
{'epoch': 31, 'time_epoch': 0.49592, 'loss': 0.05715067, 'lr': 0, 'params': 479627, 'time_iter': 0.00501, 'mae': 0.05715, 'r2': 0.704, 'spearmanr': 0.84207, 'mse': 0.01062, 'rmse': 0.10307}
Results aggregated across runs saved in results/hospitalbilling-GPSwGraphormer-ckptbest/agg
[*] All done: 2026-09-09 05:47:16.314478
