/home/padela/anaconda3/envs/graphgps/lib/python3.10/site-packages/lightning_fabric/__init__.py:40: pkg_resources is deprecated as an API. See https://setuptools.pypa.io/en/latest/pkg_resources.html. The pkg_resources package is slated for removal as early as 2025-11-30. Refrain from using this package or pin to Setuptools<81.
[*] Run ID 0: seed=42, split_index=0
    Starting now: 2026-09-09 10:45:30.199614
Processing...
  0%|          | 0/7931 [00:00<?, ?it/s]Processing train dataset:   0%|          | 0/7931 [00:00<?, ?it/s]Processing train dataset:  73%|███████▎  | 5782/7931 [00:00<00:00, 57810.41it/s]Processing train dataset: 100%|██████████| 7931/7931 [00:00<00:00, 58170.69it/s]
  0%|          | 0/1676 [00:00<?, ?it/s]Processing val dataset:   0%|          | 0/1676 [00:00<?, ?it/s]Processing val dataset: 100%|██████████| 1676/1676 [00:00<00:00, 58437.76it/s]
  0%|          | 0/916 [00:00<?, ?it/s]Processing test dataset:   0%|          | 0/916 [00:00<?, ?it/s]Processing test dataset: 100%|██████████| 916/916 [00:00<00:00, 60401.88it/s]
Done!
[*] Loaded dataset 'HELPDESKV2cycletimeprediction' from 'PyG-EVENTHelpDeskV2':
/home/padela/anaconda3/envs/graphgps/lib/python3.10/site-packages/torch_geometric/data/in_memory_dataset.py:284: UserWarning: It is not recommended to directly access the internal storage format `data` of an 'InMemoryDataset'. If you are absolutely certain what you are doing, access the internal storage via `InMemoryDataset._data` instead to suppress this warning. Alternatively, you can access stacked individual attributes of every graph via `dataset.{attr_name}`.
  warnings.warn(msg)
  Data(x=[28016, 1], edge_index=[2, 20994], edge_attr=[20994, 36], y=[10523], cid=[10523], pl=[10523])
  undirected: False
  num graphs: 10523
/home/padela/anaconda3/envs/graphgps/lib/python3.10/site-packages/torch_geometric/data/in_memory_dataset.py:284: UserWarning: It is not recommended to directly access the internal storage format `data` of an 'InMemoryDataset'. The data of the dataset is already cached, so any modifications to `data` will not be reflected when accessing its elements. Clearing the cache now by removing all elements in `dataset._data_list`. If you are absolutely certain what you are doing, access the internal storage via `InMemoryDataset._data` instead to suppress this warning. Alternatively, you can access stacked individual attributes of every graph via `dataset.{attr_name}`.
  warnings.warn(msg)
  avg num_nodes/graph: 2
  num node features: 1
  num edge features: 36
  num classes: (appears to be a regression task)
Parsed RWSE PE kernel times / steps: [1, 2, 3, 4, 5, 6, 7, 8, 9, 10, 11, 12, 13]
Precomputing Positional Encoding statistics: ['GraphormerBias', 'LapPE', 'RWSE'] for all graphs...
  ...estimated to be undirected: False
  0%|          | 0/10523 [00:00<?, ?it/s]100%|██████████| 10523/10523 [00:06<00:00, 1562.78it/s]
Done! Took 00:00:06.90
GraphGymModule(
  (model): GPSModel(
    (encoder): FeatureEncoder(
      (node_encoder): Concat3NodeEncoder(
        (encoder1): TypeDictNodeEncoder(
          (encoder): Embedding(14, 56)
        )
        (encoder2): GraphormerEncoder(
          (0): NodeEncoder(
            (in_degree_encoder): Embedding(14, 56)
            (out_degree_encoder): Embedding(14, 56)
            (input_dropout): Dropout(p=0.0, inplace=False)
          )
        )
        (encoder3): RWSENodeEncoder(
          (raw_norm): BatchNorm1d(13, eps=1e-05, momentum=0.1, affine=True, track_running_stats=True)
          (pe_encoder): Linear(in_features=13, out_features=8, bias=True)
        )
      )
      (node_encoder_bn): BatchNorm1dNode(
        (bn): BatchNorm1d(64, eps=1e-05, momentum=0.1, affine=True, track_running_stats=True)
      )
      (edge_encoder): TwoLayerLinearEdgeEncoder(
        (encoder1): Linear(in_features=36, out_features=50, bias=True)
        (encoder2): Linear(in_features=50, out_features=64, bias=True)
      )
      (edge_encoder_bn): BatchNorm1dNode(
        (bn): BatchNorm1d(64, eps=1e-05, momentum=0.1, affine=True, track_running_stats=True)
      )
    )
    (layers): Sequential(
      (0): GPSLayer(
        summary: dim_h=64, local_gnn_type=GINE, global_model_type=Transformer, heads=8
        (local_model): GINEConv(nn=Sequential(
          (0): Linear(64, 64, bias=True)
          (1): ReLU()
          (2): Linear(64, 64, bias=True)
        ))
        (self_attn): MultiheadAttention(
          (out_proj): NonDynamicallyQuantizableLinear(in_features=64, out_features=64, bias=True)
        )
        (norm1_local): BatchNorm1d(64, eps=1e-05, momentum=0.1, affine=True, track_running_stats=True)
        (norm1_attn): BatchNorm1d(64, eps=1e-05, momentum=0.1, affine=True, track_running_stats=True)
        (dropout_local): Dropout(p=0.0, inplace=False)
        (dropout_attn): Dropout(p=0.0, inplace=False)
        (ff_linear1): Linear(in_features=64, out_features=128, bias=True)
        (ff_linear2): Linear(in_features=128, out_features=64, bias=True)
        (act_fn_ff): ReLU()
        (norm2): BatchNorm1d(64, eps=1e-05, momentum=0.1, affine=True, track_running_stats=True)
        (ff_dropout1): Dropout(p=0.0, inplace=False)
        (ff_dropout2): Dropout(p=0.0, inplace=False)
      )
      (1): GPSLayer(
        summary: dim_h=64, local_gnn_type=GINE, global_model_type=Transformer, heads=8
        (local_model): GINEConv(nn=Sequential(
          (0): Linear(64, 64, bias=True)
          (1): ReLU()
          (2): Linear(64, 64, bias=True)
        ))
        (self_attn): MultiheadAttention(
          (out_proj): NonDynamicallyQuantizableLinear(in_features=64, out_features=64, bias=True)
        )
        (norm1_local): BatchNorm1d(64, eps=1e-05, momentum=0.1, affine=True, track_running_stats=True)
        (norm1_attn): BatchNorm1d(64, eps=1e-05, momentum=0.1, affine=True, track_running_stats=True)
        (dropout_local): Dropout(p=0.0, inplace=False)
        (dropout_attn): Dropout(p=0.0, inplace=False)
        (ff_linear1): Linear(in_features=64, out_features=128, bias=True)
        (ff_linear2): Linear(in_features=128, out_features=64, bias=True)
        (act_fn_ff): ReLU()
        (norm2): BatchNorm1d(64, eps=1e-05, momentum=0.1, affine=True, track_running_stats=True)
        (ff_dropout1): Dropout(p=0.0, inplace=False)
        (ff_dropout2): Dropout(p=0.0, inplace=False)
      )
      (2): GPSLayer(
        summary: dim_h=64, local_gnn_type=GINE, global_model_type=Transformer, heads=8
        (local_model): GINEConv(nn=Sequential(
          (0): Linear(64, 64, bias=True)
          (1): ReLU()
          (2): Linear(64, 64, bias=True)
        ))
        (self_attn): MultiheadAttention(
          (out_proj): NonDynamicallyQuantizableLinear(in_features=64, out_features=64, bias=True)
        )
        (norm1_local): BatchNorm1d(64, eps=1e-05, momentum=0.1, affine=True, track_running_stats=True)
        (norm1_attn): BatchNorm1d(64, eps=1e-05, momentum=0.1, affine=True, track_running_stats=True)
        (dropout_local): Dropout(p=0.0, inplace=False)
        (dropout_attn): Dropout(p=0.0, inplace=False)
        (ff_linear1): Linear(in_features=64, out_features=128, bias=True)
        (ff_linear2): Linear(in_features=128, out_features=64, bias=True)
        (act_fn_ff): ReLU()
        (norm2): BatchNorm1d(64, eps=1e-05, momentum=0.1, affine=True, track_running_stats=True)
        (ff_dropout1): Dropout(p=0.0, inplace=False)
        (ff_dropout2): Dropout(p=0.0, inplace=False)
      )
      (3): GPSLayer(
        summary: dim_h=64, local_gnn_type=GINE, global_model_type=Transformer, heads=8
        (local_model): GINEConv(nn=Sequential(
          (0): Linear(64, 64, bias=True)
          (1): ReLU()
          (2): Linear(64, 64, bias=True)
        ))
        (self_attn): MultiheadAttention(
          (out_proj): NonDynamicallyQuantizableLinear(in_features=64, out_features=64, bias=True)
        )
        (norm1_local): BatchNorm1d(64, eps=1e-05, momentum=0.1, affine=True, track_running_stats=True)
        (norm1_attn): BatchNorm1d(64, eps=1e-05, momentum=0.1, affine=True, track_running_stats=True)
        (dropout_local): Dropout(p=0.0, inplace=False)
        (dropout_attn): Dropout(p=0.0, inplace=False)
        (ff_linear1): Linear(in_features=64, out_features=128, bias=True)
        (ff_linear2): Linear(in_features=128, out_features=64, bias=True)
        (act_fn_ff): ReLU()
        (norm2): BatchNorm1d(64, eps=1e-05, momentum=0.1, affine=True, track_running_stats=True)
        (ff_dropout1): Dropout(p=0.0, inplace=False)
        (ff_dropout2): Dropout(p=0.0, inplace=False)
      )
      (4): GPSLayer(
        summary: dim_h=64, local_gnn_type=GINE, global_model_type=Transformer, heads=8
        (local_model): GINEConv(nn=Sequential(
          (0): Linear(64, 64, bias=True)
          (1): ReLU()
          (2): Linear(64, 64, bias=True)
        ))
        (self_attn): MultiheadAttention(
          (out_proj): NonDynamicallyQuantizableLinear(in_features=64, out_features=64, bias=True)
        )
        (norm1_local): BatchNorm1d(64, eps=1e-05, momentum=0.1, affine=True, track_running_stats=True)
        (norm1_attn): BatchNorm1d(64, eps=1e-05, momentum=0.1, affine=True, track_running_stats=True)
        (dropout_local): Dropout(p=0.0, inplace=False)
        (dropout_attn): Dropout(p=0.0, inplace=False)
        (ff_linear1): Linear(in_features=64, out_features=128, bias=True)
        (ff_linear2): Linear(in_features=128, out_features=64, bias=True)
        (act_fn_ff): ReLU()
        (norm2): BatchNorm1d(64, eps=1e-05, momentum=0.1, affine=True, track_running_stats=True)
        (ff_dropout1): Dropout(p=0.0, inplace=False)
        (ff_dropout2): Dropout(p=0.0, inplace=False)
      )
    )
    (post_mp): SANGraphHead(
      (FC_layers): ModuleList(
        (0): Linear(in_features=64, out_features=32, bias=True)
        (1): Linear(in_features=32, out_features=16, bias=True)
        (2): Linear(in_features=16, out_features=1, bias=True)
      )
      (activation): ReLU()
    )
  )
)
accelerator: cuda
benchmark: False
bn:
  eps: 1e-05
  mom: 0.1
cfg_dest: config.yaml
custom_metrics: []
dataset:
  cache_load: False
  cache_save: False
  dir: ./datasets
  edge_dim: 128
  edge_encoder: True
  edge_encoder_bn: True
  edge_encoder_name: TwoLayerLinearEdge
  edge_encoder_num_types: 0
  edge_message_ratio: 0.8
  edge_negative_sampling_ratio: 1.0
  edge_train_mode: all
  encoder: True
  encoder_bn: True
  encoder_dim: 128
  encoder_name: db
  format: PyG-EVENTHelpDeskV2
  infer_link_label: None
  label_column: none
  label_table: none
  location: local
  max_traces: None
  max_traces_test: None
  max_traces_train: None
  max_traces_val: None
  name: HELPDESKV2cycletimeprediction
  node_encoder: True
  node_encoder_bn: True
  node_encoder_name: TypeDictNode+GraphormerBias+RWSE
  node_encoder_num_types: 14
  random_seed: 42
  remove_feature: False
  resample_disjoint: False
  resample_negative: False
  shuffle_split: True
  slic_compactness: 10
  split: [0.8, 0.1, 0.1]
  split_dir: ./splits
  split_index: 0
  split_mode: standard
  task: graph
  task_type: regression
  to_undirected: False
  transductive: False
  transform: none
  tu_simple: True
devices: 1
example_arg: example
example_group:
  example_arg: example
gnn:
  act: relu
  agg: mean
  att_final_linear: False
  att_final_linear_bn: False
  att_heads: 1
  batchnorm: True
  clear_feature: True
  dim_edge: 64
  dim_inner: 64
  dropout: 0.0
  head: san_graph
  keep_edge: 0.5
  l2norm: True
  layer_type: generalconv
  layers_mp: 2
  layers_post_mp: 3
  layers_pre_mp: 0
  msg_direction: single
  normalize_adj: False
  residual: False
  self_msg: concat
  skip_every: 1
  stage_type: stack
gpu_mem: False
graphormer:
  attention_dropout: 0.0
  dropout: 0.0
  embed_dim: 80
  input_dropout: 0.0
  mlp_dropout: 0.0
  num_heads: 4
  num_layers: 6
  use_graph_token: False
gt:
  attn_dropout: 0.5
  batch_norm: True
  bigbird:
    add_cross_attention: False
    attention_type: block_sparse
    block_size: 3
    chunk_size_feed_forward: 0
    hidden_act: relu
    is_decoder: False
    layer_norm_eps: 1e-06
    max_position_embeddings: 128
    num_random_blocks: 3
    use_bias: False
  dim_hidden: 64
  dropout: 0.0
  full_graph: True
  gamma: 1e-05
  layer_norm: False
  layer_type: GINE+Transformer
  layers: 5
  n_heads: 8
  pna_degrees: []
  residual: True
mem:
  inplace: False
metric_agg: argmin
metric_best: mae
model:
  edge_decoding: dot
  graph_pooling: add
  loss_fun: l1
  match_upper: True
  size_average: mean
  thresh: 0.5
  type: GPSModel
name_tag: 
num_threads: 6
num_workers: 0
optim:
  base_lr: 0.001
  batch_accumulation: 1
  clip_grad_norm: True
  clip_grad_norm_value: 1.0
  lr_decay: 0.1
  max_epoch: 500
  min_lr: 0.0
  momentum: 0.9
  num_warmup_epochs: 50
  optimizer: adamW
  reduce_factor: 0.1
  schedule_patience: 10
  scheduler: cosine_with_warmup
  steps: [30, 60, 90]
  weight_decay: 1e-05
out_dir: results/helpdeskv2-GPSwGraphormer-ckptbest
posenc_ElstaticSE:
  dim_pe: 16
  enable: False
  kernel:
    times: []
    times_func: range(10)
  layers: 3
  model: none
  n_heads: 4
  pass_as_var: False
  post_layers: 0
  raw_norm_type: none
posenc_EquivStableLapPE:
  eigen:
    eigvec_norm: L2
    laplacian_norm: sym
    max_freqs: 10
  enable: False
  raw_norm_type: none
posenc_GraphormerBias:
  dim_pe: 0
  enable: True
  node_degrees_only: True
  num_in_degrees: 14
  num_out_degrees: 14
  num_spatial_types: 32
posenc_HKdiagSE:
  dim_pe: 16
  enable: False
  kernel:
    times: []
    times_func: 
  layers: 3
  model: none
  n_heads: 4
  pass_as_var: False
  post_layers: 0
  raw_norm_type: none
posenc_LapPE:
  dim_pe: 8
  eigen:
    eigvec_norm: L2
    laplacian_norm: none
    max_freqs: 1
  enable: True
  layers: 2
  model: DeepSet
  n_heads: 4
  pass_as_var: False
  post_layers: 0
  raw_norm_type: none
posenc_RWSE:
  dim_pe: 8
  enable: True
  kernel:
    times: [1, 2, 3, 4, 5, 6, 7, 8, 9, 10, 11, 12, 13]
    times_func: range(1,14)
  layers: 3
  model: Linear
  n_heads: 4
  pass_as_var: False
  post_layers: 0
  raw_norm_type: BatchNorm
posenc_SignNet:
  dim_pe: 16
  eigen:
    eigvec_norm: L2
    laplacian_norm: sym
    max_freqs: 10
  enable: False
  layers: 3
  model: none
  n_heads: 4
  pass_as_var: False
  phi_hidden_dim: 64
  phi_out_dim: 4
  post_layers: 0
  raw_norm_type: none
pretrained:
  dir: 
  freeze_main: False
  reset_prediction_head: True
print: both
round: 5
run_dir: results/helpdeskv2-GPSwGraphormer-ckptbest/0
run_id: 0
run_multiple_splits: [0]
seed: 42
share:
  dim_in: 1
  dim_out: 1
  num_splits: 3
tensorboard_agg: True
tensorboard_each_run: False
train:
  auto_resume: False
  batch_size: 32
  ckpt_best: True
  ckpt_clean: True
  ckpt_period: 100
  enable_ckpt: True
  epoch_resume: -1
  eval_period: 1
  iter_per_epoch: 32
  mode: custom
  neighbor_sizes: [20, 15, 10, 5]
  node_per_graph: 32
  radius: extend
  sample_node: False
  sampler: full_batch
  skip_train_eval: False
  walk_length: 4
val:
  node_per_graph: 32
  radius: extend
  sample_node: False
  sampler: full_batch
view_emb: False
wandb:
  entity: gtransformers
  name: 
  project: HELPDESKV2
  use: False
Num parameters: 220085
Start from epoch 0
train: {'epoch': 0, 'time_epoch': 3.49187, 'eta': 1742.44321, 'eta_hours': 0.48401, 'loss': 0.21009437, 'lr': 0.0, 'params': 220085, 'time_iter': 0.01408, 'mae': 0.21009, 'r2': -2.4694, 'spearmanr': -0.00619, 'mse': 0.0685, 'rmse': 0.26173}
...computing epoch stats took: 0.00s
val: {'epoch': 0, 'time_epoch': 0.37541, 'loss': 0.216737, 'lr': 0, 'params': 220085, 'time_iter': 0.00708, 'mae': 0.21674, 'r2': -2.79954, 'spearmanr': -0.04467, 'mse': 0.07059, 'rmse': 0.26569}
...computing epoch stats took: 0.00s
test: {'epoch': 0, 'time_epoch': 0.19717, 'loss': 0.22403901, 'lr': 0, 'params': 220085, 'time_iter': 0.0068, 'mae': 0.22404, 'r2': -2.90127, 'spearmanr': -0.03155, 'mse': 0.07652, 'rmse': 0.27662}
...computing epoch stats took: 0.00s
> Epoch 0: took 4.1s (avg 4.1s) | Best so far: epoch 0	train_loss: 0.2101 train_mae: 0.2101	val_loss: 0.2167 val_mae: 0.2167	test_loss: 0.2240 test_mae: 0.2240
train: {'epoch': 1, 'time_epoch': 2.60591, 'eta': 1518.34668, 'eta_hours': 0.42176, 'loss': 0.14418758, 'lr': 2e-05, 'params': 220085, 'time_iter': 0.01051, 'mae': 0.14419, 'r2': -0.65799, 'spearmanr': -0.00481, 'mse': 0.03274, 'rmse': 0.18093}
...computing epoch stats took: 0.00s
val: {'epoch': 1, 'time_epoch': 0.27055, 'loss': 0.12045651, 'lr': 0, 'params': 220085, 'time_iter': 0.0051, 'mae': 0.12046, 'r2': -0.16792, 'spearmanr': 0.01961, 'mse': 0.0217, 'rmse': 0.14731}
...computing epoch stats took: 0.00s
test: {'epoch': 1, 'time_epoch': 0.13649, 'loss': 0.1282189, 'lr': 0, 'params': 220085, 'time_iter': 0.00471, 'mae': 0.12822, 'r2': -0.32863, 'spearmanr': 0.00201, 'mse': 0.02606, 'rmse': 0.16143}
...computing epoch stats took: 0.00s
> Epoch 1: took 3.0s (avg 3.5s) | Best so far: epoch 1	train_loss: 0.1442 train_mae: 0.1442	val_loss: 0.1205 val_mae: 0.1205	test_loss: 0.1282 test_mae: 0.1282
train: {'epoch': 2, 'time_epoch': 2.8133, 'eta': 1476.26827, 'eta_hours': 0.41007, 'loss': 0.12943128, 'lr': 4e-05, 'params': 220085, 'time_iter': 0.01134, 'mae': 0.12943, 'r2': -0.28004, 'spearmanr': 0.01886, 'mse': 0.02527, 'rmse': 0.15898}
...computing epoch stats took: 0.00s
val: {'epoch': 2, 'time_epoch': 0.25779, 'loss': 0.11937445, 'lr': 0, 'params': 220085, 'time_iter': 0.00486, 'mae': 0.11937, 'r2': -0.14718, 'spearmanr': 0.04644, 'mse': 0.02131, 'rmse': 0.14599}
...computing epoch stats took: 0.00s
test: {'epoch': 2, 'time_epoch': 0.14979, 'loss': 0.1268279, 'lr': 0, 'params': 220085, 'time_iter': 0.00517, 'mae': 0.12683, 'r2': -0.26595, 'spearmanr': 0.00582, 'mse': 0.02483, 'rmse': 0.15758}
...computing epoch stats took: 0.00s
> Epoch 2: took 3.2s (avg 3.4s) | Best so far: epoch 2	train_loss: 0.1294 train_mae: 0.1294	val_loss: 0.1194 val_mae: 0.1194	test_loss: 0.1268 test_mae: 0.1268
train: {'epoch': 3, 'time_epoch': 2.704, 'eta': 1440.2697, 'eta_hours': 0.40007, 'loss': 0.12699862, 'lr': 6e-05, 'params': 220085, 'time_iter': 0.0109, 'mae': 0.127, 'r2': -0.18839, 'spearmanr': 0.02486, 'mse': 0.02346, 'rmse': 0.15318}
val: {'epoch': 3, 'time_epoch': 0.25706, 'loss': 0.11962707, 'lr': 0, 'params': 220085, 'time_iter': 0.00485, 'mae': 0.11963, 'r2': -0.12084, 'spearmanr': 0.0497, 'mse': 0.02082, 'rmse': 0.14431}
test: {'epoch': 3, 'time_epoch': 0.13627, 'loss': 0.12715514, 'lr': 0, 'params': 220085, 'time_iter': 0.0047, 'mae': 0.12716, 'r2': -0.23072, 'spearmanr': 0.05305, 'mse': 0.02414, 'rmse': 0.15537}
> Epoch 3: took 3.1s (avg 3.4s) | Best so far: epoch 2	train_loss: 0.1294 train_mae: 0.1294	val_loss: 0.1194 val_mae: 0.1194	test_loss: 0.1268 test_mae: 0.1268
train: {'epoch': 4, 'time_epoch': 2.68799, 'eta': 1416.00328, 'eta_hours': 0.39333, 'loss': 0.12492628, 'lr': 8e-05, 'params': 220085, 'time_iter': 0.01084, 'mae': 0.12493, 'r2': -0.15032, 'spearmanr': 0.04121, 'mse': 0.02271, 'rmse': 0.15071}
val: {'epoch': 4, 'time_epoch': 0.24806, 'loss': 0.1192979, 'lr': 0, 'params': 220085, 'time_iter': 0.00468, 'mae': 0.1193, 'r2': -0.0744, 'spearmanr': 0.08227, 'mse': 0.01996, 'rmse': 0.14128}
test: {'epoch': 4, 'time_epoch': 0.14263, 'loss': 0.13088967, 'lr': 0, 'params': 220085, 'time_iter': 0.00492, 'mae': 0.13089, 'r2': -0.24388, 'spearmanr': 0.04769, 'mse': 0.0244, 'rmse': 0.1562}
> Epoch 4: took 3.1s (avg 3.3s) | Best so far: epoch 4	train_loss: 0.1249 train_mae: 0.1249	val_loss: 0.1193 val_mae: 0.1193	test_loss: 0.1309 test_mae: 0.1309
train: {'epoch': 5, 'time_epoch': 2.70922, 'eta': 1400.67837, 'eta_hours': 0.38908, 'loss': 0.1249846, 'lr': 0.0001, 'params': 220085, 'time_iter': 0.01092, 'mae': 0.12498, 'r2': -0.14515, 'spearmanr': 0.02245, 'mse': 0.02261, 'rmse': 0.15037}
val: {'epoch': 5, 'time_epoch': 0.27028, 'loss': 0.11877925, 'lr': 0, 'params': 220085, 'time_iter': 0.0051, 'mae': 0.11878, 'r2': -0.11215, 'spearmanr': 0.09432, 'mse': 0.02066, 'rmse': 0.14375}
test: {'epoch': 5, 'time_epoch': 0.14212, 'loss': 0.12654795, 'lr': 0, 'params': 220085, 'time_iter': 0.0049, 'mae': 0.12655, 'r2': -0.23954, 'spearmanr': 0.06914, 'mse': 0.02431, 'rmse': 0.15593}
> Epoch 5: took 3.1s (avg 3.3s) | Best so far: epoch 5	train_loss: 0.1250 train_mae: 0.1250	val_loss: 0.1188 val_mae: 0.1188	test_loss: 0.1265 test_mae: 0.1265
train: {'epoch': 6, 'time_epoch': 2.59489, 'eta': 1380.9052, 'eta_hours': 0.38358, 'loss': 0.12404983, 'lr': 0.00012, 'params': 220085, 'time_iter': 0.01046, 'mae': 0.12405, 'r2': -0.13713, 'spearmanr': 0.04835, 'mse': 0.02245, 'rmse': 0.14984}
val: {'epoch': 6, 'time_epoch': 0.24612, 'loss': 0.11928837, 'lr': 0, 'params': 220085, 'time_iter': 0.00464, 'mae': 0.11929, 'r2': -0.13057, 'spearmanr': 0.0429, 'mse': 0.021, 'rmse': 0.14493}
test: {'epoch': 6, 'time_epoch': 0.14154, 'loss': 0.12396775, 'lr': 0, 'params': 220085, 'time_iter': 0.00488, 'mae': 0.12397, 'r2': -0.1974, 'spearmanr': 0.02539, 'mse': 0.02349, 'rmse': 0.15325}
> Epoch 6: took 3.0s (avg 3.2s) | Best so far: epoch 5	train_loss: 0.1250 train_mae: 0.1250	val_loss: 0.1188 val_mae: 0.1188	test_loss: 0.1265 test_mae: 0.1265
train: {'epoch': 7, 'time_epoch': 2.74755, 'eta': 1374.81548, 'eta_hours': 0.38189, 'loss': 0.12312484, 'lr': 0.00014, 'params': 220085, 'time_iter': 0.01108, 'mae': 0.12312, 'r2': -0.11321, 'spearmanr': 0.05754, 'mse': 0.02198, 'rmse': 0.14826}
val: {'epoch': 7, 'time_epoch': 0.25288, 'loss': 0.11952952, 'lr': 0, 'params': 220085, 'time_iter': 0.00477, 'mae': 0.11953, 'r2': -0.06082, 'spearmanr': 0.05739, 'mse': 0.01971, 'rmse': 0.14039}
test: {'epoch': 7, 'time_epoch': 0.14251, 'loss': 0.12974531, 'lr': 0, 'params': 220085, 'time_iter': 0.00491, 'mae': 0.12975, 'r2': -0.17963, 'spearmanr': 0.08635, 'mse': 0.02314, 'rmse': 0.15211}
> Epoch 7: took 3.2s (avg 3.2s) | Best so far: epoch 5	train_loss: 0.1250 train_mae: 0.1250	val_loss: 0.1188 val_mae: 0.1188	test_loss: 0.1265 test_mae: 0.1265
train: {'epoch': 8, 'time_epoch': 2.67019, 'eta': 1365.24804, 'eta_hours': 0.37924, 'loss': 0.1223903, 'lr': 0.00016, 'params': 220085, 'time_iter': 0.01077, 'mae': 0.12239, 'r2': -0.09321, 'spearmanr': 0.07337, 'mse': 0.02159, 'rmse': 0.14692}
val: {'epoch': 8, 'time_epoch': 0.25014, 'loss': 0.11859372, 'lr': 0, 'params': 220085, 'time_iter': 0.00472, 'mae': 0.11859, 'r2': -0.07192, 'spearmanr': 0.04319, 'mse': 0.01992, 'rmse': 0.14112}
test: {'epoch': 8, 'time_epoch': 0.13699, 'loss': 0.12905024, 'lr': 0, 'params': 220085, 'time_iter': 0.00472, 'mae': 0.12905, 'r2': -0.19286, 'spearmanr': 0.038, 'mse': 0.0234, 'rmse': 0.15296}
> Epoch 8: took 3.1s (avg 3.2s) | Best so far: epoch 8	train_loss: 0.1224 train_mae: 0.1224	val_loss: 0.1186 val_mae: 0.1186	test_loss: 0.1291 test_mae: 0.1290
train: {'epoch': 9, 'time_epoch': 2.65247, 'eta': 1356.19173, 'eta_hours': 0.37672, 'loss': 0.12186769, 'lr': 0.00018, 'params': 220085, 'time_iter': 0.0107, 'mae': 0.12187, 'r2': -0.08713, 'spearmanr': 0.07706, 'mse': 0.02147, 'rmse': 0.14651}
val: {'epoch': 9, 'time_epoch': 0.24845, 'loss': 0.11881416, 'lr': 0, 'params': 220085, 'time_iter': 0.00469, 'mae': 0.11881, 'r2': -0.13339, 'spearmanr': 0.06986, 'mse': 0.02106, 'rmse': 0.14511}
test: {'epoch': 9, 'time_epoch': 0.14993, 'loss': 0.12546507, 'lr': 0, 'params': 220085, 'time_iter': 0.00517, 'mae': 0.12547, 'r2': -0.17231, 'spearmanr': 0.10036, 'mse': 0.02299, 'rmse': 0.15164}
> Epoch 9: took 3.1s (avg 3.2s) | Best so far: epoch 8	train_loss: 0.1224 train_mae: 0.1224	val_loss: 0.1186 val_mae: 0.1186	test_loss: 0.1291 test_mae: 0.1290
train: {'epoch': 10, 'time_epoch': 2.72741, 'eta': 1351.63104, 'eta_hours': 0.37545, 'loss': 0.12141071, 'lr': 0.0002, 'params': 220085, 'time_iter': 0.011, 'mae': 0.12141, 'r2': -0.08453, 'spearmanr': 0.09465, 'mse': 0.02141, 'rmse': 0.14633}
val: {'epoch': 10, 'time_epoch': 0.24515, 'loss': 0.11787092, 'lr': 0, 'params': 220085, 'time_iter': 0.00463, 'mae': 0.11787, 'r2': -0.09095, 'spearmanr': 0.05299, 'mse': 0.02027, 'rmse': 0.14237}
test: {'epoch': 10, 'time_epoch': 0.14152, 'loss': 0.12645784, 'lr': 0, 'params': 220085, 'time_iter': 0.00488, 'mae': 0.12646, 'r2': -0.14441, 'spearmanr': 0.09278, 'mse': 0.02245, 'rmse': 0.14982}
> Epoch 10: took 3.1s (avg 3.2s) | Best so far: epoch 10	train_loss: 0.1214 train_mae: 0.1214	val_loss: 0.1179 val_mae: 0.1179	test_loss: 0.1265 test_mae: 0.1265
train: {'epoch': 11, 'time_epoch': 2.64816, 'eta': 1344.15324, 'eta_hours': 0.37338, 'loss': 0.11998996, 'lr': 0.00022, 'params': 220085, 'time_iter': 0.01068, 'mae': 0.11999, 'r2': -0.0723, 'spearmanr': 0.13169, 'mse': 0.02117, 'rmse': 0.14551}
val: {'epoch': 11, 'time_epoch': 0.2545, 'loss': 0.11800265, 'lr': 0, 'params': 220085, 'time_iter': 0.0048, 'mae': 0.118, 'r2': -0.13269, 'spearmanr': 0.10683, 'mse': 0.02104, 'rmse': 0.14507}
test: {'epoch': 11, 'time_epoch': 0.13804, 'loss': 0.12846483, 'lr': 0, 'params': 220085, 'time_iter': 0.00476, 'mae': 0.12846, 'r2': -0.15523, 'spearmanr': 0.13307, 'mse': 0.02266, 'rmse': 0.15053}
> Epoch 11: took 3.1s (avg 3.2s) | Best so far: epoch 10	train_loss: 0.1214 train_mae: 0.1214	val_loss: 0.1179 val_mae: 0.1179	test_loss: 0.1265 test_mae: 0.1265
train: {'epoch': 12, 'time_epoch': 2.55972, 'eta': 1334.1054, 'eta_hours': 0.37058, 'loss': 0.11862552, 'lr': 0.00024, 'params': 220085, 'time_iter': 0.01032, 'mae': 0.11863, 'r2': -0.05319, 'spearmanr': 0.16637, 'mse': 0.0208, 'rmse': 0.1442}
val: {'epoch': 12, 'time_epoch': 0.24516, 'loss': 0.11641118, 'lr': 0, 'params': 220085, 'time_iter': 0.00463, 'mae': 0.11641, 'r2': -0.07896, 'spearmanr': 0.11629, 'mse': 0.02005, 'rmse': 0.14158}
test: {'epoch': 12, 'time_epoch': 0.1353, 'loss': 0.12857256, 'lr': 0, 'params': 220085, 'time_iter': 0.00467, 'mae': 0.12857, 'r2': -0.13292, 'spearmanr': 0.17391, 'mse': 0.02222, 'rmse': 0.14907}
> Epoch 12: took 2.9s (avg 3.2s) | Best so far: epoch 12	train_loss: 0.1186 train_mae: 0.1186	val_loss: 0.1164 val_mae: 0.1164	test_loss: 0.1286 test_mae: 0.1286
train: {'epoch': 13, 'time_epoch': 2.67782, 'eta': 1329.22705, 'eta_hours': 0.36923, 'loss': 0.11744589, 'lr': 0.00026, 'params': 220085, 'time_iter': 0.0108, 'mae': 0.11745, 'r2': -0.04578, 'spearmanr': 0.1832, 'mse': 0.02065, 'rmse': 0.1437}
val: {'epoch': 13, 'time_epoch': 0.25383, 'loss': 0.12342183, 'lr': 0, 'params': 220085, 'time_iter': 0.00479, 'mae': 0.12342, 'r2': -0.32004, 'spearmanr': 0.11545, 'mse': 0.02453, 'rmse': 0.15661}
test: {'epoch': 13, 'time_epoch': 0.13634, 'loss': 0.11913403, 'lr': 0, 'params': 220085, 'time_iter': 0.0047, 'mae': 0.11913, 'r2': -0.06144, 'spearmanr': 0.20395, 'mse': 0.02082, 'rmse': 0.14429}
> Epoch 13: took 3.1s (avg 3.2s) | Best so far: epoch 12	train_loss: 0.1186 train_mae: 0.1186	val_loss: 0.1164 val_mae: 0.1164	test_loss: 0.1286 test_mae: 0.1286
train: {'epoch': 14, 'time_epoch': 2.6462, 'eta': 1323.61956, 'eta_hours': 0.36767, 'loss': 0.11717332, 'lr': 0.00028, 'params': 220085, 'time_iter': 0.01067, 'mae': 0.11717, 'r2': -0.03645, 'spearmanr': 0.18788, 'mse': 0.02046, 'rmse': 0.14305}
val: {'epoch': 14, 'time_epoch': 0.26867, 'loss': 0.12048784, 'lr': 0, 'params': 220085, 'time_iter': 0.00507, 'mae': 0.12049, 'r2': -0.23769, 'spearmanr': 0.11088, 'mse': 0.023, 'rmse': 0.15164}
test: {'epoch': 14, 'time_epoch': 0.1378, 'loss': 0.1177227, 'lr': 0, 'params': 220085, 'time_iter': 0.00475, 'mae': 0.11772, 'r2': -0.00239, 'spearmanr': 0.21583, 'mse': 0.01966, 'rmse': 0.14022}
> Epoch 14: took 3.1s (avg 3.1s) | Best so far: epoch 12	train_loss: 0.1186 train_mae: 0.1186	val_loss: 0.1164 val_mae: 0.1164	test_loss: 0.1286 test_mae: 0.1286
train: {'epoch': 15, 'time_epoch': 2.68755, 'eta': 1319.63328, 'eta_hours': 0.36656, 'loss': 0.11587247, 'lr': 0.0003, 'params': 220085, 'time_iter': 0.01084, 'mae': 0.11587, 'r2': -0.02058, 'spearmanr': 0.2083, 'mse': 0.02015, 'rmse': 0.14195}
val: {'epoch': 15, 'time_epoch': 0.25772, 'loss': 0.1190327, 'lr': 0, 'params': 220085, 'time_iter': 0.00486, 'mae': 0.11903, 'r2': -0.15319, 'spearmanr': 0.10232, 'mse': 0.02143, 'rmse': 0.14637}
test: {'epoch': 15, 'time_epoch': 0.14217, 'loss': 0.12250699, 'lr': 0, 'params': 220085, 'time_iter': 0.0049, 'mae': 0.12251, 'r2': -0.05335, 'spearmanr': 0.27782, 'mse': 0.02066, 'rmse': 0.14374}
> Epoch 15: took 3.1s (avg 3.1s) | Best so far: epoch 12	train_loss: 0.1186 train_mae: 0.1186	val_loss: 0.1164 val_mae: 0.1164	test_loss: 0.1286 test_mae: 0.1286
train: {'epoch': 16, 'time_epoch': 2.63667, 'eta': 1314.35416, 'eta_hours': 0.3651, 'loss': 0.11555889, 'lr': 0.00032, 'params': 220085, 'time_iter': 0.01063, 'mae': 0.11556, 'r2': -0.0013, 'spearmanr': 0.21291, 'mse': 0.01977, 'rmse': 0.14061}
val: {'epoch': 16, 'time_epoch': 0.26631, 'loss': 0.11683866, 'lr': 0, 'params': 220085, 'time_iter': 0.00502, 'mae': 0.11684, 'r2': -0.11931, 'spearmanr': 0.13776, 'mse': 0.0208, 'rmse': 0.14421}
test: {'epoch': 16, 'time_epoch': 0.15273, 'loss': 0.11539582, 'lr': 0, 'params': 220085, 'time_iter': 0.00527, 'mae': 0.1154, 'r2': 0.06642, 'spearmanr': 0.31409, 'mse': 0.01831, 'rmse': 0.13532}
> Epoch 16: took 3.1s (avg 3.1s) | Best so far: epoch 12	train_loss: 0.1186 train_mae: 0.1186	val_loss: 0.1164 val_mae: 0.1164	test_loss: 0.1286 test_mae: 0.1286
train: {'epoch': 17, 'time_epoch': 2.78573, 'eta': 1313.36022, 'eta_hours': 0.36482, 'loss': 0.11510894, 'lr': 0.00034, 'params': 220085, 'time_iter': 0.01123, 'mae': 0.11511, 'r2': 0.00444, 'spearmanr': 0.21318, 'mse': 0.01966, 'rmse': 0.1402}
val: {'epoch': 17, 'time_epoch': 0.2672, 'loss': 0.11828036, 'lr': 0, 'params': 220085, 'time_iter': 0.00504, 'mae': 0.11828, 'r2': -0.19377, 'spearmanr': 0.15093, 'mse': 0.02218, 'rmse': 0.14893}
test: {'epoch': 17, 'time_epoch': 0.139, 'loss': 0.11199866, 'lr': 0, 'params': 220085, 'time_iter': 0.00479, 'mae': 0.112, 'r2': 0.10327, 'spearmanr': 0.31763, 'mse': 0.01759, 'rmse': 0.13262}
> Epoch 17: took 3.2s (avg 3.1s) | Best so far: epoch 12	train_loss: 0.1186 train_mae: 0.1186	val_loss: 0.1164 val_mae: 0.1164	test_loss: 0.1286 test_mae: 0.1286
train: {'epoch': 18, 'time_epoch': 2.66907, 'eta': 1309.22412, 'eta_hours': 0.36367, 'loss': 0.11434424, 'lr': 0.00036, 'params': 220085, 'time_iter': 0.01076, 'mae': 0.11434, 'r2': 0.0135, 'spearmanr': 0.2277, 'mse': 0.01948, 'rmse': 0.13956}
val: {'epoch': 18, 'time_epoch': 0.24468, 'loss': 0.11900316, 'lr': 0, 'params': 220085, 'time_iter': 0.00462, 'mae': 0.119, 'r2': -0.18605, 'spearmanr': 0.114, 'mse': 0.02204, 'rmse': 0.14844}
test: {'epoch': 18, 'time_epoch': 0.13414, 'loss': 0.1151541, 'lr': 0, 'params': 220085, 'time_iter': 0.00463, 'mae': 0.11515, 'r2': 0.0314, 'spearmanr': 0.26122, 'mse': 0.019, 'rmse': 0.13783}
> Epoch 18: took 3.1s (avg 3.1s) | Best so far: epoch 12	train_loss: 0.1186 train_mae: 0.1186	val_loss: 0.1164 val_mae: 0.1164	test_loss: 0.1286 test_mae: 0.1286
train: {'epoch': 19, 'time_epoch': 2.62844, 'eta': 1304.25976, 'eta_hours': 0.36229, 'loss': 0.11320785, 'lr': 0.00038, 'params': 220085, 'time_iter': 0.0106, 'mae': 0.11321, 'r2': 0.02758, 'spearmanr': 0.24001, 'mse': 0.0192, 'rmse': 0.13856}
val: {'epoch': 19, 'time_epoch': 0.24394, 'loss': 0.11588797, 'lr': 0, 'params': 220085, 'time_iter': 0.0046, 'mae': 0.11589, 'r2': -0.11126, 'spearmanr': 0.16196, 'mse': 0.02065, 'rmse': 0.14369}
test: {'epoch': 19, 'time_epoch': 0.13406, 'loss': 0.11207725, 'lr': 0, 'params': 220085, 'time_iter': 0.00462, 'mae': 0.11208, 'r2': 0.07693, 'spearmanr': 0.31191, 'mse': 0.01811, 'rmse': 0.13456}
> Epoch 19: took 3.0s (avg 3.1s) | Best so far: epoch 19	train_loss: 0.1132 train_mae: 0.1132	val_loss: 0.1159 val_mae: 0.1159	test_loss: 0.1121 test_mae: 0.1121
train: {'epoch': 20, 'time_epoch': 2.58054, 'eta': 1298.42527, 'eta_hours': 0.36067, 'loss': 0.11245237, 'lr': 0.0004, 'params': 220085, 'time_iter': 0.01041, 'mae': 0.11245, 'r2': 0.03902, 'spearmanr': 0.25326, 'mse': 0.01897, 'rmse': 0.13775}
val: {'epoch': 20, 'time_epoch': 0.24643, 'loss': 0.11737769, 'lr': 0, 'params': 220085, 'time_iter': 0.00465, 'mae': 0.11738, 'r2': -0.17358, 'spearmanr': 0.15912, 'mse': 0.0218, 'rmse': 0.14766}
test: {'epoch': 20, 'time_epoch': 0.13468, 'loss': 0.1055451, 'lr': 0, 'params': 220085, 'time_iter': 0.00464, 'mae': 0.10555, 'r2': 0.1828, 'spearmanr': 0.38693, 'mse': 0.01603, 'rmse': 0.1266}
> Epoch 20: took 3.0s (avg 3.1s) | Best so far: epoch 19	train_loss: 0.1132 train_mae: 0.1132	val_loss: 0.1159 val_mae: 0.1159	test_loss: 0.1121 test_mae: 0.1121
train: {'epoch': 21, 'time_epoch': 2.54616, 'eta': 1292.13952, 'eta_hours': 0.35893, 'loss': 0.11170777, 'lr': 0.00042, 'params': 220085, 'time_iter': 0.01027, 'mae': 0.11171, 'r2': 0.04451, 'spearmanr': 0.26334, 'mse': 0.01887, 'rmse': 0.13735}
val: {'epoch': 21, 'time_epoch': 0.24431, 'loss': 0.11468768, 'lr': 0, 'params': 220085, 'time_iter': 0.00461, 'mae': 0.11469, 'r2': -0.09443, 'spearmanr': 0.14237, 'mse': 0.02033, 'rmse': 0.1426}
test: {'epoch': 21, 'time_epoch': 0.13332, 'loss': 0.11101699, 'lr': 0, 'params': 220085, 'time_iter': 0.0046, 'mae': 0.11102, 'r2': 0.11493, 'spearmanr': 0.30689, 'mse': 0.01736, 'rmse': 0.13176}
> Epoch 21: took 2.9s (avg 3.1s) | Best so far: epoch 21	train_loss: 0.1117 train_mae: 0.1117	val_loss: 0.1147 val_mae: 0.1147	test_loss: 0.1110 test_mae: 0.1110
train: {'epoch': 22, 'time_epoch': 2.56874, 'eta': 1286.64735, 'eta_hours': 0.3574, 'loss': 0.11107267, 'lr': 0.00044, 'params': 220085, 'time_iter': 0.01036, 'mae': 0.11107, 'r2': 0.05026, 'spearmanr': 0.26776, 'mse': 0.01875, 'rmse': 0.13694}
val: {'epoch': 22, 'time_epoch': 0.24575, 'loss': 0.11723608, 'lr': 0, 'params': 220085, 'time_iter': 0.00464, 'mae': 0.11724, 'r2': -0.18167, 'spearmanr': 0.18016, 'mse': 0.02195, 'rmse': 0.14817}
test: {'epoch': 22, 'time_epoch': 0.13425, 'loss': 0.09961615, 'lr': 0, 'params': 220085, 'time_iter': 0.00463, 'mae': 0.09962, 'r2': 0.24155, 'spearmanr': 0.41088, 'mse': 0.01488, 'rmse': 0.12197}
> Epoch 22: took 3.0s (avg 3.1s) | Best so far: epoch 21	train_loss: 0.1117 train_mae: 0.1117	val_loss: 0.1147 val_mae: 0.1147	test_loss: 0.1110 test_mae: 0.1110
train: {'epoch': 23, 'time_epoch': 2.57283, 'eta': 1281.47986, 'eta_hours': 0.35597, 'loss': 0.11062177, 'lr': 0.00046, 'params': 220085, 'time_iter': 0.01037, 'mae': 0.11062, 'r2': 0.04873, 'spearmanr': 0.25951, 'mse': 0.01878, 'rmse': 0.13705}
val: {'epoch': 23, 'time_epoch': 0.24666, 'loss': 0.11781599, 'lr': 0, 'params': 220085, 'time_iter': 0.00465, 'mae': 0.11782, 'r2': -0.21587, 'spearmanr': 0.17555, 'mse': 0.02259, 'rmse': 0.1503}
test: {'epoch': 23, 'time_epoch': 0.13423, 'loss': 0.09460867, 'lr': 0, 'params': 220085, 'time_iter': 0.00463, 'mae': 0.09461, 'r2': 0.28142, 'spearmanr': 0.44218, 'mse': 0.01409, 'rmse': 0.11872}
> Epoch 23: took 3.0s (avg 3.1s) | Best so far: epoch 21	train_loss: 0.1117 train_mae: 0.1117	val_loss: 0.1147 val_mae: 0.1147	test_loss: 0.1110 test_mae: 0.1110
train: {'epoch': 24, 'time_epoch': 2.56446, 'eta': 1276.36096, 'eta_hours': 0.35454, 'loss': 0.11009544, 'lr': 0.00048, 'params': 220085, 'time_iter': 0.01034, 'mae': 0.1101, 'r2': 0.05645, 'spearmanr': 0.27295, 'mse': 0.01863, 'rmse': 0.13649}
val: {'epoch': 24, 'time_epoch': 0.24418, 'loss': 0.11363562, 'lr': 0, 'params': 220085, 'time_iter': 0.00461, 'mae': 0.11364, 'r2': -0.06399, 'spearmanr': 0.18056, 'mse': 0.01977, 'rmse': 0.1406}
test: {'epoch': 24, 'time_epoch': 0.13304, 'loss': 0.10595714, 'lr': 0, 'params': 220085, 'time_iter': 0.00459, 'mae': 0.10596, 'r2': 0.18038, 'spearmanr': 0.41527, 'mse': 0.01608, 'rmse': 0.12679}
> Epoch 24: took 3.0s (avg 3.1s) | Best so far: epoch 24	train_loss: 0.1101 train_mae: 0.1101	val_loss: 0.1136 val_mae: 0.1136	test_loss: 0.1060 test_mae: 0.1060
train: {'epoch': 25, 'time_epoch': 2.54321, 'eta': 1271.05109, 'eta_hours': 0.35307, 'loss': 0.11001191, 'lr': 0.0005, 'params': 220085, 'time_iter': 0.01025, 'mae': 0.11001, 'r2': 0.05834, 'spearmanr': 0.27498, 'mse': 0.01859, 'rmse': 0.13636}
val: {'epoch': 25, 'time_epoch': 0.24554, 'loss': 0.11680845, 'lr': 0, 'params': 220085, 'time_iter': 0.00463, 'mae': 0.11681, 'r2': -0.18551, 'spearmanr': 0.18917, 'mse': 0.02203, 'rmse': 0.14841}
test: {'epoch': 25, 'time_epoch': 0.13251, 'loss': 0.10092817, 'lr': 0, 'params': 220085, 'time_iter': 0.00457, 'mae': 0.10093, 'r2': 0.21073, 'spearmanr': 0.42629, 'mse': 0.01548, 'rmse': 0.12442}
> Epoch 25: took 2.9s (avg 3.1s) | Best so far: epoch 24	train_loss: 0.1101 train_mae: 0.1101	val_loss: 0.1136 val_mae: 0.1136	test_loss: 0.1060 test_mae: 0.1060
train: {'epoch': 26, 'time_epoch': 2.5445, 'eta': 1265.96869, 'eta_hours': 0.35166, 'loss': 0.1091349, 'lr': 0.00052, 'params': 220085, 'time_iter': 0.01026, 'mae': 0.10913, 'r2': 0.06541, 'spearmanr': 0.28496, 'mse': 0.01845, 'rmse': 0.13584}
val: {'epoch': 26, 'time_epoch': 0.24532, 'loss': 0.11771424, 'lr': 0, 'params': 220085, 'time_iter': 0.00463, 'mae': 0.11771, 'r2': -0.20634, 'spearmanr': 0.17522, 'mse': 0.02241, 'rmse': 0.14971}
test: {'epoch': 26, 'time_epoch': 0.13403, 'loss': 0.09951113, 'lr': 0, 'params': 220085, 'time_iter': 0.00462, 'mae': 0.09951, 'r2': 0.2035, 'spearmanr': 0.35732, 'mse': 0.01562, 'rmse': 0.12499}
> Epoch 26: took 2.9s (avg 3.1s) | Best so far: epoch 24	train_loss: 0.1101 train_mae: 0.1101	val_loss: 0.1136 val_mae: 0.1136	test_loss: 0.1060 test_mae: 0.1060
train: {'epoch': 27, 'time_epoch': 2.58028, 'eta': 1261.67072, 'eta_hours': 0.35046, 'loss': 0.10871193, 'lr': 0.00054, 'params': 220085, 'time_iter': 0.0104, 'mae': 0.10871, 'r2': 0.07099, 'spearmanr': 0.29126, 'mse': 0.01834, 'rmse': 0.13544}
val: {'epoch': 27, 'time_epoch': 0.24516, 'loss': 0.11282643, 'lr': 0, 'params': 220085, 'time_iter': 0.00463, 'mae': 0.11283, 'r2': -0.0682, 'spearmanr': 0.19888, 'mse': 0.01985, 'rmse': 0.14088}
test: {'epoch': 27, 'time_epoch': 0.13434, 'loss': 0.10395553, 'lr': 0, 'params': 220085, 'time_iter': 0.00463, 'mae': 0.10396, 'r2': 0.16975, 'spearmanr': 0.40232, 'mse': 0.01628, 'rmse': 0.12761}
> Epoch 27: took 3.0s (avg 3.1s) | Best so far: epoch 27	train_loss: 0.1087 train_mae: 0.1087	val_loss: 0.1128 val_mae: 0.1128	test_loss: 0.1040 test_mae: 0.1040
train: {'epoch': 28, 'time_epoch': 2.56856, 'eta': 1257.301, 'eta_hours': 0.34925, 'loss': 0.10864552, 'lr': 0.00056, 'params': 220085, 'time_iter': 0.01036, 'mae': 0.10865, 'r2': 0.08015, 'spearmanr': 0.29457, 'mse': 0.01816, 'rmse': 0.13477}
val: {'epoch': 28, 'time_epoch': 0.24461, 'loss': 0.1167756, 'lr': 0, 'params': 220085, 'time_iter': 0.00462, 'mae': 0.11678, 'r2': -0.17991, 'spearmanr': 0.19025, 'mse': 0.02192, 'rmse': 0.14806}
test: {'epoch': 28, 'time_epoch': 0.1335, 'loss': 0.10842314, 'lr': 0, 'params': 220085, 'time_iter': 0.0046, 'mae': 0.10842, 'r2': 0.14586, 'spearmanr': 0.34579, 'mse': 0.01675, 'rmse': 0.12943}
> Epoch 28: took 3.0s (avg 3.1s) | Best so far: epoch 27	train_loss: 0.1087 train_mae: 0.1087	val_loss: 0.1128 val_mae: 0.1128	test_loss: 0.1040 test_mae: 0.1040
train: {'epoch': 29, 'time_epoch': 2.56246, 'eta': 1252.95569, 'eta_hours': 0.34804, 'loss': 0.10876915, 'lr': 0.00058, 'params': 220085, 'time_iter': 0.01033, 'mae': 0.10877, 'r2': 0.06975, 'spearmanr': 0.28471, 'mse': 0.01837, 'rmse': 0.13553}
val: {'epoch': 29, 'time_epoch': 0.24572, 'loss': 0.11296298, 'lr': 0, 'params': 220085, 'time_iter': 0.00464, 'mae': 0.11296, 'r2': -0.079, 'spearmanr': 0.18522, 'mse': 0.02005, 'rmse': 0.14159}
test: {'epoch': 29, 'time_epoch': 0.13412, 'loss': 0.10741574, 'lr': 0, 'params': 220085, 'time_iter': 0.00462, 'mae': 0.10742, 'r2': 0.14801, 'spearmanr': 0.36285, 'mse': 0.01671, 'rmse': 0.12927}
> Epoch 29: took 3.0s (avg 3.1s) | Best so far: epoch 27	train_loss: 0.1087 train_mae: 0.1087	val_loss: 0.1128 val_mae: 0.1128	test_loss: 0.1040 test_mae: 0.1040
train: {'epoch': 30, 'time_epoch': 2.56858, 'eta': 1248.81804, 'eta_hours': 0.34689, 'loss': 0.10777759, 'lr': 0.0006, 'params': 220085, 'time_iter': 0.01036, 'mae': 0.10778, 'r2': 0.07888, 'spearmanr': 0.3005, 'mse': 0.01819, 'rmse': 0.13486}
val: {'epoch': 30, 'time_epoch': 0.24569, 'loss': 0.11443306, 'lr': 0, 'params': 220085, 'time_iter': 0.00464, 'mae': 0.11443, 'r2': -0.13303, 'spearmanr': 0.19797, 'mse': 0.02105, 'rmse': 0.14509}
test: {'epoch': 30, 'time_epoch': 0.13492, 'loss': 0.10010637, 'lr': 0, 'params': 220085, 'time_iter': 0.00465, 'mae': 0.10011, 'r2': 0.21923, 'spearmanr': 0.42292, 'mse': 0.01531, 'rmse': 0.12375}
> Epoch 30: took 3.0s (avg 3.1s) | Best so far: epoch 27	train_loss: 0.1087 train_mae: 0.1087	val_loss: 0.1128 val_mae: 0.1128	test_loss: 0.1040 test_mae: 0.1040
train: {'epoch': 31, 'time_epoch': 2.55689, 'eta': 1244.60753, 'eta_hours': 0.34572, 'loss': 0.10825131, 'lr': 0.00062, 'params': 220085, 'time_iter': 0.01031, 'mae': 0.10825, 'r2': 0.07889, 'spearmanr': 0.29763, 'mse': 0.01819, 'rmse': 0.13486}
val: {'epoch': 31, 'time_epoch': 0.24511, 'loss': 0.1171805, 'lr': 0, 'params': 220085, 'time_iter': 0.00462, 'mae': 0.11718, 'r2': -0.22297, 'spearmanr': 0.18903, 'mse': 0.02272, 'rmse': 0.15074}
test: {'epoch': 31, 'time_epoch': 0.1341, 'loss': 0.10518023, 'lr': 0, 'params': 220085, 'time_iter': 0.00462, 'mae': 0.10518, 'r2': 0.1548, 'spearmanr': 0.32239, 'mse': 0.01658, 'rmse': 0.12876}
> Epoch 31: took 2.9s (avg 3.1s) | Best so far: epoch 27	train_loss: 0.1087 train_mae: 0.1087	val_loss: 0.1128 val_mae: 0.1128	test_loss: 0.1040 test_mae: 0.1040
train: {'epoch': 32, 'time_epoch': 2.55628, 'eta': 1240.4886, 'eta_hours': 0.34458, 'loss': 0.10809936, 'lr': 0.00064, 'params': 220085, 'time_iter': 0.01031, 'mae': 0.1081, 'r2': 0.07744, 'spearmanr': 0.29429, 'mse': 0.01822, 'rmse': 0.13497}
val: {'epoch': 32, 'time_epoch': 0.24566, 'loss': 0.11848593, 'lr': 0, 'params': 220085, 'time_iter': 0.00464, 'mae': 0.11849, 'r2': -0.26107, 'spearmanr': 0.20691, 'mse': 0.02343, 'rmse': 0.15307}
test: {'epoch': 32, 'time_epoch': 0.1345, 'loss': 0.10605736, 'lr': 0, 'params': 220085, 'time_iter': 0.00464, 'mae': 0.10606, 'r2': 0.15436, 'spearmanr': 0.38356, 'mse': 0.01659, 'rmse': 0.12879}
> Epoch 32: took 2.9s (avg 3.1s) | Best so far: epoch 27	train_loss: 0.1087 train_mae: 0.1087	val_loss: 0.1128 val_mae: 0.1128	test_loss: 0.1040 test_mae: 0.1040
train: {'epoch': 33, 'time_epoch': 2.55921, 'eta': 1236.50164, 'eta_hours': 0.34347, 'loss': 0.10831849, 'lr': 0.00066, 'params': 220085, 'time_iter': 0.01032, 'mae': 0.10832, 'r2': 0.08391, 'spearmanr': 0.29275, 'mse': 0.01809, 'rmse': 0.13449}
val: {'epoch': 33, 'time_epoch': 0.24722, 'loss': 0.11603591, 'lr': 0, 'params': 220085, 'time_iter': 0.00466, 'mae': 0.11604, 'r2': -0.15404, 'spearmanr': 0.16644, 'mse': 0.02144, 'rmse': 0.14643}
test: {'epoch': 33, 'time_epoch': 0.13451, 'loss': 0.10093316, 'lr': 0, 'params': 220085, 'time_iter': 0.00464, 'mae': 0.10093, 'r2': 0.23654, 'spearmanr': 0.42, 'mse': 0.01497, 'rmse': 0.12237}
> Epoch 33: took 3.0s (avg 3.1s) | Best so far: epoch 27	train_loss: 0.1087 train_mae: 0.1087	val_loss: 0.1128 val_mae: 0.1128	test_loss: 0.1040 test_mae: 0.1040
train: {'epoch': 34, 'time_epoch': 2.62478, 'eta': 1233.46752, 'eta_hours': 0.34263, 'loss': 0.10748206, 'lr': 0.00068, 'params': 220085, 'time_iter': 0.01058, 'mae': 0.10748, 'r2': 0.08577, 'spearmanr': 0.30297, 'mse': 0.01805, 'rmse': 0.13436}
val: {'epoch': 34, 'time_epoch': 0.28024, 'loss': 0.11291648, 'lr': 0, 'params': 220085, 'time_iter': 0.00529, 'mae': 0.11292, 'r2': -0.04765, 'spearmanr': 0.19206, 'mse': 0.01946, 'rmse': 0.13951}
test: {'epoch': 34, 'time_epoch': 0.14139, 'loss': 0.10882691, 'lr': 0, 'params': 220085, 'time_iter': 0.00488, 'mae': 0.10883, 'r2': 0.16416, 'spearmanr': 0.40012, 'mse': 0.01639, 'rmse': 0.12804}
> Epoch 34: took 3.1s (avg 3.1s) | Best so far: epoch 27	train_loss: 0.1087 train_mae: 0.1087	val_loss: 0.1128 val_mae: 0.1128	test_loss: 0.1040 test_mae: 0.1040
train: {'epoch': 35, 'time_epoch': 2.76101, 'eta': 1232.21192, 'eta_hours': 0.34228, 'loss': 0.10778693, 'lr': 0.0007, 'params': 220085, 'time_iter': 0.01113, 'mae': 0.10779, 'r2': 0.08461, 'spearmanr': 0.29351, 'mse': 0.01807, 'rmse': 0.13444}
val: {'epoch': 35, 'time_epoch': 0.25083, 'loss': 0.11434685, 'lr': 0, 'params': 220085, 'time_iter': 0.00473, 'mae': 0.11435, 'r2': -0.10395, 'spearmanr': 0.17532, 'mse': 0.02051, 'rmse': 0.14321}
test: {'epoch': 35, 'time_epoch': 0.13413, 'loss': 0.10426068, 'lr': 0, 'params': 220085, 'time_iter': 0.00463, 'mae': 0.10426, 'r2': 0.19279, 'spearmanr': 0.38595, 'mse': 0.01583, 'rmse': 0.12583}
> Epoch 35: took 3.2s (avg 3.1s) | Best so far: epoch 27	train_loss: 0.1087 train_mae: 0.1087	val_loss: 0.1128 val_mae: 0.1128	test_loss: 0.1040 test_mae: 0.1040
train: {'epoch': 36, 'time_epoch': 2.82072, 'eta': 1231.62215, 'eta_hours': 0.34212, 'loss': 0.10792314, 'lr': 0.00072, 'params': 220085, 'time_iter': 0.01137, 'mae': 0.10792, 'r2': 0.08463, 'spearmanr': 0.30116, 'mse': 0.01807, 'rmse': 0.13444}
val: {'epoch': 36, 'time_epoch': 0.26495, 'loss': 0.1124466, 'lr': 0, 'params': 220085, 'time_iter': 0.005, 'mae': 0.11245, 'r2': -0.04232, 'spearmanr': 0.16992, 'mse': 0.01937, 'rmse': 0.13916}
test: {'epoch': 36, 'time_epoch': 0.14565, 'loss': 0.10929457, 'lr': 0, 'params': 220085, 'time_iter': 0.00502, 'mae': 0.10929, 'r2': 0.12347, 'spearmanr': 0.38362, 'mse': 0.01719, 'rmse': 0.13112}
> Epoch 36: took 3.2s (avg 3.1s) | Best so far: epoch 36	train_loss: 0.1079 train_mae: 0.1079	val_loss: 0.1124 val_mae: 0.1124	test_loss: 0.1093 test_mae: 0.1093
train: {'epoch': 37, 'time_epoch': 2.74287, 'eta': 1229.96852, 'eta_hours': 0.34166, 'loss': 0.10758366, 'lr': 0.00074, 'params': 220085, 'time_iter': 0.01106, 'mae': 0.10758, 'r2': 0.08487, 'spearmanr': 0.29846, 'mse': 0.01807, 'rmse': 0.13442}
val: {'epoch': 37, 'time_epoch': 0.24939, 'loss': 0.11590505, 'lr': 0, 'params': 220085, 'time_iter': 0.00471, 'mae': 0.11591, 'r2': -0.16934, 'spearmanr': 0.19901, 'mse': 0.02173, 'rmse': 0.14739}
test: {'epoch': 37, 'time_epoch': 0.14029, 'loss': 0.10170776, 'lr': 0, 'params': 220085, 'time_iter': 0.00484, 'mae': 0.10171, 'r2': 0.21876, 'spearmanr': 0.40548, 'mse': 0.01532, 'rmse': 0.12379}
> Epoch 37: took 3.1s (avg 3.1s) | Best so far: epoch 36	train_loss: 0.1079 train_mae: 0.1079	val_loss: 0.1124 val_mae: 0.1124	test_loss: 0.1093 test_mae: 0.1093
train: {'epoch': 38, 'time_epoch': 2.73114, 'eta': 1228.12035, 'eta_hours': 0.34114, 'loss': 0.10722811, 'lr': 0.00076, 'params': 220085, 'time_iter': 0.01101, 'mae': 0.10723, 'r2': 0.09125, 'spearmanr': 0.3038, 'mse': 0.01794, 'rmse': 0.13395}
val: {'epoch': 38, 'time_epoch': 0.25224, 'loss': 0.11794541, 'lr': 0, 'params': 220085, 'time_iter': 0.00476, 'mae': 0.11795, 'r2': -0.23273, 'spearmanr': 0.19059, 'mse': 0.0229, 'rmse': 0.15134}
test: {'epoch': 38, 'time_epoch': 0.14545, 'loss': 0.10092606, 'lr': 0, 'params': 220085, 'time_iter': 0.00502, 'mae': 0.10093, 'r2': 0.20276, 'spearmanr': 0.40126, 'mse': 0.01564, 'rmse': 0.12505}
> Epoch 38: took 3.1s (avg 3.1s) | Best so far: epoch 36	train_loss: 0.1079 train_mae: 0.1079	val_loss: 0.1124 val_mae: 0.1124	test_loss: 0.1093 test_mae: 0.1093
train: {'epoch': 39, 'time_epoch': 2.60347, 'eta': 1224.75979, 'eta_hours': 0.34021, 'loss': 0.10806453, 'lr': 0.00078, 'params': 220085, 'time_iter': 0.0105, 'mae': 0.10806, 'r2': 0.08492, 'spearmanr': 0.29328, 'mse': 0.01807, 'rmse': 0.13442}
val: {'epoch': 39, 'time_epoch': 0.24465, 'loss': 0.11435486, 'lr': 0, 'params': 220085, 'time_iter': 0.00462, 'mae': 0.11435, 'r2': -0.12388, 'spearmanr': 0.18308, 'mse': 0.02088, 'rmse': 0.1445}
test: {'epoch': 39, 'time_epoch': 0.13441, 'loss': 0.10236892, 'lr': 0, 'params': 220085, 'time_iter': 0.00463, 'mae': 0.10237, 'r2': 0.19781, 'spearmanr': 0.43749, 'mse': 0.01573, 'rmse': 0.12544}
> Epoch 39: took 3.0s (avg 3.1s) | Best so far: epoch 36	train_loss: 0.1079 train_mae: 0.1079	val_loss: 0.1124 val_mae: 0.1124	test_loss: 0.1093 test_mae: 0.1093
train: {'epoch': 40, 'time_epoch': 2.51695, 'eta': 1220.46763, 'eta_hours': 0.33902, 'loss': 0.10750144, 'lr': 0.0008, 'params': 220085, 'time_iter': 0.01015, 'mae': 0.1075, 'r2': 0.08856, 'spearmanr': 0.30722, 'mse': 0.018, 'rmse': 0.13415}
val: {'epoch': 40, 'time_epoch': 0.24536, 'loss': 0.11346442, 'lr': 0, 'params': 220085, 'time_iter': 0.00463, 'mae': 0.11346, 'r2': -0.05858, 'spearmanr': 0.19358, 'mse': 0.01967, 'rmse': 0.14024}
test: {'epoch': 40, 'time_epoch': 0.1333, 'loss': 0.10451763, 'lr': 0, 'params': 220085, 'time_iter': 0.0046, 'mae': 0.10452, 'r2': 0.19718, 'spearmanr': 0.35581, 'mse': 0.01575, 'rmse': 0.12549}
> Epoch 40: took 2.9s (avg 3.1s) | Best so far: epoch 36	train_loss: 0.1079 train_mae: 0.1079	val_loss: 0.1124 val_mae: 0.1124	test_loss: 0.1093 test_mae: 0.1093
train: {'epoch': 41, 'time_epoch': 2.51655, 'eta': 1216.25564, 'eta_hours': 0.33785, 'loss': 0.10651884, 'lr': 0.00082, 'params': 220085, 'time_iter': 0.01015, 'mae': 0.10652, 'r2': 0.09797, 'spearmanr': 0.31124, 'mse': 0.01781, 'rmse': 0.13346}
val: {'epoch': 41, 'time_epoch': 0.2456, 'loss': 0.12171586, 'lr': 0, 'params': 220085, 'time_iter': 0.00463, 'mae': 0.12172, 'r2': -0.33191, 'spearmanr': 0.18743, 'mse': 0.02475, 'rmse': 0.15731}
test: {'epoch': 41, 'time_epoch': 0.13448, 'loss': 0.11041509, 'lr': 0, 'params': 220085, 'time_iter': 0.00464, 'mae': 0.11042, 'r2': 0.08317, 'spearmanr': 0.36452, 'mse': 0.01798, 'rmse': 0.1341}
> Epoch 41: took 2.9s (avg 3.1s) | Best so far: epoch 36	train_loss: 0.1079 train_mae: 0.1079	val_loss: 0.1124 val_mae: 0.1124	test_loss: 0.1093 test_mae: 0.1093
train: {'epoch': 42, 'time_epoch': 2.51158, 'eta': 1212.06966, 'eta_hours': 0.33669, 'loss': 0.10743434, 'lr': 0.00084, 'params': 220085, 'time_iter': 0.01013, 'mae': 0.10743, 'r2': 0.08796, 'spearmanr': 0.30302, 'mse': 0.01801, 'rmse': 0.13419}
val: {'epoch': 42, 'time_epoch': 0.24447, 'loss': 0.12099758, 'lr': 0, 'params': 220085, 'time_iter': 0.00461, 'mae': 0.121, 'r2': -0.32674, 'spearmanr': 0.16532, 'mse': 0.02465, 'rmse': 0.157}
test: {'epoch': 42, 'time_epoch': 0.1335, 'loss': 0.10090802, 'lr': 0, 'params': 220085, 'time_iter': 0.0046, 'mae': 0.10091, 'r2': 0.17006, 'spearmanr': 0.33365, 'mse': 0.01628, 'rmse': 0.12759}
> Epoch 42: took 2.9s (avg 3.1s) | Best so far: epoch 36	train_loss: 0.1079 train_mae: 0.1079	val_loss: 0.1124 val_mae: 0.1124	test_loss: 0.1093 test_mae: 0.1093
train: {'epoch': 43, 'time_epoch': 2.52617, 'eta': 1208.11101, 'eta_hours': 0.33559, 'loss': 0.10746542, 'lr': 0.00086, 'params': 220085, 'time_iter': 0.01019, 'mae': 0.10747, 'r2': 0.08609, 'spearmanr': 0.30721, 'mse': 0.01804, 'rmse': 0.13433}
val: {'epoch': 43, 'time_epoch': 0.24457, 'loss': 0.1166506, 'lr': 0, 'params': 220085, 'time_iter': 0.00461, 'mae': 0.11665, 'r2': -0.17051, 'spearmanr': 0.17975, 'mse': 0.02175, 'rmse': 0.14747}
test: {'epoch': 43, 'time_epoch': 0.13365, 'loss': 0.10331913, 'lr': 0, 'params': 220085, 'time_iter': 0.00461, 'mae': 0.10332, 'r2': 0.19423, 'spearmanr': 0.37292, 'mse': 0.0158, 'rmse': 0.12572}
> Epoch 43: took 2.9s (avg 3.1s) | Best so far: epoch 36	train_loss: 0.1079 train_mae: 0.1079	val_loss: 0.1124 val_mae: 0.1124	test_loss: 0.1093 test_mae: 0.1093
train: {'epoch': 44, 'time_epoch': 2.52223, 'eta': 1204.17612, 'eta_hours': 0.33449, 'loss': 0.10683479, 'lr': 0.00088, 'params': 220085, 'time_iter': 0.01017, 'mae': 0.10683, 'r2': 0.09028, 'spearmanr': 0.30533, 'mse': 0.01796, 'rmse': 0.13402}
val: {'epoch': 44, 'time_epoch': 0.24834, 'loss': 0.1152181, 'lr': 0, 'params': 220085, 'time_iter': 0.00469, 'mae': 0.11522, 'r2': -0.14378, 'spearmanr': 0.18621, 'mse': 0.02125, 'rmse': 0.14578}
test: {'epoch': 44, 'time_epoch': 0.13311, 'loss': 0.10134221, 'lr': 0, 'params': 220085, 'time_iter': 0.00459, 'mae': 0.10134, 'r2': 0.21123, 'spearmanr': 0.36372, 'mse': 0.01547, 'rmse': 0.12438}
> Epoch 44: took 2.9s (avg 3.0s) | Best so far: epoch 36	train_loss: 0.1079 train_mae: 0.1079	val_loss: 0.1124 val_mae: 0.1124	test_loss: 0.1093 test_mae: 0.1093
train: {'epoch': 45, 'time_epoch': 2.56526, 'eta': 1200.72736, 'eta_hours': 0.33354, 'loss': 0.10623238, 'lr': 0.0009, 'params': 220085, 'time_iter': 0.01034, 'mae': 0.10623, 'r2': 0.09262, 'spearmanr': 0.31094, 'mse': 0.01792, 'rmse': 0.13385}
val: {'epoch': 45, 'time_epoch': 0.24909, 'loss': 0.11267794, 'lr': 0, 'params': 220085, 'time_iter': 0.0047, 'mae': 0.11268, 'r2': -0.03002, 'spearmanr': 0.17171, 'mse': 0.01914, 'rmse': 0.13834}
test: {'epoch': 45, 'time_epoch': 0.13434, 'loss': 0.11709336, 'lr': 0, 'params': 220085, 'time_iter': 0.00463, 'mae': 0.11709, 'r2': 0.024, 'spearmanr': 0.40051, 'mse': 0.01914, 'rmse': 0.13836}
> Epoch 45: took 3.0s (avg 3.0s) | Best so far: epoch 36	train_loss: 0.1079 train_mae: 0.1079	val_loss: 0.1124 val_mae: 0.1124	test_loss: 0.1093 test_mae: 0.1093
train: {'epoch': 46, 'time_epoch': 2.54562, 'eta': 1197.12688, 'eta_hours': 0.33254, 'loss': 0.10713641, 'lr': 0.00092, 'params': 220085, 'time_iter': 0.01026, 'mae': 0.10714, 'r2': 0.08393, 'spearmanr': 0.30857, 'mse': 0.01809, 'rmse': 0.13449}
val: {'epoch': 46, 'time_epoch': 0.2435, 'loss': 0.11579412, 'lr': 0, 'params': 220085, 'time_iter': 0.00459, 'mae': 0.11579, 'r2': -0.17328, 'spearmanr': 0.19294, 'mse': 0.0218, 'rmse': 0.14764}
test: {'epoch': 46, 'time_epoch': 0.13307, 'loss': 0.10877627, 'lr': 0, 'params': 220085, 'time_iter': 0.00459, 'mae': 0.10878, 'r2': 0.13439, 'spearmanr': 0.37839, 'mse': 0.01698, 'rmse': 0.1303}
> Epoch 46: took 2.9s (avg 3.0s) | Best so far: epoch 36	train_loss: 0.1079 train_mae: 0.1079	val_loss: 0.1124 val_mae: 0.1124	test_loss: 0.1093 test_mae: 0.1093
train: {'epoch': 47, 'time_epoch': 2.5567, 'eta': 1193.67475, 'eta_hours': 0.33158, 'loss': 0.10658091, 'lr': 0.00094, 'params': 220085, 'time_iter': 0.01031, 'mae': 0.10658, 'r2': 0.09649, 'spearmanr': 0.31369, 'mse': 0.01784, 'rmse': 0.13356}
val: {'epoch': 47, 'time_epoch': 0.24544, 'loss': 0.11418161, 'lr': 0, 'params': 220085, 'time_iter': 0.00463, 'mae': 0.11418, 'r2': -0.10501, 'spearmanr': 0.19265, 'mse': 0.02053, 'rmse': 0.14328}
test: {'epoch': 47, 'time_epoch': 0.13425, 'loss': 0.10678626, 'lr': 0, 'params': 220085, 'time_iter': 0.00463, 'mae': 0.10679, 'r2': 0.16339, 'spearmanr': 0.41195, 'mse': 0.01641, 'rmse': 0.1281}
> Epoch 47: took 2.9s (avg 3.0s) | Best so far: epoch 36	train_loss: 0.1079 train_mae: 0.1079	val_loss: 0.1124 val_mae: 0.1124	test_loss: 0.1093 test_mae: 0.1093
train: {'epoch': 48, 'time_epoch': 2.52757, 'eta': 1189.99105, 'eta_hours': 0.33055, 'loss': 0.10663922, 'lr': 0.00096, 'params': 220085, 'time_iter': 0.01019, 'mae': 0.10664, 'r2': 0.09338, 'spearmanr': 0.31123, 'mse': 0.0179, 'rmse': 0.13379}
val: {'epoch': 48, 'time_epoch': 0.24569, 'loss': 0.11634247, 'lr': 0, 'params': 220085, 'time_iter': 0.00464, 'mae': 0.11634, 'r2': -0.19621, 'spearmanr': 0.18349, 'mse': 0.02222, 'rmse': 0.14908}
test: {'epoch': 48, 'time_epoch': 0.13602, 'loss': 0.1115859, 'lr': 0, 'params': 220085, 'time_iter': 0.00469, 'mae': 0.11159, 'r2': 0.09429, 'spearmanr': 0.37434, 'mse': 0.01776, 'rmse': 0.13328}
> Epoch 48: took 2.9s (avg 3.0s) | Best so far: epoch 36	train_loss: 0.1079 train_mae: 0.1079	val_loss: 0.1124 val_mae: 0.1124	test_loss: 0.1093 test_mae: 0.1093
train: {'epoch': 49, 'time_epoch': 2.51349, 'eta': 1186.22682, 'eta_hours': 0.32951, 'loss': 0.10637199, 'lr': 0.00098, 'params': 220085, 'time_iter': 0.01014, 'mae': 0.10637, 'r2': 0.0951, 'spearmanr': 0.31967, 'mse': 0.01787, 'rmse': 0.13367}
val: {'epoch': 49, 'time_epoch': 0.24444, 'loss': 0.11543626, 'lr': 0, 'params': 220085, 'time_iter': 0.00461, 'mae': 0.11544, 'r2': -0.15515, 'spearmanr': 0.18091, 'mse': 0.02146, 'rmse': 0.1465}
test: {'epoch': 49, 'time_epoch': 0.13308, 'loss': 0.10112683, 'lr': 0, 'params': 220085, 'time_iter': 0.00459, 'mae': 0.10113, 'r2': 0.22795, 'spearmanr': 0.38734, 'mse': 0.01514, 'rmse': 0.12306}
> Epoch 49: took 2.9s (avg 3.0s) | Best so far: epoch 36	train_loss: 0.1079 train_mae: 0.1079	val_loss: 0.1124 val_mae: 0.1124	test_loss: 0.1093 test_mae: 0.1093
train: {'epoch': 50, 'time_epoch': 2.51849, 'eta': 1182.5557, 'eta_hours': 0.32849, 'loss': 0.10611418, 'lr': 0.001, 'params': 220085, 'time_iter': 0.01016, 'mae': 0.10611, 'r2': 0.09867, 'spearmanr': 0.32021, 'mse': 0.0178, 'rmse': 0.1334}
val: {'epoch': 50, 'time_epoch': 0.24484, 'loss': 0.11616683, 'lr': 0, 'params': 220085, 'time_iter': 0.00462, 'mae': 0.11617, 'r2': -0.13522, 'spearmanr': 0.19439, 'mse': 0.02109, 'rmse': 0.14523}
test: {'epoch': 50, 'time_epoch': 0.13336, 'loss': 0.11211873, 'lr': 0, 'params': 220085, 'time_iter': 0.0046, 'mae': 0.11212, 'r2': 0.10564, 'spearmanr': 0.35683, 'mse': 0.01754, 'rmse': 0.13245}
> Epoch 50: took 2.9s (avg 3.0s) | Best so far: epoch 36	train_loss: 0.1079 train_mae: 0.1079	val_loss: 0.1124 val_mae: 0.1124	test_loss: 0.1093 test_mae: 0.1093
train: {'epoch': 51, 'time_epoch': 2.51732, 'eta': 1178.91878, 'eta_hours': 0.32748, 'loss': 0.10545217, 'lr': 0.00099999, 'params': 220085, 'time_iter': 0.01015, 'mae': 0.10545, 'r2': 0.10803, 'spearmanr': 0.33568, 'mse': 0.01761, 'rmse': 0.13271}
val: {'epoch': 51, 'time_epoch': 0.24458, 'loss': 0.11446401, 'lr': 0, 'params': 220085, 'time_iter': 0.00461, 'mae': 0.11446, 'r2': -0.13924, 'spearmanr': 0.20659, 'mse': 0.02117, 'rmse': 0.14549}
test: {'epoch': 51, 'time_epoch': 0.13496, 'loss': 0.09728471, 'lr': 0, 'params': 220085, 'time_iter': 0.00465, 'mae': 0.09728, 'r2': 0.2495, 'spearmanr': 0.38797, 'mse': 0.01472, 'rmse': 0.12133}
> Epoch 51: took 2.9s (avg 3.0s) | Best so far: epoch 36	train_loss: 0.1079 train_mae: 0.1079	val_loss: 0.1124 val_mae: 0.1124	test_loss: 0.1093 test_mae: 0.1093
train: {'epoch': 52, 'time_epoch': 2.50321, 'eta': 1175.20511, 'eta_hours': 0.32645, 'loss': 0.1057256, 'lr': 0.00099995, 'params': 220085, 'time_iter': 0.01009, 'mae': 0.10573, 'r2': 0.09985, 'spearmanr': 0.31982, 'mse': 0.01777, 'rmse': 0.13332}
val: {'epoch': 52, 'time_epoch': 0.24391, 'loss': 0.11256623, 'lr': 0, 'params': 220085, 'time_iter': 0.0046, 'mae': 0.11257, 'r2': -0.08019, 'spearmanr': 0.18358, 'mse': 0.02007, 'rmse': 0.14167}
test: {'epoch': 52, 'time_epoch': 0.13433, 'loss': 0.10847974, 'lr': 0, 'params': 220085, 'time_iter': 0.00463, 'mae': 0.10848, 'r2': 0.11719, 'spearmanr': 0.34255, 'mse': 0.01732, 'rmse': 0.13159}
> Epoch 52: took 2.9s (avg 3.0s) | Best so far: epoch 36	train_loss: 0.1079 train_mae: 0.1079	val_loss: 0.1124 val_mae: 0.1124	test_loss: 0.1093 test_mae: 0.1093
train: {'epoch': 53, 'time_epoch': 2.51366, 'eta': 1171.62261, 'eta_hours': 0.32545, 'loss': 0.10548086, 'lr': 0.00099989, 'params': 220085, 'time_iter': 0.01014, 'mae': 0.10548, 'r2': 0.10428, 'spearmanr': 0.33219, 'mse': 0.01769, 'rmse': 0.13299}
val: {'epoch': 53, 'time_epoch': 0.24438, 'loss': 0.1162831, 'lr': 0, 'params': 220085, 'time_iter': 0.00461, 'mae': 0.11628, 'r2': -0.18172, 'spearmanr': 0.18236, 'mse': 0.02196, 'rmse': 0.14817}
test: {'epoch': 53, 'time_epoch': 0.13332, 'loss': 0.10319819, 'lr': 0, 'params': 220085, 'time_iter': 0.0046, 'mae': 0.1032, 'r2': 0.18565, 'spearmanr': 0.40777, 'mse': 0.01597, 'rmse': 0.12638}
> Epoch 53: took 2.9s (avg 3.0s) | Best so far: epoch 36	train_loss: 0.1079 train_mae: 0.1079	val_loss: 0.1124 val_mae: 0.1124	test_loss: 0.1093 test_mae: 0.1093
train: {'epoch': 54, 'time_epoch': 2.51014, 'eta': 1168.0505, 'eta_hours': 0.32446, 'loss': 0.1050987, 'lr': 0.00099981, 'params': 220085, 'time_iter': 0.01012, 'mae': 0.1051, 'r2': 0.10977, 'spearmanr': 0.33518, 'mse': 0.01758, 'rmse': 0.13258}
val: {'epoch': 54, 'time_epoch': 0.25288, 'loss': 0.11609168, 'lr': 0, 'params': 220085, 'time_iter': 0.00477, 'mae': 0.11609, 'r2': -0.13746, 'spearmanr': 0.10417, 'mse': 0.02113, 'rmse': 0.14537}
test: {'epoch': 54, 'time_epoch': 0.13521, 'loss': 0.10902706, 'lr': 0, 'params': 220085, 'time_iter': 0.00466, 'mae': 0.10903, 'r2': 0.13694, 'spearmanr': 0.31756, 'mse': 0.01693, 'rmse': 0.13011}
> Epoch 54: took 2.9s (avg 3.0s) | Best so far: epoch 36	train_loss: 0.1079 train_mae: 0.1079	val_loss: 0.1124 val_mae: 0.1124	test_loss: 0.1093 test_mae: 0.1093
train: {'epoch': 55, 'time_epoch': 2.51065, 'eta': 1164.52032, 'eta_hours': 0.32348, 'loss': 0.10543868, 'lr': 0.0009997, 'params': 220085, 'time_iter': 0.01012, 'mae': 0.10544, 'r2': 0.10515, 'spearmanr': 0.32836, 'mse': 0.01767, 'rmse': 0.13292}
val: {'epoch': 55, 'time_epoch': 0.24572, 'loss': 0.11138669, 'lr': 0, 'params': 220085, 'time_iter': 0.00464, 'mae': 0.11139, 'r2': -0.01264, 'spearmanr': 0.17327, 'mse': 0.01881, 'rmse': 0.13716}
test: {'epoch': 55, 'time_epoch': 0.13554, 'loss': 0.10967445, 'lr': 0, 'params': 220085, 'time_iter': 0.00467, 'mae': 0.10967, 'r2': 0.14033, 'spearmanr': 0.39287, 'mse': 0.01686, 'rmse': 0.12985}
> Epoch 55: took 2.9s (avg 3.0s) | Best so far: epoch 55	train_loss: 0.1054 train_mae: 0.1054	val_loss: 0.1114 val_mae: 0.1114	test_loss: 0.1097 test_mae: 0.1097
train: {'epoch': 56, 'time_epoch': 2.51264, 'eta': 1161.04144, 'eta_hours': 0.32251, 'loss': 0.10439601, 'lr': 0.00099956, 'params': 220085, 'time_iter': 0.01013, 'mae': 0.1044, 'r2': 0.10815, 'spearmanr': 0.33962, 'mse': 0.01761, 'rmse': 0.1327}
val: {'epoch': 56, 'time_epoch': 0.24483, 'loss': 0.11181095, 'lr': 0, 'params': 220085, 'time_iter': 0.00462, 'mae': 0.11181, 'r2': -0.0379, 'spearmanr': 0.19057, 'mse': 0.01928, 'rmse': 0.13886}
test: {'epoch': 56, 'time_epoch': 0.13359, 'loss': 0.10376031, 'lr': 0, 'params': 220085, 'time_iter': 0.00461, 'mae': 0.10376, 'r2': 0.20255, 'spearmanr': 0.42543, 'mse': 0.01564, 'rmse': 0.12507}
> Epoch 56: took 2.9s (avg 3.0s) | Best so far: epoch 55	train_loss: 0.1054 train_mae: 0.1054	val_loss: 0.1114 val_mae: 0.1114	test_loss: 0.1097 test_mae: 0.1097
train: {'epoch': 57, 'time_epoch': 2.55231, 'eta': 1157.89814, 'eta_hours': 0.32164, 'loss': 0.1041428, 'lr': 0.0009994, 'params': 220085, 'time_iter': 0.01029, 'mae': 0.10414, 'r2': 0.11985, 'spearmanr': 0.3474, 'mse': 0.01738, 'rmse': 0.13183}
val: {'epoch': 57, 'time_epoch': 0.24619, 'loss': 0.11613516, 'lr': 0, 'params': 220085, 'time_iter': 0.00465, 'mae': 0.11614, 'r2': -0.13624, 'spearmanr': 0.16082, 'mse': 0.02111, 'rmse': 0.14529}
test: {'epoch': 57, 'time_epoch': 0.13429, 'loss': 0.11534443, 'lr': 0, 'params': 220085, 'time_iter': 0.00463, 'mae': 0.11534, 'r2': 0.04099, 'spearmanr': 0.36487, 'mse': 0.01881, 'rmse': 0.13715}
> Epoch 57: took 2.9s (avg 3.0s) | Best so far: epoch 55	train_loss: 0.1054 train_mae: 0.1054	val_loss: 0.1114 val_mae: 0.1114	test_loss: 0.1097 test_mae: 0.1097
train: {'epoch': 58, 'time_epoch': 2.52035, 'eta': 1154.53603, 'eta_hours': 0.3207, 'loss': 0.10364746, 'lr': 0.00099922, 'params': 220085, 'time_iter': 0.01016, 'mae': 0.10365, 'r2': 0.10969, 'spearmanr': 0.34536, 'mse': 0.01758, 'rmse': 0.13259}
val: {'epoch': 58, 'time_epoch': 0.24583, 'loss': 0.11604254, 'lr': 0, 'params': 220085, 'time_iter': 0.00464, 'mae': 0.11604, 'r2': -0.19816, 'spearmanr': 0.17728, 'mse': 0.02226, 'rmse': 0.1492}
test: {'epoch': 58, 'time_epoch': 0.13398, 'loss': 0.1067097, 'lr': 0, 'params': 220085, 'time_iter': 0.00462, 'mae': 0.10671, 'r2': 0.15208, 'spearmanr': 0.41689, 'mse': 0.01663, 'rmse': 0.12896}
> Epoch 58: took 2.9s (avg 3.0s) | Best so far: epoch 55	train_loss: 0.1054 train_mae: 0.1054	val_loss: 0.1114 val_mae: 0.1114	test_loss: 0.1097 test_mae: 0.1097
train: {'epoch': 59, 'time_epoch': 2.51489, 'eta': 1151.16194, 'eta_hours': 0.31977, 'loss': 0.10424398, 'lr': 0.00099901, 'params': 220085, 'time_iter': 0.01014, 'mae': 0.10424, 'r2': 0.10519, 'spearmanr': 0.33246, 'mse': 0.01767, 'rmse': 0.13292}
val: {'epoch': 59, 'time_epoch': 0.24385, 'loss': 0.11354623, 'lr': 0, 'params': 220085, 'time_iter': 0.0046, 'mae': 0.11355, 'r2': -0.07951, 'spearmanr': 0.17521, 'mse': 0.02006, 'rmse': 0.14162}
test: {'epoch': 59, 'time_epoch': 0.13349, 'loss': 0.10669777, 'lr': 0, 'params': 220085, 'time_iter': 0.0046, 'mae': 0.1067, 'r2': 0.16437, 'spearmanr': 0.42843, 'mse': 0.01639, 'rmse': 0.12802}
> Epoch 59: took 2.9s (avg 3.0s) | Best so far: epoch 55	train_loss: 0.1054 train_mae: 0.1054	val_loss: 0.1114 val_mae: 0.1114	test_loss: 0.1097 test_mae: 0.1097
train: {'epoch': 60, 'time_epoch': 2.5213, 'eta': 1147.86211, 'eta_hours': 0.31885, 'loss': 0.10373668, 'lr': 0.00099878, 'params': 220085, 'time_iter': 0.01017, 'mae': 0.10374, 'r2': 0.11481, 'spearmanr': 0.34132, 'mse': 0.01748, 'rmse': 0.1322}
val: {'epoch': 60, 'time_epoch': 0.24523, 'loss': 0.11301264, 'lr': 0, 'params': 220085, 'time_iter': 0.00463, 'mae': 0.11301, 'r2': -0.07673, 'spearmanr': 0.15358, 'mse': 0.02, 'rmse': 0.14144}
test: {'epoch': 60, 'time_epoch': 0.13304, 'loss': 0.10914247, 'lr': 0, 'params': 220085, 'time_iter': 0.00459, 'mae': 0.10914, 'r2': 0.11992, 'spearmanr': 0.35854, 'mse': 0.01726, 'rmse': 0.13139}
> Epoch 60: took 2.9s (avg 3.0s) | Best so far: epoch 55	train_loss: 0.1054 train_mae: 0.1054	val_loss: 0.1114 val_mae: 0.1114	test_loss: 0.1097 test_mae: 0.1097
train: {'epoch': 61, 'time_epoch': 2.52933, 'eta': 1144.64412, 'eta_hours': 0.31796, 'loss': 0.1038047, 'lr': 0.00099853, 'params': 220085, 'time_iter': 0.0102, 'mae': 0.1038, 'r2': 0.11381, 'spearmanr': 0.34137, 'mse': 0.0175, 'rmse': 0.13228}
val: {'epoch': 61, 'time_epoch': 0.24469, 'loss': 0.11590361, 'lr': 0, 'params': 220085, 'time_iter': 0.00462, 'mae': 0.1159, 'r2': -0.17131, 'spearmanr': 0.16072, 'mse': 0.02176, 'rmse': 0.14752}
test: {'epoch': 61, 'time_epoch': 0.13418, 'loss': 0.10522947, 'lr': 0, 'params': 220085, 'time_iter': 0.00463, 'mae': 0.10523, 'r2': 0.17246, 'spearmanr': 0.30106, 'mse': 0.01623, 'rmse': 0.1274}
> Epoch 61: took 2.9s (avg 3.0s) | Best so far: epoch 55	train_loss: 0.1054 train_mae: 0.1054	val_loss: 0.1114 val_mae: 0.1114	test_loss: 0.1097 test_mae: 0.1097
train: {'epoch': 62, 'time_epoch': 2.51118, 'eta': 1141.32212, 'eta_hours': 0.31703, 'loss': 0.10328931, 'lr': 0.00099825, 'params': 220085, 'time_iter': 0.01013, 'mae': 0.10329, 'r2': 0.117, 'spearmanr': 0.35451, 'mse': 0.01743, 'rmse': 0.13204}
val: {'epoch': 62, 'time_epoch': 0.24507, 'loss': 0.11251448, 'lr': 0, 'params': 220085, 'time_iter': 0.00462, 'mae': 0.11251, 'r2': -0.06951, 'spearmanr': 0.16709, 'mse': 0.01987, 'rmse': 0.14096}
test: {'epoch': 62, 'time_epoch': 0.13304, 'loss': 0.11234907, 'lr': 0, 'params': 220085, 'time_iter': 0.00459, 'mae': 0.11235, 'r2': 0.08874, 'spearmanr': 0.34104, 'mse': 0.01787, 'rmse': 0.13369}
> Epoch 62: took 2.9s (avg 3.0s) | Best so far: epoch 55	train_loss: 0.1054 train_mae: 0.1054	val_loss: 0.1114 val_mae: 0.1114	test_loss: 0.1097 test_mae: 0.1097
train: {'epoch': 63, 'time_epoch': 2.50217, 'eta': 1137.96411, 'eta_hours': 0.3161, 'loss': 0.10307336, 'lr': 0.00099794, 'params': 220085, 'time_iter': 0.01009, 'mae': 0.10307, 'r2': 0.11555, 'spearmanr': 0.35547, 'mse': 0.01746, 'rmse': 0.13215}
val: {'epoch': 63, 'time_epoch': 0.24431, 'loss': 0.11519438, 'lr': 0, 'params': 220085, 'time_iter': 0.00461, 'mae': 0.11519, 'r2': -0.15566, 'spearmanr': 0.16664, 'mse': 0.02147, 'rmse': 0.14653}
test: {'epoch': 63, 'time_epoch': 0.13377, 'loss': 0.10280586, 'lr': 0, 'params': 220085, 'time_iter': 0.00461, 'mae': 0.10281, 'r2': 0.17675, 'spearmanr': 0.36051, 'mse': 0.01615, 'rmse': 0.12707}
> Epoch 63: took 2.9s (avg 3.0s) | Best so far: epoch 55	train_loss: 0.1054 train_mae: 0.1054	val_loss: 0.1114 val_mae: 0.1114	test_loss: 0.1097 test_mae: 0.1097
train: {'epoch': 64, 'time_epoch': 2.52457, 'eta': 1134.78233, 'eta_hours': 0.31522, 'loss': 0.10292855, 'lr': 0.00099761, 'params': 220085, 'time_iter': 0.01018, 'mae': 0.10293, 'r2': 0.13006, 'spearmanr': 0.36189, 'mse': 0.01718, 'rmse': 0.13106}
val: {'epoch': 64, 'time_epoch': 0.2465, 'loss': 0.11807284, 'lr': 0, 'params': 220085, 'time_iter': 0.00465, 'mae': 0.11807, 'r2': -0.23592, 'spearmanr': 0.17783, 'mse': 0.02296, 'rmse': 0.15153}
test: {'epoch': 64, 'time_epoch': 0.13343, 'loss': 0.1060873, 'lr': 0, 'params': 220085, 'time_iter': 0.0046, 'mae': 0.10609, 'r2': 0.12225, 'spearmanr': 0.32638, 'mse': 0.01722, 'rmse': 0.13121}
> Epoch 64: took 2.9s (avg 3.0s) | Best so far: epoch 55	train_loss: 0.1054 train_mae: 0.1054	val_loss: 0.1114 val_mae: 0.1114	test_loss: 0.1097 test_mae: 0.1097
train: {'epoch': 65, 'time_epoch': 2.5172, 'eta': 1131.57198, 'eta_hours': 0.31433, 'loss': 0.10239504, 'lr': 0.00099726, 'params': 220085, 'time_iter': 0.01015, 'mae': 0.1024, 'r2': 0.12469, 'spearmanr': 0.35443, 'mse': 0.01728, 'rmse': 0.13146}
val: {'epoch': 65, 'time_epoch': 0.24388, 'loss': 0.11490486, 'lr': 0, 'params': 220085, 'time_iter': 0.0046, 'mae': 0.1149, 'r2': -0.12977, 'spearmanr': 0.17782, 'mse': 0.02099, 'rmse': 0.14488}
test: {'epoch': 65, 'time_epoch': 0.13317, 'loss': 0.10274938, 'lr': 0, 'params': 220085, 'time_iter': 0.00459, 'mae': 0.10275, 'r2': 0.18692, 'spearmanr': 0.38559, 'mse': 0.01595, 'rmse': 0.12628}
> Epoch 65: took 2.9s (avg 3.0s) | Best so far: epoch 55	train_loss: 0.1054 train_mae: 0.1054	val_loss: 0.1114 val_mae: 0.1114	test_loss: 0.1097 test_mae: 0.1097
train: {'epoch': 66, 'time_epoch': 2.55159, 'eta': 1128.60456, 'eta_hours': 0.3135, 'loss': 0.10201245, 'lr': 0.00099688, 'params': 220085, 'time_iter': 0.01029, 'mae': 0.10201, 'r2': 0.1236, 'spearmanr': 0.35576, 'mse': 0.0173, 'rmse': 0.13155}
val: {'epoch': 66, 'time_epoch': 0.24517, 'loss': 0.11731885, 'lr': 0, 'params': 220085, 'time_iter': 0.00463, 'mae': 0.11732, 'r2': -0.21406, 'spearmanr': 0.18035, 'mse': 0.02256, 'rmse': 0.15019}
test: {'epoch': 66, 'time_epoch': 0.13281, 'loss': 0.1082415, 'lr': 0, 'params': 220085, 'time_iter': 0.00458, 'mae': 0.10824, 'r2': 0.12085, 'spearmanr': 0.32502, 'mse': 0.01724, 'rmse': 0.13132}
> Epoch 66: took 2.9s (avg 3.0s) | Best so far: epoch 55	train_loss: 0.1054 train_mae: 0.1054	val_loss: 0.1114 val_mae: 0.1114	test_loss: 0.1097 test_mae: 0.1097
train: {'epoch': 67, 'time_epoch': 2.54962, 'eta': 1125.63688, 'eta_hours': 0.31268, 'loss': 0.10154242, 'lr': 0.00099648, 'params': 220085, 'time_iter': 0.01028, 'mae': 0.10154, 'r2': 0.13315, 'spearmanr': 0.36764, 'mse': 0.01712, 'rmse': 0.13083}
val: {'epoch': 67, 'time_epoch': 0.2458, 'loss': 0.11796442, 'lr': 0, 'params': 220085, 'time_iter': 0.00464, 'mae': 0.11796, 'r2': -0.22444, 'spearmanr': 0.1713, 'mse': 0.02275, 'rmse': 0.15083}
test: {'epoch': 67, 'time_epoch': 0.13498, 'loss': 0.1256111, 'lr': 0, 'params': 220085, 'time_iter': 0.00465, 'mae': 0.12561, 'r2': -0.09103, 'spearmanr': 0.33384, 'mse': 0.0214, 'rmse': 0.14629}
> Epoch 67: took 2.9s (avg 3.0s) | Best so far: epoch 55	train_loss: 0.1054 train_mae: 0.1054	val_loss: 0.1114 val_mae: 0.1114	test_loss: 0.1097 test_mae: 0.1097
train: {'epoch': 68, 'time_epoch': 2.5628, 'eta': 1122.76363, 'eta_hours': 0.31188, 'loss': 0.10188325, 'lr': 0.00099606, 'params': 220085, 'time_iter': 0.01033, 'mae': 0.10188, 'r2': 0.12535, 'spearmanr': 0.36881, 'mse': 0.01727, 'rmse': 0.13141}
val: {'epoch': 68, 'time_epoch': 0.2463, 'loss': 0.11431961, 'lr': 0, 'params': 220085, 'time_iter': 0.00465, 'mae': 0.11432, 'r2': -0.10284, 'spearmanr': 0.16714, 'mse': 0.02049, 'rmse': 0.14314}
test: {'epoch': 68, 'time_epoch': 0.13377, 'loss': 0.11172073, 'lr': 0, 'params': 220085, 'time_iter': 0.00461, 'mae': 0.11172, 'r2': 0.08629, 'spearmanr': 0.356, 'mse': 0.01792, 'rmse': 0.13387}
> Epoch 68: took 3.0s (avg 3.0s) | Best so far: epoch 55	train_loss: 0.1054 train_mae: 0.1054	val_loss: 0.1114 val_mae: 0.1114	test_loss: 0.1097 test_mae: 0.1097
train: {'epoch': 69, 'time_epoch': 2.55858, 'eta': 1119.87332, 'eta_hours': 0.31108, 'loss': 0.10230574, 'lr': 0.00099561, 'params': 220085, 'time_iter': 0.01032, 'mae': 0.10231, 'r2': 0.11916, 'spearmanr': 0.35104, 'mse': 0.01739, 'rmse': 0.13188}
val: {'epoch': 69, 'time_epoch': 0.24454, 'loss': 0.11483022, 'lr': 0, 'params': 220085, 'time_iter': 0.00461, 'mae': 0.11483, 'r2': -0.12569, 'spearmanr': 0.16595, 'mse': 0.02091, 'rmse': 0.14462}
test: {'epoch': 69, 'time_epoch': 0.133, 'loss': 0.11460663, 'lr': 0, 'params': 220085, 'time_iter': 0.00459, 'mae': 0.11461, 'r2': 0.06326, 'spearmanr': 0.34999, 'mse': 0.01837, 'rmse': 0.13555}
> Epoch 69: took 2.9s (avg 3.0s) | Best so far: epoch 55	train_loss: 0.1054 train_mae: 0.1054	val_loss: 0.1114 val_mae: 0.1114	test_loss: 0.1097 test_mae: 0.1097
train: {'epoch': 70, 'time_epoch': 2.55496, 'eta': 1116.97052, 'eta_hours': 0.31027, 'loss': 0.10162124, 'lr': 0.00099513, 'params': 220085, 'time_iter': 0.0103, 'mae': 0.10162, 'r2': 0.13232, 'spearmanr': 0.36228, 'mse': 0.01713, 'rmse': 0.13089}
val: {'epoch': 70, 'time_epoch': 0.24367, 'loss': 0.11664183, 'lr': 0, 'params': 220085, 'time_iter': 0.0046, 'mae': 0.11664, 'r2': -0.17297, 'spearmanr': 0.17086, 'mse': 0.02179, 'rmse': 0.14762}
test: {'epoch': 70, 'time_epoch': 0.13314, 'loss': 0.11461255, 'lr': 0, 'params': 220085, 'time_iter': 0.00459, 'mae': 0.11461, 'r2': 0.03437, 'spearmanr': 0.36036, 'mse': 0.01894, 'rmse': 0.13762}
> Epoch 70: took 2.9s (avg 3.0s) | Best so far: epoch 55	train_loss: 0.1054 train_mae: 0.1054	val_loss: 0.1114 val_mae: 0.1114	test_loss: 0.1097 test_mae: 0.1097
train: {'epoch': 71, 'time_epoch': 2.56739, 'eta': 1114.15122, 'eta_hours': 0.30949, 'loss': 0.10162404, 'lr': 0.00099464, 'params': 220085, 'time_iter': 0.01035, 'mae': 0.10162, 'r2': 0.1334, 'spearmanr': 0.36542, 'mse': 0.01711, 'rmse': 0.13081}
val: {'epoch': 71, 'time_epoch': 0.24499, 'loss': 0.11389671, 'lr': 0, 'params': 220085, 'time_iter': 0.00462, 'mae': 0.1139, 'r2': -0.08987, 'spearmanr': 0.16805, 'mse': 0.02025, 'rmse': 0.1423}
test: {'epoch': 71, 'time_epoch': 0.13396, 'loss': 0.1121333, 'lr': 0, 'params': 220085, 'time_iter': 0.00462, 'mae': 0.11213, 'r2': 0.06349, 'spearmanr': 0.36976, 'mse': 0.01837, 'rmse': 0.13553}
> Epoch 71: took 3.0s (avg 3.0s) | Best so far: epoch 55	train_loss: 0.1054 train_mae: 0.1054	val_loss: 0.1114 val_mae: 0.1114	test_loss: 0.1097 test_mae: 0.1097
train: {'epoch': 72, 'time_epoch': 2.55431, 'eta': 1111.26235, 'eta_hours': 0.30868, 'loss': 0.10141804, 'lr': 0.00099411, 'params': 220085, 'time_iter': 0.0103, 'mae': 0.10142, 'r2': 0.13228, 'spearmanr': 0.36911, 'mse': 0.01713, 'rmse': 0.13089}
val: {'epoch': 72, 'time_epoch': 0.2437, 'loss': 0.11434421, 'lr': 0, 'params': 220085, 'time_iter': 0.0046, 'mae': 0.11434, 'r2': -0.1423, 'spearmanr': 0.17463, 'mse': 0.02122, 'rmse': 0.14568}
test: {'epoch': 72, 'time_epoch': 0.13328, 'loss': 0.11183822, 'lr': 0, 'params': 220085, 'time_iter': 0.0046, 'mae': 0.11184, 'r2': 0.07508, 'spearmanr': 0.29528, 'mse': 0.01814, 'rmse': 0.13469}
> Epoch 72: took 2.9s (avg 3.0s) | Best so far: epoch 55	train_loss: 0.1054 train_mae: 0.1054	val_loss: 0.1114 val_mae: 0.1114	test_loss: 0.1097 test_mae: 0.1097
train: {'epoch': 73, 'time_epoch': 2.54393, 'eta': 1108.32275, 'eta_hours': 0.30787, 'loss': 0.10103806, 'lr': 0.00099357, 'params': 220085, 'time_iter': 0.01026, 'mae': 0.10104, 'r2': 0.12891, 'spearmanr': 0.3788, 'mse': 0.0172, 'rmse': 0.13115}
val: {'epoch': 73, 'time_epoch': 0.24551, 'loss': 0.11714727, 'lr': 0, 'params': 220085, 'time_iter': 0.00463, 'mae': 0.11715, 'r2': -0.20039, 'spearmanr': 0.15999, 'mse': 0.0223, 'rmse': 0.14934}
test: {'epoch': 73, 'time_epoch': 0.13462, 'loss': 0.1058628, 'lr': 0, 'params': 220085, 'time_iter': 0.00464, 'mae': 0.10586, 'r2': 0.15893, 'spearmanr': 0.32329, 'mse': 0.0165, 'rmse': 0.12844}
> Epoch 73: took 2.9s (avg 3.0s) | Best so far: epoch 55	train_loss: 0.1054 train_mae: 0.1054	val_loss: 0.1114 val_mae: 0.1114	test_loss: 0.1097 test_mae: 0.1097
train: {'epoch': 74, 'time_epoch': 2.56636, 'eta': 1105.52082, 'eta_hours': 0.30709, 'loss': 0.10074869, 'lr': 0.000993, 'params': 220085, 'time_iter': 0.01035, 'mae': 0.10075, 'r2': 0.13766, 'spearmanr': 0.37338, 'mse': 0.01703, 'rmse': 0.13049}
val: {'epoch': 74, 'time_epoch': 0.2438, 'loss': 0.11710286, 'lr': 0, 'params': 220085, 'time_iter': 0.0046, 'mae': 0.1171, 'r2': -0.21656, 'spearmanr': 0.16862, 'mse': 0.0226, 'rmse': 0.15034}
test: {'epoch': 74, 'time_epoch': 0.13328, 'loss': 0.11328517, 'lr': 0, 'params': 220085, 'time_iter': 0.0046, 'mae': 0.11329, 'r2': 0.05387, 'spearmanr': 0.30862, 'mse': 0.01856, 'rmse': 0.13623}
> Epoch 74: took 3.0s (avg 3.0s) | Best so far: epoch 55	train_loss: 0.1054 train_mae: 0.1054	val_loss: 0.1114 val_mae: 0.1114	test_loss: 0.1097 test_mae: 0.1097
train: {'epoch': 75, 'time_epoch': 2.54562, 'eta': 1102.6094, 'eta_hours': 0.30628, 'loss': 0.10072395, 'lr': 0.0009924, 'params': 220085, 'time_iter': 0.01026, 'mae': 0.10072, 'r2': 0.13508, 'spearmanr': 0.37388, 'mse': 0.01708, 'rmse': 0.13068}
val: {'epoch': 75, 'time_epoch': 0.24568, 'loss': 0.11389793, 'lr': 0, 'params': 220085, 'time_iter': 0.00464, 'mae': 0.1139, 'r2': -0.11429, 'spearmanr': 0.18075, 'mse': 0.0207, 'rmse': 0.14388}
test: {'epoch': 75, 'time_epoch': 0.13332, 'loss': 0.11252707, 'lr': 0, 'params': 220085, 'time_iter': 0.0046, 'mae': 0.11253, 'r2': 0.08314, 'spearmanr': 0.3756, 'mse': 0.01798, 'rmse': 0.1341}
> Epoch 75: took 2.9s (avg 3.0s) | Best so far: epoch 55	train_loss: 0.1054 train_mae: 0.1054	val_loss: 0.1114 val_mae: 0.1114	test_loss: 0.1097 test_mae: 0.1097
train: {'epoch': 76, 'time_epoch': 2.57108, 'eta': 1099.84734, 'eta_hours': 0.30551, 'loss': 0.10078108, 'lr': 0.00099179, 'params': 220085, 'time_iter': 0.01037, 'mae': 0.10078, 'r2': 0.13788, 'spearmanr': 0.38256, 'mse': 0.01702, 'rmse': 0.13047}
val: {'epoch': 76, 'time_epoch': 0.24436, 'loss': 0.11801519, 'lr': 0, 'params': 220085, 'time_iter': 0.00461, 'mae': 0.11802, 'r2': -0.24827, 'spearmanr': 0.18386, 'mse': 0.02319, 'rmse': 0.15229}
test: {'epoch': 76, 'time_epoch': 0.13423, 'loss': 0.11723824, 'lr': 0, 'params': 220085, 'time_iter': 0.00463, 'mae': 0.11724, 'r2': 0.01464, 'spearmanr': 0.33332, 'mse': 0.01933, 'rmse': 0.13902}
> Epoch 76: took 3.0s (avg 3.0s) | Best so far: epoch 55	train_loss: 0.1054 train_mae: 0.1054	val_loss: 0.1114 val_mae: 0.1114	test_loss: 0.1097 test_mae: 0.1097
train: {'epoch': 77, 'time_epoch': 2.54464, 'eta': 1096.94712, 'eta_hours': 0.30471, 'loss': 0.0999011, 'lr': 0.00099114, 'params': 220085, 'time_iter': 0.01026, 'mae': 0.0999, 'r2': 0.15469, 'spearmanr': 0.39164, 'mse': 0.01669, 'rmse': 0.12919}
val: {'epoch': 77, 'time_epoch': 0.244, 'loss': 0.11668675, 'lr': 0, 'params': 220085, 'time_iter': 0.0046, 'mae': 0.11669, 'r2': -0.17265, 'spearmanr': 0.15226, 'mse': 0.02179, 'rmse': 0.1476}
test: {'epoch': 77, 'time_epoch': 0.13295, 'loss': 0.1145959, 'lr': 0, 'params': 220085, 'time_iter': 0.00458, 'mae': 0.1146, 'r2': 0.02988, 'spearmanr': 0.32781, 'mse': 0.01903, 'rmse': 0.13794}
> Epoch 77: took 2.9s (avg 3.0s) | Best so far: epoch 55	train_loss: 0.1054 train_mae: 0.1054	val_loss: 0.1114 val_mae: 0.1114	test_loss: 0.1097 test_mae: 0.1097
train: {'epoch': 78, 'time_epoch': 2.5442, 'eta': 1094.05354, 'eta_hours': 0.3039, 'loss': 0.09976175, 'lr': 0.00099048, 'params': 220085, 'time_iter': 0.01026, 'mae': 0.09976, 'r2': 0.14664, 'spearmanr': 0.38547, 'mse': 0.01685, 'rmse': 0.12981}
val: {'epoch': 78, 'time_epoch': 0.24524, 'loss': 0.11556689, 'lr': 0, 'params': 220085, 'time_iter': 0.00463, 'mae': 0.11557, 'r2': -0.15285, 'spearmanr': 0.17612, 'mse': 0.02142, 'rmse': 0.14635}
test: {'epoch': 78, 'time_epoch': 0.13338, 'loss': 0.11417367, 'lr': 0, 'params': 220085, 'time_iter': 0.0046, 'mae': 0.11417, 'r2': 0.05801, 'spearmanr': 0.30842, 'mse': 0.01848, 'rmse': 0.13593}
> Epoch 78: took 2.9s (avg 3.0s) | Best so far: epoch 55	train_loss: 0.1054 train_mae: 0.1054	val_loss: 0.1114 val_mae: 0.1114	test_loss: 0.1097 test_mae: 0.1097
train: {'epoch': 79, 'time_epoch': 2.55012, 'eta': 1091.19977, 'eta_hours': 0.30311, 'loss': 0.09959031, 'lr': 0.00098979, 'params': 220085, 'time_iter': 0.01028, 'mae': 0.09959, 'r2': 0.14601, 'spearmanr': 0.38501, 'mse': 0.01686, 'rmse': 0.12985}
val: {'epoch': 79, 'time_epoch': 0.24361, 'loss': 0.11540638, 'lr': 0, 'params': 220085, 'time_iter': 0.0046, 'mae': 0.11541, 'r2': -0.13592, 'spearmanr': 0.17249, 'mse': 0.0211, 'rmse': 0.14527}
test: {'epoch': 79, 'time_epoch': 0.13379, 'loss': 0.10832716, 'lr': 0, 'params': 220085, 'time_iter': 0.00461, 'mae': 0.10833, 'r2': 0.13403, 'spearmanr': 0.35725, 'mse': 0.01699, 'rmse': 0.13033}
> Epoch 79: took 2.9s (avg 3.0s) | Best so far: epoch 55	train_loss: 0.1054 train_mae: 0.1054	val_loss: 0.1114 val_mae: 0.1114	test_loss: 0.1097 test_mae: 0.1097
train: {'epoch': 80, 'time_epoch': 2.54313, 'eta': 1088.31734, 'eta_hours': 0.30231, 'loss': 0.099178, 'lr': 0.00098907, 'params': 220085, 'time_iter': 0.01025, 'mae': 0.09918, 'r2': 0.15168, 'spearmanr': 0.39446, 'mse': 0.01675, 'rmse': 0.12942}
val: {'epoch': 80, 'time_epoch': 0.24378, 'loss': 0.11782064, 'lr': 0, 'params': 220085, 'time_iter': 0.0046, 'mae': 0.11782, 'r2': -0.22349, 'spearmanr': 0.15452, 'mse': 0.02273, 'rmse': 0.15077}
test: {'epoch': 80, 'time_epoch': 0.13362, 'loss': 0.11437073, 'lr': 0, 'params': 220085, 'time_iter': 0.00461, 'mae': 0.11437, 'r2': 0.04827, 'spearmanr': 0.30202, 'mse': 0.01867, 'rmse': 0.13663}
> Epoch 80: took 2.9s (avg 3.0s) | Best so far: epoch 55	train_loss: 0.1054 train_mae: 0.1054	val_loss: 0.1114 val_mae: 0.1114	test_loss: 0.1097 test_mae: 0.1097
train: {'epoch': 81, 'time_epoch': 2.56151, 'eta': 1085.53691, 'eta_hours': 0.30154, 'loss': 0.09927097, 'lr': 0.00098834, 'params': 220085, 'time_iter': 0.01033, 'mae': 0.09927, 'r2': 0.15076, 'spearmanr': 0.39159, 'mse': 0.01677, 'rmse': 0.12949}
val: {'epoch': 81, 'time_epoch': 0.24376, 'loss': 0.11553443, 'lr': 0, 'params': 220085, 'time_iter': 0.0046, 'mae': 0.11553, 'r2': -0.17492, 'spearmanr': 0.18371, 'mse': 0.02183, 'rmse': 0.14775}
test: {'epoch': 81, 'time_epoch': 0.13308, 'loss': 0.1101844, 'lr': 0, 'params': 220085, 'time_iter': 0.00459, 'mae': 0.11018, 'r2': 0.10442, 'spearmanr': 0.32553, 'mse': 0.01757, 'rmse': 0.13254}
> Epoch 81: took 2.9s (avg 3.0s) | Best so far: epoch 55	train_loss: 0.1054 train_mae: 0.1054	val_loss: 0.1114 val_mae: 0.1114	test_loss: 0.1097 test_mae: 0.1097
train: {'epoch': 82, 'time_epoch': 2.52011, 'eta': 1082.55374, 'eta_hours': 0.30071, 'loss': 0.09833471, 'lr': 0.00098757, 'params': 220085, 'time_iter': 0.01016, 'mae': 0.09833, 'r2': 0.16131, 'spearmanr': 0.40815, 'mse': 0.01656, 'rmse': 0.12868}
val: {'epoch': 82, 'time_epoch': 0.24549, 'loss': 0.11580608, 'lr': 0, 'params': 220085, 'time_iter': 0.00463, 'mae': 0.11581, 'r2': -0.15355, 'spearmanr': 0.16426, 'mse': 0.02143, 'rmse': 0.1464}
test: {'epoch': 82, 'time_epoch': 0.13341, 'loss': 0.12316766, 'lr': 0, 'params': 220085, 'time_iter': 0.0046, 'mae': 0.12317, 'r2': -0.05892, 'spearmanr': 0.36547, 'mse': 0.02077, 'rmse': 0.14412}
> Epoch 82: took 2.9s (avg 3.0s) | Best so far: epoch 55	train_loss: 0.1054 train_mae: 0.1054	val_loss: 0.1114 val_mae: 0.1114	test_loss: 0.1097 test_mae: 0.1097
train: {'epoch': 83, 'time_epoch': 2.50188, 'eta': 1079.49134, 'eta_hours': 0.29986, 'loss': 0.0983773, 'lr': 0.00098679, 'params': 220085, 'time_iter': 0.01009, 'mae': 0.09838, 'r2': 0.15621, 'spearmanr': 0.39838, 'mse': 0.01666, 'rmse': 0.12907}
val: {'epoch': 83, 'time_epoch': 0.24371, 'loss': 0.11525161, 'lr': 0, 'params': 220085, 'time_iter': 0.0046, 'mae': 0.11525, 'r2': -0.15731, 'spearmanr': 0.17242, 'mse': 0.0215, 'rmse': 0.14663}
test: {'epoch': 83, 'time_epoch': 0.13317, 'loss': 0.11436636, 'lr': 0, 'params': 220085, 'time_iter': 0.00459, 'mae': 0.11437, 'r2': 0.05512, 'spearmanr': 0.34224, 'mse': 0.01853, 'rmse': 0.13614}
> Epoch 83: took 2.9s (avg 3.0s) | Best so far: epoch 55	train_loss: 0.1054 train_mae: 0.1054	val_loss: 0.1114 val_mae: 0.1114	test_loss: 0.1097 test_mae: 0.1097
train: {'epoch': 84, 'time_epoch': 2.5106, 'eta': 1076.48467, 'eta_hours': 0.29902, 'loss': 0.09813628, 'lr': 0.00098598, 'params': 220085, 'time_iter': 0.01012, 'mae': 0.09814, 'r2': 0.15251, 'spearmanr': 0.39854, 'mse': 0.01673, 'rmse': 0.12936}
val: {'epoch': 84, 'time_epoch': 0.24404, 'loss': 0.11779722, 'lr': 0, 'params': 220085, 'time_iter': 0.0046, 'mae': 0.1178, 'r2': -0.12249, 'spearmanr': 0.15228, 'mse': 0.02085, 'rmse': 0.14441}
test: {'epoch': 84, 'time_epoch': 0.13329, 'loss': 0.12456467, 'lr': 0, 'params': 220085, 'time_iter': 0.0046, 'mae': 0.12456, 'r2': -0.06203, 'spearmanr': 0.38569, 'mse': 0.02083, 'rmse': 0.14433}
> Epoch 84: took 2.9s (avg 3.0s) | Best so far: epoch 55	train_loss: 0.1054 train_mae: 0.1054	val_loss: 0.1114 val_mae: 0.1114	test_loss: 0.1097 test_mae: 0.1097
train: {'epoch': 85, 'time_epoch': 2.54724, 'eta': 1073.66591, 'eta_hours': 0.29824, 'loss': 0.09879, 'lr': 0.00098515, 'params': 220085, 'time_iter': 0.01027, 'mae': 0.09879, 'r2': 0.15879, 'spearmanr': 0.39339, 'mse': 0.01661, 'rmse': 0.12888}
val: {'epoch': 85, 'time_epoch': 0.24418, 'loss': 0.11536022, 'lr': 0, 'params': 220085, 'time_iter': 0.00461, 'mae': 0.11536, 'r2': -0.1694, 'spearmanr': 0.16723, 'mse': 0.02173, 'rmse': 0.1474}
test: {'epoch': 85, 'time_epoch': 0.13343, 'loss': 0.11249908, 'lr': 0, 'params': 220085, 'time_iter': 0.0046, 'mae': 0.1125, 'r2': 0.07873, 'spearmanr': 0.31366, 'mse': 0.01807, 'rmse': 0.13442}
> Epoch 85: took 2.9s (avg 3.0s) | Best so far: epoch 55	train_loss: 0.1054 train_mae: 0.1054	val_loss: 0.1114 val_mae: 0.1114	test_loss: 0.1097 test_mae: 0.1097
train: {'epoch': 86, 'time_epoch': 2.55734, 'eta': 1070.90135, 'eta_hours': 0.29747, 'loss': 0.09717095, 'lr': 0.00098429, 'params': 220085, 'time_iter': 0.01031, 'mae': 0.09717, 'r2': 0.17386, 'spearmanr': 0.41916, 'mse': 0.01631, 'rmse': 0.12772}
val: {'epoch': 86, 'time_epoch': 0.2468, 'loss': 0.11762217, 'lr': 0, 'params': 220085, 'time_iter': 0.00466, 'mae': 0.11762, 'r2': -0.22336, 'spearmanr': 0.16394, 'mse': 0.02273, 'rmse': 0.15076}
test: {'epoch': 86, 'time_epoch': 0.13413, 'loss': 0.12101742, 'lr': 0, 'params': 220085, 'time_iter': 0.00463, 'mae': 0.12102, 'r2': -0.03709, 'spearmanr': 0.36474, 'mse': 0.02034, 'rmse': 0.14262}
> Epoch 86: took 2.9s (avg 3.0s) | Best so far: epoch 55	train_loss: 0.1054 train_mae: 0.1054	val_loss: 0.1114 val_mae: 0.1114	test_loss: 0.1097 test_mae: 0.1097
train: {'epoch': 87, 'time_epoch': 2.54508, 'eta': 1068.0841, 'eta_hours': 0.29669, 'loss': 0.09792861, 'lr': 0.00098341, 'params': 220085, 'time_iter': 0.01026, 'mae': 0.09793, 'r2': 0.15972, 'spearmanr': 0.40928, 'mse': 0.01659, 'rmse': 0.12881}
val: {'epoch': 87, 'time_epoch': 0.24385, 'loss': 0.12102426, 'lr': 0, 'params': 220085, 'time_iter': 0.0046, 'mae': 0.12102, 'r2': -0.31973, 'spearmanr': 0.15086, 'mse': 0.02452, 'rmse': 0.15659}
test: {'epoch': 87, 'time_epoch': 0.1337, 'loss': 0.11975061, 'lr': 0, 'params': 220085, 'time_iter': 0.00461, 'mae': 0.11975, 'r2': -0.02223, 'spearmanr': 0.31294, 'mse': 0.02005, 'rmse': 0.1416}
> Epoch 87: took 2.9s (avg 3.0s) | Best so far: epoch 55	train_loss: 0.1054 train_mae: 0.1054	val_loss: 0.1114 val_mae: 0.1114	test_loss: 0.1097 test_mae: 0.1097
train: {'epoch': 88, 'time_epoch': 2.55411, 'eta': 1065.31468, 'eta_hours': 0.29592, 'loss': 0.09730347, 'lr': 0.00098251, 'params': 220085, 'time_iter': 0.0103, 'mae': 0.0973, 'r2': 0.17003, 'spearmanr': 0.41323, 'mse': 0.01639, 'rmse': 0.12801}
val: {'epoch': 88, 'time_epoch': 0.24391, 'loss': 0.11605109, 'lr': 0, 'params': 220085, 'time_iter': 0.0046, 'mae': 0.11605, 'r2': -0.16288, 'spearmanr': 0.17258, 'mse': 0.02161, 'rmse': 0.14699}
test: {'epoch': 88, 'time_epoch': 0.13342, 'loss': 0.1136207, 'lr': 0, 'params': 220085, 'time_iter': 0.0046, 'mae': 0.11362, 'r2': 0.04723, 'spearmanr': 0.29558, 'mse': 0.01869, 'rmse': 0.1367}
> Epoch 88: took 2.9s (avg 3.0s) | Best so far: epoch 55	train_loss: 0.1054 train_mae: 0.1054	val_loss: 0.1114 val_mae: 0.1114	test_loss: 0.1097 test_mae: 0.1097
train: {'epoch': 89, 'time_epoch': 2.54162, 'eta': 1062.49311, 'eta_hours': 0.29514, 'loss': 0.09747653, 'lr': 0.00098158, 'params': 220085, 'time_iter': 0.01025, 'mae': 0.09748, 'r2': 0.16495, 'spearmanr': 0.41774, 'mse': 0.01649, 'rmse': 0.12841}
val: {'epoch': 89, 'time_epoch': 0.25522, 'loss': 0.11830655, 'lr': 0, 'params': 220085, 'time_iter': 0.00482, 'mae': 0.11831, 'r2': -0.221, 'spearmanr': 0.12883, 'mse': 0.02269, 'rmse': 0.15062}
test: {'epoch': 89, 'time_epoch': 0.14957, 'loss': 0.11418342, 'lr': 0, 'params': 220085, 'time_iter': 0.00516, 'mae': 0.11418, 'r2': 0.05835, 'spearmanr': 0.37787, 'mse': 0.01847, 'rmse': 0.1359}
> Epoch 89: took 3.0s (avg 3.0s) | Best so far: epoch 55	train_loss: 0.1054 train_mae: 0.1054	val_loss: 0.1114 val_mae: 0.1114	test_loss: 0.1097 test_mae: 0.1097
train: {'epoch': 90, 'time_epoch': 3.05606, 'eta': 1061.98985, 'eta_hours': 0.295, 'loss': 0.09800529, 'lr': 0.00098063, 'params': 220085, 'time_iter': 0.01232, 'mae': 0.09801, 'r2': 0.15662, 'spearmanr': 0.40207, 'mse': 0.01665, 'rmse': 0.12904}
val: {'epoch': 90, 'time_epoch': 0.29342, 'loss': 0.11594569, 'lr': 0, 'params': 220085, 'time_iter': 0.00554, 'mae': 0.11595, 'r2': -0.17043, 'spearmanr': 0.1686, 'mse': 0.02175, 'rmse': 0.14746}
test: {'epoch': 90, 'time_epoch': 0.15488, 'loss': 0.12153435, 'lr': 0, 'params': 220085, 'time_iter': 0.00534, 'mae': 0.12153, 'r2': -0.05293, 'spearmanr': 0.34629, 'mse': 0.02065, 'rmse': 0.14371}
> Epoch 90: took 3.5s (avg 3.0s) | Best so far: epoch 55	train_loss: 0.1054 train_mae: 0.1054	val_loss: 0.1114 val_mae: 0.1114	test_loss: 0.1097 test_mae: 0.1097
train: {'epoch': 91, 'time_epoch': 3.34439, 'eta': 1062.70981, 'eta_hours': 0.2952, 'loss': 0.09703531, 'lr': 0.00097966, 'params': 220085, 'time_iter': 0.01349, 'mae': 0.09704, 'r2': 0.17438, 'spearmanr': 0.41732, 'mse': 0.0163, 'rmse': 0.12768}
val: {'epoch': 91, 'time_epoch': 0.34872, 'loss': 0.11954312, 'lr': 0, 'params': 220085, 'time_iter': 0.00658, 'mae': 0.11954, 'r2': -0.27845, 'spearmanr': 0.17077, 'mse': 0.02375, 'rmse': 0.15412}
test: {'epoch': 91, 'time_epoch': 0.16762, 'loss': 0.11557723, 'lr': 0, 'params': 220085, 'time_iter': 0.00578, 'mae': 0.11558, 'r2': 0.04128, 'spearmanr': 0.39357, 'mse': 0.0188, 'rmse': 0.13713}
> Epoch 91: took 3.9s (avg 3.0s) | Best so far: epoch 55	train_loss: 0.1054 train_mae: 0.1054	val_loss: 0.1114 val_mae: 0.1114	test_loss: 0.1097 test_mae: 0.1097
train: {'epoch': 92, 'time_epoch': 3.08089, 'eta': 1062.1892, 'eta_hours': 0.29505, 'loss': 0.09625677, 'lr': 0.00097866, 'params': 220085, 'time_iter': 0.01242, 'mae': 0.09626, 'r2': 0.17701, 'spearmanr': 0.42268, 'mse': 0.01625, 'rmse': 0.12747}
val: {'epoch': 92, 'time_epoch': 0.27512, 'loss': 0.11643406, 'lr': 0, 'params': 220085, 'time_iter': 0.00519, 'mae': 0.11643, 'r2': -0.18228, 'spearmanr': 0.14768, 'mse': 0.02197, 'rmse': 0.14821}
test: {'epoch': 92, 'time_epoch': 0.14071, 'loss': 0.11886562, 'lr': 0, 'params': 220085, 'time_iter': 0.00485, 'mae': 0.11887, 'r2': 0.01035, 'spearmanr': 0.37811, 'mse': 0.01941, 'rmse': 0.13932}
> Epoch 92: took 3.5s (avg 3.0s) | Best so far: epoch 55	train_loss: 0.1054 train_mae: 0.1054	val_loss: 0.1114 val_mae: 0.1114	test_loss: 0.1097 test_mae: 0.1097
train: {'epoch': 93, 'time_epoch': 2.73047, 'eta': 1060.10061, 'eta_hours': 0.29447, 'loss': 0.09618776, 'lr': 0.00097764, 'params': 220085, 'time_iter': 0.01101, 'mae': 0.09619, 'r2': 0.18223, 'spearmanr': 0.42624, 'mse': 0.01615, 'rmse': 0.12707}
val: {'epoch': 93, 'time_epoch': 0.26048, 'loss': 0.11772784, 'lr': 0, 'params': 220085, 'time_iter': 0.00491, 'mae': 0.11773, 'r2': -0.25045, 'spearmanr': 0.16836, 'mse': 0.02323, 'rmse': 0.15242}
test: {'epoch': 93, 'time_epoch': 0.13635, 'loss': 0.1154677, 'lr': 0, 'params': 220085, 'time_iter': 0.0047, 'mae': 0.11547, 'r2': 0.03556, 'spearmanr': 0.32587, 'mse': 0.01892, 'rmse': 0.13754}
> Epoch 93: took 3.1s (avg 3.0s) | Best so far: epoch 55	train_loss: 0.1054 train_mae: 0.1054	val_loss: 0.1114 val_mae: 0.1114	test_loss: 0.1097 test_mae: 0.1097
train: {'epoch': 94, 'time_epoch': 2.81585, 'eta': 1058.36244, 'eta_hours': 0.29399, 'loss': 0.09560355, 'lr': 0.0009766, 'params': 220085, 'time_iter': 0.01135, 'mae': 0.0956, 'r2': 0.18792, 'spearmanr': 0.43534, 'mse': 0.01603, 'rmse': 0.12663}
val: {'epoch': 94, 'time_epoch': 0.25275, 'loss': 0.11634269, 'lr': 0, 'params': 220085, 'time_iter': 0.00477, 'mae': 0.11634, 'r2': -0.16272, 'spearmanr': 0.17694, 'mse': 0.0216, 'rmse': 0.14698}
test: {'epoch': 94, 'time_epoch': 0.13732, 'loss': 0.12449127, 'lr': 0, 'params': 220085, 'time_iter': 0.00474, 'mae': 0.12449, 'r2': -0.11703, 'spearmanr': 0.31583, 'mse': 0.02191, 'rmse': 0.14802}
> Epoch 94: took 3.2s (avg 3.0s) | Best so far: epoch 55	train_loss: 0.1054 train_mae: 0.1054	val_loss: 0.1114 val_mae: 0.1114	test_loss: 0.1097 test_mae: 0.1097
train: {'epoch': 95, 'time_epoch': 2.81206, 'eta': 1056.5859, 'eta_hours': 0.2935, 'loss': 0.09532047, 'lr': 0.00097553, 'params': 220085, 'time_iter': 0.01134, 'mae': 0.09532, 'r2': 0.18299, 'spearmanr': 0.43264, 'mse': 0.01613, 'rmse': 0.12701}
val: {'epoch': 95, 'time_epoch': 0.25446, 'loss': 0.11590073, 'lr': 0, 'params': 220085, 'time_iter': 0.0048, 'mae': 0.1159, 'r2': -0.16628, 'spearmanr': 0.14998, 'mse': 0.02167, 'rmse': 0.1472}
test: {'epoch': 95, 'time_epoch': 0.13606, 'loss': 0.1115232, 'lr': 0, 'params': 220085, 'time_iter': 0.00469, 'mae': 0.11152, 'r2': 0.07981, 'spearmanr': 0.4015, 'mse': 0.01805, 'rmse': 0.13435}
> Epoch 95: took 3.2s (avg 3.0s) | Best so far: epoch 55	train_loss: 0.1054 train_mae: 0.1054	val_loss: 0.1114 val_mae: 0.1114	test_loss: 0.1097 test_mae: 0.1097
train: {'epoch': 96, 'time_epoch': 2.78453, 'eta': 1054.67365, 'eta_hours': 0.29296, 'loss': 0.09463271, 'lr': 0.00097444, 'params': 220085, 'time_iter': 0.01123, 'mae': 0.09463, 'r2': 0.18124, 'spearmanr': 0.43912, 'mse': 0.01617, 'rmse': 0.12715}
val: {'epoch': 96, 'time_epoch': 0.25573, 'loss': 0.1167143, 'lr': 0, 'params': 220085, 'time_iter': 0.00483, 'mae': 0.11671, 'r2': -0.18606, 'spearmanr': 0.17151, 'mse': 0.02204, 'rmse': 0.14844}
test: {'epoch': 96, 'time_epoch': 0.13827, 'loss': 0.11833683, 'lr': 0, 'params': 220085, 'time_iter': 0.00477, 'mae': 0.11834, 'r2': -0.01141, 'spearmanr': 0.35393, 'mse': 0.01984, 'rmse': 0.14085}
> Epoch 96: took 3.2s (avg 3.0s) | Best so far: epoch 55	train_loss: 0.1054 train_mae: 0.1054	val_loss: 0.1114 val_mae: 0.1114	test_loss: 0.1097 test_mae: 0.1097
train: {'epoch': 97, 'time_epoch': 2.70425, 'eta': 1052.41425, 'eta_hours': 0.29234, 'loss': 0.09554272, 'lr': 0.00097332, 'params': 220085, 'time_iter': 0.0109, 'mae': 0.09554, 'r2': 0.17968, 'spearmanr': 0.42901, 'mse': 0.0162, 'rmse': 0.12727}
val: {'epoch': 97, 'time_epoch': 0.2635, 'loss': 0.11639408, 'lr': 0, 'params': 220085, 'time_iter': 0.00497, 'mae': 0.11639, 'r2': -0.11323, 'spearmanr': 0.12835, 'mse': 0.02068, 'rmse': 0.14382}
test: {'epoch': 97, 'time_epoch': 0.14155, 'loss': 0.11539288, 'lr': 0, 'params': 220085, 'time_iter': 0.00488, 'mae': 0.11539, 'r2': 0.04, 'spearmanr': 0.26746, 'mse': 0.01883, 'rmse': 0.13722}
> Epoch 97: took 3.1s (avg 3.0s) | Best so far: epoch 55	train_loss: 0.1054 train_mae: 0.1054	val_loss: 0.1114 val_mae: 0.1114	test_loss: 0.1097 test_mae: 0.1097
train: {'epoch': 98, 'time_epoch': 2.70513, 'eta': 1050.14945, 'eta_hours': 0.29171, 'loss': 0.09528409, 'lr': 0.00097219, 'params': 220085, 'time_iter': 0.01091, 'mae': 0.09528, 'r2': 0.19011, 'spearmanr': 0.43562, 'mse': 0.01599, 'rmse': 0.12646}
val: {'epoch': 98, 'time_epoch': 0.25323, 'loss': 0.11667552, 'lr': 0, 'params': 220085, 'time_iter': 0.00478, 'mae': 0.11668, 'r2': -0.17353, 'spearmanr': 0.14376, 'mse': 0.0218, 'rmse': 0.14766}
test: {'epoch': 98, 'time_epoch': 0.13793, 'loss': 0.13248787, 'lr': 0, 'params': 220085, 'time_iter': 0.00476, 'mae': 0.13249, 'r2': -0.21866, 'spearmanr': 0.25719, 'mse': 0.0239, 'rmse': 0.15461}
> Epoch 98: took 3.1s (avg 3.0s) | Best so far: epoch 55	train_loss: 0.1054 train_mae: 0.1054	val_loss: 0.1114 val_mae: 0.1114	test_loss: 0.1097 test_mae: 0.1097
train: {'epoch': 99, 'time_epoch': 2.70296, 'eta': 1047.86717, 'eta_hours': 0.29107, 'loss': 0.09451535, 'lr': 0.00097103, 'params': 220085, 'time_iter': 0.0109, 'mae': 0.09452, 'r2': 0.19554, 'spearmanr': 0.44836, 'mse': 0.01588, 'rmse': 0.12603}
val: {'epoch': 99, 'time_epoch': 0.24607, 'loss': 0.11757006, 'lr': 0, 'params': 220085, 'time_iter': 0.00464, 'mae': 0.11757, 'r2': -0.22943, 'spearmanr': 0.13034, 'mse': 0.02284, 'rmse': 0.15113}
test: {'epoch': 99, 'time_epoch': 0.13373, 'loss': 0.12069256, 'lr': 0, 'params': 220085, 'time_iter': 0.00461, 'mae': 0.12069, 'r2': -0.04076, 'spearmanr': 0.30656, 'mse': 0.02041, 'rmse': 0.14288}
> Epoch 99: took 3.1s (avg 3.0s) | Best so far: epoch 55	train_loss: 0.1054 train_mae: 0.1054	val_loss: 0.1114 val_mae: 0.1114	test_loss: 0.1097 test_mae: 0.1097
train: {'epoch': 100, 'time_epoch': 2.71282, 'eta': 1045.61548, 'eta_hours': 0.29045, 'loss': 0.09424341, 'lr': 0.00096985, 'params': 220085, 'time_iter': 0.01094, 'mae': 0.09424, 'r2': 0.19556, 'spearmanr': 0.44344, 'mse': 0.01588, 'rmse': 0.12603}
val: {'epoch': 100, 'time_epoch': 0.24932, 'loss': 0.11696761, 'lr': 0, 'params': 220085, 'time_iter': 0.0047, 'mae': 0.11697, 'r2': -0.16008, 'spearmanr': 0.15702, 'mse': 0.02155, 'rmse': 0.14681}
test: {'epoch': 100, 'time_epoch': 0.13603, 'loss': 0.11852864, 'lr': 0, 'params': 220085, 'time_iter': 0.00469, 'mae': 0.11853, 'r2': -0.02341, 'spearmanr': 0.26897, 'mse': 0.02007, 'rmse': 0.14168}
> Epoch 100: took 3.1s (avg 3.0s) | Best so far: epoch 55	train_loss: 0.1054 train_mae: 0.1054	val_loss: 0.1114 val_mae: 0.1114	test_loss: 0.1097 test_mae: 0.1097
train: {'epoch': 101, 'time_epoch': 2.78359, 'eta': 1043.6309, 'eta_hours': 0.2899, 'loss': 0.09477448, 'lr': 0.00096864, 'params': 220085, 'time_iter': 0.01122, 'mae': 0.09477, 'r2': 0.19931, 'spearmanr': 0.44518, 'mse': 0.01581, 'rmse': 0.12574}
val: {'epoch': 101, 'time_epoch': 0.27129, 'loss': 0.11634822, 'lr': 0, 'params': 220085, 'time_iter': 0.00512, 'mae': 0.11635, 'r2': -0.16011, 'spearmanr': 0.16795, 'mse': 0.02155, 'rmse': 0.14681}
test: {'epoch': 101, 'time_epoch': 0.14455, 'loss': 0.11605931, 'lr': 0, 'params': 220085, 'time_iter': 0.00498, 'mae': 0.11606, 'r2': 0.00565, 'spearmanr': 0.34802, 'mse': 0.0195, 'rmse': 0.13965}
> Epoch 101: took 3.2s (avg 3.0s) | Best so far: epoch 55	train_loss: 0.1054 train_mae: 0.1054	val_loss: 0.1114 val_mae: 0.1114	test_loss: 0.1097 test_mae: 0.1097
train: {'epoch': 102, 'time_epoch': 2.64942, 'eta': 1041.11368, 'eta_hours': 0.2892, 'loss': 0.09352348, 'lr': 0.00096741, 'params': 220085, 'time_iter': 0.01068, 'mae': 0.09352, 'r2': 0.21022, 'spearmanr': 0.45431, 'mse': 0.01559, 'rmse': 0.12488}
val: {'epoch': 102, 'time_epoch': 0.26492, 'loss': 0.1186045, 'lr': 0, 'params': 220085, 'time_iter': 0.005, 'mae': 0.1186, 'r2': -0.24124, 'spearmanr': 0.16436, 'mse': 0.02306, 'rmse': 0.15186}
test: {'epoch': 102, 'time_epoch': 0.13755, 'loss': 0.11990462, 'lr': 0, 'params': 220085, 'time_iter': 0.00474, 'mae': 0.1199, 'r2': -0.04884, 'spearmanr': 0.37745, 'mse': 0.02057, 'rmse': 0.14343}
> Epoch 102: took 3.1s (avg 3.0s) | Best so far: epoch 55	train_loss: 0.1054 train_mae: 0.1054	val_loss: 0.1114 val_mae: 0.1114	test_loss: 0.1097 test_mae: 0.1097
train: {'epoch': 103, 'time_epoch': 2.88, 'eta': 1039.47189, 'eta_hours': 0.28874, 'loss': 0.0933446, 'lr': 0.00096616, 'params': 220085, 'time_iter': 0.01161, 'mae': 0.09334, 'r2': 0.20695, 'spearmanr': 0.45113, 'mse': 0.01566, 'rmse': 0.12513}
val: {'epoch': 103, 'time_epoch': 0.24972, 'loss': 0.11934435, 'lr': 0, 'params': 220085, 'time_iter': 0.00471, 'mae': 0.11934, 'r2': -0.27835, 'spearmanr': 0.16274, 'mse': 0.02375, 'rmse': 0.15411}
test: {'epoch': 103, 'time_epoch': 0.13555, 'loss': 0.12816584, 'lr': 0, 'params': 220085, 'time_iter': 0.00467, 'mae': 0.12817, 'r2': -0.15619, 'spearmanr': 0.33033, 'mse': 0.02268, 'rmse': 0.15059}
> Epoch 103: took 3.3s (avg 3.0s) | Best so far: epoch 55	train_loss: 0.1054 train_mae: 0.1054	val_loss: 0.1114 val_mae: 0.1114	test_loss: 0.1097 test_mae: 0.1097
train: {'epoch': 104, 'time_epoch': 2.96018, 'eta': 1038.10813, 'eta_hours': 0.28836, 'loss': 0.09365291, 'lr': 0.00096489, 'params': 220085, 'time_iter': 0.01194, 'mae': 0.09365, 'r2': 0.19883, 'spearmanr': 0.45454, 'mse': 0.01582, 'rmse': 0.12577}
val: {'epoch': 104, 'time_epoch': 0.26314, 'loss': 0.11657598, 'lr': 0, 'params': 220085, 'time_iter': 0.00496, 'mae': 0.11658, 'r2': -0.17416, 'spearmanr': 0.16107, 'mse': 0.02181, 'rmse': 0.1477}
test: {'epoch': 104, 'time_epoch': 0.14509, 'loss': 0.11288159, 'lr': 0, 'params': 220085, 'time_iter': 0.005, 'mae': 0.11288, 'r2': 0.05986, 'spearmanr': 0.40317, 'mse': 0.01844, 'rmse': 0.13579}
> Epoch 104: took 3.4s (avg 3.0s) | Best so far: epoch 55	train_loss: 0.1054 train_mae: 0.1054	val_loss: 0.1114 val_mae: 0.1114	test_loss: 0.1097 test_mae: 0.1097
train: {'epoch': 105, 'time_epoch': 2.90456, 'eta': 1036.50754, 'eta_hours': 0.28792, 'loss': 0.09247958, 'lr': 0.00096359, 'params': 220085, 'time_iter': 0.01171, 'mae': 0.09248, 'r2': 0.21193, 'spearmanr': 0.46446, 'mse': 0.01556, 'rmse': 0.12474}
val: {'epoch': 105, 'time_epoch': 0.26306, 'loss': 0.1187553, 'lr': 0, 'params': 220085, 'time_iter': 0.00496, 'mae': 0.11876, 'r2': -0.2547, 'spearmanr': 0.16737, 'mse': 0.02331, 'rmse': 0.15268}
test: {'epoch': 105, 'time_epoch': 0.14071, 'loss': 0.11593272, 'lr': 0, 'params': 220085, 'time_iter': 0.00485, 'mae': 0.11593, 'r2': -0.01014, 'spearmanr': 0.34384, 'mse': 0.01981, 'rmse': 0.14076}
> Epoch 105: took 3.3s (avg 3.0s) | Best so far: epoch 55	train_loss: 0.1054 train_mae: 0.1054	val_loss: 0.1114 val_mae: 0.1114	test_loss: 0.1097 test_mae: 0.1097
train: {'epoch': 106, 'time_epoch': 2.77655, 'eta': 1034.41241, 'eta_hours': 0.28734, 'loss': 0.09280728, 'lr': 0.00096227, 'params': 220085, 'time_iter': 0.0112, 'mae': 0.09281, 'r2': 0.20834, 'spearmanr': 0.46889, 'mse': 0.01563, 'rmse': 0.12502}
val: {'epoch': 106, 'time_epoch': 0.27056, 'loss': 0.11790156, 'lr': 0, 'params': 220085, 'time_iter': 0.0051, 'mae': 0.1179, 'r2': -0.23508, 'spearmanr': 0.15105, 'mse': 0.02295, 'rmse': 0.15148}
test: {'epoch': 106, 'time_epoch': 0.13602, 'loss': 0.12414844, 'lr': 0, 'params': 220085, 'time_iter': 0.00469, 'mae': 0.12415, 'r2': -0.11819, 'spearmanr': 0.3217, 'mse': 0.02193, 'rmse': 0.1481}
> Epoch 106: took 3.2s (avg 3.0s) | Best so far: epoch 55	train_loss: 0.1054 train_mae: 0.1054	val_loss: 0.1114 val_mae: 0.1114	test_loss: 0.1097 test_mae: 0.1097
train: {'epoch': 107, 'time_epoch': 2.84027, 'eta': 1032.53591, 'eta_hours': 0.28682, 'loss': 0.09317954, 'lr': 0.00096093, 'params': 220085, 'time_iter': 0.01145, 'mae': 0.09318, 'r2': 0.20701, 'spearmanr': 0.45332, 'mse': 0.01566, 'rmse': 0.12513}
val: {'epoch': 107, 'time_epoch': 0.28213, 'loss': 0.11501537, 'lr': 0, 'params': 220085, 'time_iter': 0.00532, 'mae': 0.11502, 'r2': -0.15274, 'spearmanr': 0.16073, 'mse': 0.02142, 'rmse': 0.14635}
test: {'epoch': 107, 'time_epoch': 0.1434, 'loss': 0.12142586, 'lr': 0, 'params': 220085, 'time_iter': 0.00494, 'mae': 0.12143, 'r2': -0.08367, 'spearmanr': 0.31319, 'mse': 0.02126, 'rmse': 0.14579}
> Epoch 107: took 3.3s (avg 3.0s) | Best so far: epoch 55	train_loss: 0.1054 train_mae: 0.1054	val_loss: 0.1114 val_mae: 0.1114	test_loss: 0.1097 test_mae: 0.1097
train: {'epoch': 108, 'time_epoch': 2.88204, 'eta': 1030.79157, 'eta_hours': 0.28633, 'loss': 0.09322365, 'lr': 0.00095957, 'params': 220085, 'time_iter': 0.01162, 'mae': 0.09322, 'r2': 0.20148, 'spearmanr': 0.44795, 'mse': 0.01577, 'rmse': 0.12557}
val: {'epoch': 108, 'time_epoch': 0.25027, 'loss': 0.11749775, 'lr': 0, 'params': 220085, 'time_iter': 0.00472, 'mae': 0.1175, 'r2': -0.21139, 'spearmanr': 0.1465, 'mse': 0.02251, 'rmse': 0.15002}
test: {'epoch': 108, 'time_epoch': 0.13599, 'loss': 0.12178266, 'lr': 0, 'params': 220085, 'time_iter': 0.00469, 'mae': 0.12178, 'r2': -0.09966, 'spearmanr': 0.28088, 'mse': 0.02157, 'rmse': 0.14686}
> Epoch 108: took 3.3s (avg 3.0s) | Best so far: epoch 55	train_loss: 0.1054 train_mae: 0.1054	val_loss: 0.1114 val_mae: 0.1114	test_loss: 0.1097 test_mae: 0.1097
train: {'epoch': 109, 'time_epoch': 2.7451, 'eta': 1028.54102, 'eta_hours': 0.28571, 'loss': 0.09337145, 'lr': 0.00095818, 'params': 220085, 'time_iter': 0.01107, 'mae': 0.09337, 'r2': 0.20473, 'spearmanr': 0.45309, 'mse': 0.0157, 'rmse': 0.12531}
val: {'epoch': 109, 'time_epoch': 0.24894, 'loss': 0.11685, 'lr': 0, 'params': 220085, 'time_iter': 0.0047, 'mae': 0.11685, 'r2': -0.19154, 'spearmanr': 0.15935, 'mse': 0.02214, 'rmse': 0.14879}
test: {'epoch': 109, 'time_epoch': 0.13679, 'loss': 0.11061226, 'lr': 0, 'params': 220085, 'time_iter': 0.00472, 'mae': 0.11061, 'r2': 0.07014, 'spearmanr': 0.30667, 'mse': 0.01824, 'rmse': 0.13505}
> Epoch 109: took 3.1s (avg 3.0s) | Best so far: epoch 55	train_loss: 0.1054 train_mae: 0.1054	val_loss: 0.1114 val_mae: 0.1114	test_loss: 0.1097 test_mae: 0.1097
train: {'epoch': 110, 'time_epoch': 2.64651, 'eta': 1025.93605, 'eta_hours': 0.28498, 'loss': 0.0935099, 'lr': 0.00095677, 'params': 220085, 'time_iter': 0.01067, 'mae': 0.09351, 'r2': 0.20229, 'spearmanr': 0.45434, 'mse': 0.01575, 'rmse': 0.1255}
val: {'epoch': 110, 'time_epoch': 0.24877, 'loss': 0.11948946, 'lr': 0, 'params': 220085, 'time_iter': 0.00469, 'mae': 0.11949, 'r2': -0.23619, 'spearmanr': 0.15319, 'mse': 0.02297, 'rmse': 0.15155}
test: {'epoch': 110, 'time_epoch': 0.1363, 'loss': 0.11819015, 'lr': 0, 'params': 220085, 'time_iter': 0.0047, 'mae': 0.11819, 'r2': -0.00335, 'spearmanr': 0.40774, 'mse': 0.01968, 'rmse': 0.14029}
> Epoch 110: took 3.0s (avg 3.0s) | Best so far: epoch 55	train_loss: 0.1054 train_mae: 0.1054	val_loss: 0.1114 val_mae: 0.1114	test_loss: 0.1097 test_mae: 0.1097
train: {'epoch': 111, 'time_epoch': 2.79559, 'eta': 1023.8468, 'eta_hours': 0.2844, 'loss': 0.09202719, 'lr': 0.00095534, 'params': 220085, 'time_iter': 0.01127, 'mae': 0.09203, 'r2': 0.21656, 'spearmanr': 0.46563, 'mse': 0.01547, 'rmse': 0.12437}
val: {'epoch': 111, 'time_epoch': 0.28241, 'loss': 0.11907593, 'lr': 0, 'params': 220085, 'time_iter': 0.00533, 'mae': 0.11908, 'r2': -0.27093, 'spearmanr': 0.14833, 'mse': 0.02361, 'rmse': 0.15366}
test: {'epoch': 111, 'time_epoch': 0.14838, 'loss': 0.11062207, 'lr': 0, 'params': 220085, 'time_iter': 0.00512, 'mae': 0.11062, 'r2': 0.05759, 'spearmanr': 0.31988, 'mse': 0.01848, 'rmse': 0.13596}
> Epoch 111: took 3.2s (avg 3.0s) | Best so far: epoch 55	train_loss: 0.1054 train_mae: 0.1054	val_loss: 0.1114 val_mae: 0.1114	test_loss: 0.1097 test_mae: 0.1097
train: {'epoch': 112, 'time_epoch': 2.93148, 'eta': 1022.21046, 'eta_hours': 0.28395, 'loss': 0.09257624, 'lr': 0.00095389, 'params': 220085, 'time_iter': 0.01182, 'mae': 0.09258, 'r2': 0.21653, 'spearmanr': 0.46781, 'mse': 0.01547, 'rmse': 0.12438}
val: {'epoch': 112, 'time_epoch': 0.24853, 'loss': 0.11731864, 'lr': 0, 'params': 220085, 'time_iter': 0.00469, 'mae': 0.11732, 'r2': -0.20864, 'spearmanr': 0.14819, 'mse': 0.02246, 'rmse': 0.14985}
test: {'epoch': 112, 'time_epoch': 0.13546, 'loss': 0.12298102, 'lr': 0, 'params': 220085, 'time_iter': 0.00467, 'mae': 0.12298, 'r2': -0.08942, 'spearmanr': 0.40776, 'mse': 0.02137, 'rmse': 0.14618}
> Epoch 112: took 3.3s (avg 3.0s) | Best so far: epoch 55	train_loss: 0.1054 train_mae: 0.1054	val_loss: 0.1114 val_mae: 0.1114	test_loss: 0.1097 test_mae: 0.1097
train: {'epoch': 113, 'time_epoch': 2.6276, 'eta': 1019.52245, 'eta_hours': 0.2832, 'loss': 0.09174541, 'lr': 0.00095241, 'params': 220085, 'time_iter': 0.0106, 'mae': 0.09175, 'r2': 0.22374, 'spearmanr': 0.47226, 'mse': 0.01533, 'rmse': 0.1238}
val: {'epoch': 113, 'time_epoch': 0.24907, 'loss': 0.1186896, 'lr': 0, 'params': 220085, 'time_iter': 0.0047, 'mae': 0.11869, 'r2': -0.27424, 'spearmanr': 0.15597, 'mse': 0.02367, 'rmse': 0.15386}
test: {'epoch': 113, 'time_epoch': 0.14661, 'loss': 0.11668448, 'lr': 0, 'params': 220085, 'time_iter': 0.00506, 'mae': 0.11668, 'r2': -0.02124, 'spearmanr': 0.34767, 'mse': 0.02003, 'rmse': 0.14153}
> Epoch 113: took 3.0s (avg 3.0s) | Best so far: epoch 55	train_loss: 0.1054 train_mae: 0.1054	val_loss: 0.1114 val_mae: 0.1114	test_loss: 0.1097 test_mae: 0.1097
train: {'epoch': 114, 'time_epoch': 2.95188, 'eta': 1017.92113, 'eta_hours': 0.28276, 'loss': 0.0914315, 'lr': 0.00095092, 'params': 220085, 'time_iter': 0.0119, 'mae': 0.09143, 'r2': 0.22759, 'spearmanr': 0.47775, 'mse': 0.01525, 'rmse': 0.1235}
val: {'epoch': 114, 'time_epoch': 0.26537, 'loss': 0.11587586, 'lr': 0, 'params': 220085, 'time_iter': 0.00501, 'mae': 0.11588, 'r2': -0.18927, 'spearmanr': 0.17066, 'mse': 0.0221, 'rmse': 0.14865}
test: {'epoch': 114, 'time_epoch': 0.14423, 'loss': 0.1324606, 'lr': 0, 'params': 220085, 'time_iter': 0.00497, 'mae': 0.13246, 'r2': -0.27621, 'spearmanr': 0.26879, 'mse': 0.02503, 'rmse': 0.15822}
> Epoch 114: took 3.4s (avg 3.0s) | Best so far: epoch 55	train_loss: 0.1054 train_mae: 0.1054	val_loss: 0.1114 val_mae: 0.1114	test_loss: 0.1097 test_mae: 0.1097
train: {'epoch': 115, 'time_epoch': 2.83589, 'eta': 1015.91255, 'eta_hours': 0.2822, 'loss': 0.09081151, 'lr': 0.0009494, 'params': 220085, 'time_iter': 0.01144, 'mae': 0.09081, 'r2': 0.22286, 'spearmanr': 0.47957, 'mse': 0.01534, 'rmse': 0.12387}
val: {'epoch': 115, 'time_epoch': 0.25396, 'loss': 0.11932022, 'lr': 0, 'params': 220085, 'time_iter': 0.00479, 'mae': 0.11932, 'r2': -0.29079, 'spearmanr': 0.15874, 'mse': 0.02398, 'rmse': 0.15486}
test: {'epoch': 115, 'time_epoch': 0.13718, 'loss': 0.12872134, 'lr': 0, 'params': 220085, 'time_iter': 0.00473, 'mae': 0.12872, 'r2': -0.20472, 'spearmanr': 0.30575, 'mse': 0.02363, 'rmse': 0.15372}
> Epoch 115: took 3.2s (avg 3.0s) | Best so far: epoch 55	train_loss: 0.1054 train_mae: 0.1054	val_loss: 0.1114 val_mae: 0.1114	test_loss: 0.1097 test_mae: 0.1097
train: {'epoch': 116, 'time_epoch': 2.75049, 'eta': 1013.61029, 'eta_hours': 0.28156, 'loss': 0.09090427, 'lr': 0.00094786, 'params': 220085, 'time_iter': 0.01109, 'mae': 0.0909, 'r2': 0.23336, 'spearmanr': 0.48254, 'mse': 0.01514, 'rmse': 0.12303}
val: {'epoch': 116, 'time_epoch': 0.24467, 'loss': 0.11903691, 'lr': 0, 'params': 220085, 'time_iter': 0.00462, 'mae': 0.11904, 'r2': -0.28266, 'spearmanr': 0.16027, 'mse': 0.02383, 'rmse': 0.15437}
test: {'epoch': 116, 'time_epoch': 0.14196, 'loss': 0.11623582, 'lr': 0, 'params': 220085, 'time_iter': 0.0049, 'mae': 0.11624, 'r2': 0.00241, 'spearmanr': 0.30026, 'mse': 0.01957, 'rmse': 0.13988}
> Epoch 116: took 3.1s (avg 3.0s) | Best so far: epoch 55	train_loss: 0.1054 train_mae: 0.1054	val_loss: 0.1114 val_mae: 0.1114	test_loss: 0.1097 test_mae: 0.1097
train: {'epoch': 117, 'time_epoch': 2.63809, 'eta': 1010.93657, 'eta_hours': 0.28082, 'loss': 0.09054261, 'lr': 0.00094629, 'params': 220085, 'time_iter': 0.01064, 'mae': 0.09054, 'r2': 0.2369, 'spearmanr': 0.48645, 'mse': 0.01507, 'rmse': 0.12275}
val: {'epoch': 117, 'time_epoch': 0.2544, 'loss': 0.1190909, 'lr': 0, 'params': 220085, 'time_iter': 0.0048, 'mae': 0.11909, 'r2': -0.26481, 'spearmanr': 0.1582, 'mse': 0.0235, 'rmse': 0.15329}
test: {'epoch': 117, 'time_epoch': 0.14037, 'loss': 0.12247129, 'lr': 0, 'params': 220085, 'time_iter': 0.00484, 'mae': 0.12247, 'r2': -0.09925, 'spearmanr': 0.34291, 'mse': 0.02156, 'rmse': 0.14684}
> Epoch 117: took 3.0s (avg 3.0s) | Best so far: epoch 55	train_loss: 0.1054 train_mae: 0.1054	val_loss: 0.1114 val_mae: 0.1114	test_loss: 0.1097 test_mae: 0.1097
train: {'epoch': 118, 'time_epoch': 2.66611, 'eta': 1008.35315, 'eta_hours': 0.2801, 'loss': 0.09045661, 'lr': 0.00094471, 'params': 220085, 'time_iter': 0.01075, 'mae': 0.09046, 'r2': 0.23693, 'spearmanr': 0.48489, 'mse': 0.01507, 'rmse': 0.12275}
val: {'epoch': 118, 'time_epoch': 0.2576, 'loss': 0.11936146, 'lr': 0, 'params': 220085, 'time_iter': 0.00486, 'mae': 0.11936, 'r2': -0.21449, 'spearmanr': 0.14186, 'mse': 0.02256, 'rmse': 0.15021}
test: {'epoch': 118, 'time_epoch': 0.13775, 'loss': 0.13073088, 'lr': 0, 'params': 220085, 'time_iter': 0.00475, 'mae': 0.13073, 'r2': -0.23093, 'spearmanr': 0.34775, 'mse': 0.02414, 'rmse': 0.15538}
> Epoch 118: took 3.1s (avg 3.0s) | Best so far: epoch 55	train_loss: 0.1054 train_mae: 0.1054	val_loss: 0.1114 val_mae: 0.1114	test_loss: 0.1097 test_mae: 0.1097
train: {'epoch': 119, 'time_epoch': 2.67395, 'eta': 1005.79317, 'eta_hours': 0.27939, 'loss': 0.09065135, 'lr': 0.0009431, 'params': 220085, 'time_iter': 0.01078, 'mae': 0.09065, 'r2': 0.23575, 'spearmanr': 0.4861, 'mse': 0.01509, 'rmse': 0.12284}
val: {'epoch': 119, 'time_epoch': 0.24636, 'loss': 0.12205454, 'lr': 0, 'params': 220085, 'time_iter': 0.00465, 'mae': 0.12205, 'r2': -0.34153, 'spearmanr': 0.13573, 'mse': 0.02492, 'rmse': 0.15787}
test: {'epoch': 119, 'time_epoch': 0.13355, 'loss': 0.12626131, 'lr': 0, 'params': 220085, 'time_iter': 0.00461, 'mae': 0.12626, 'r2': -0.15322, 'spearmanr': 0.22758, 'mse': 0.02262, 'rmse': 0.1504}
> Epoch 119: took 3.1s (avg 3.0s) | Best so far: epoch 55	train_loss: 0.1054 train_mae: 0.1054	val_loss: 0.1114 val_mae: 0.1114	test_loss: 0.1097 test_mae: 0.1097
train: {'epoch': 120, 'time_epoch': 2.61899, 'eta': 1003.05916, 'eta_hours': 0.27863, 'loss': 0.09030617, 'lr': 0.00094147, 'params': 220085, 'time_iter': 0.01056, 'mae': 0.09031, 'r2': 0.23511, 'spearmanr': 0.48774, 'mse': 0.0151, 'rmse': 0.12289}
val: {'epoch': 120, 'time_epoch': 0.24757, 'loss': 0.11682663, 'lr': 0, 'params': 220085, 'time_iter': 0.00467, 'mae': 0.11683, 'r2': -0.19038, 'spearmanr': 0.14712, 'mse': 0.02212, 'rmse': 0.14872}
test: {'epoch': 120, 'time_epoch': 0.13571, 'loss': 0.13131258, 'lr': 0, 'params': 220085, 'time_iter': 0.00468, 'mae': 0.13131, 'r2': -0.20336, 'spearmanr': 0.33855, 'mse': 0.0236, 'rmse': 0.15363}
> Epoch 120: took 3.0s (avg 3.0s) | Best so far: epoch 55	train_loss: 0.1054 train_mae: 0.1054	val_loss: 0.1114 val_mae: 0.1114	test_loss: 0.1097 test_mae: 0.1097
train: {'epoch': 121, 'time_epoch': 2.59607, 'eta': 1000.25601, 'eta_hours': 0.27785, 'loss': 0.08960922, 'lr': 0.00093982, 'params': 220085, 'time_iter': 0.01047, 'mae': 0.08961, 'r2': 0.24341, 'spearmanr': 0.49476, 'mse': 0.01494, 'rmse': 0.12222}
val: {'epoch': 121, 'time_epoch': 0.25283, 'loss': 0.11800031, 'lr': 0, 'params': 220085, 'time_iter': 0.00477, 'mae': 0.118, 'r2': -0.23807, 'spearmanr': 0.15555, 'mse': 0.023, 'rmse': 0.15166}
test: {'epoch': 121, 'time_epoch': 0.13498, 'loss': 0.11323927, 'lr': 0, 'params': 220085, 'time_iter': 0.00465, 'mae': 0.11324, 'r2': 0.0467, 'spearmanr': 0.37658, 'mse': 0.0187, 'rmse': 0.13674}
> Epoch 121: took 3.0s (avg 3.0s) | Best so far: epoch 55	train_loss: 0.1054 train_mae: 0.1054	val_loss: 0.1114 val_mae: 0.1114	test_loss: 0.1097 test_mae: 0.1097
train: {'epoch': 122, 'time_epoch': 2.67108, 'eta': 997.68616, 'eta_hours': 0.27714, 'loss': 0.08892409, 'lr': 0.00093815, 'params': 220085, 'time_iter': 0.01077, 'mae': 0.08892, 'r2': 0.25343, 'spearmanr': 0.50137, 'mse': 0.01474, 'rmse': 0.12141}
val: {'epoch': 122, 'time_epoch': 0.25122, 'loss': 0.11745505, 'lr': 0, 'params': 220085, 'time_iter': 0.00474, 'mae': 0.11746, 'r2': -0.23247, 'spearmanr': 0.1672, 'mse': 0.0229, 'rmse': 0.15132}
test: {'epoch': 122, 'time_epoch': 0.13947, 'loss': 0.11268239, 'lr': 0, 'params': 220085, 'time_iter': 0.00481, 'mae': 0.11268, 'r2': 0.03053, 'spearmanr': 0.31328, 'mse': 0.01902, 'rmse': 0.1379}
> Epoch 122: took 3.1s (avg 3.0s) | Best so far: epoch 55	train_loss: 0.1054 train_mae: 0.1054	val_loss: 0.1114 val_mae: 0.1114	test_loss: 0.1097 test_mae: 0.1097
train: {'epoch': 123, 'time_epoch': 2.60569, 'eta': 994.91639, 'eta_hours': 0.27637, 'loss': 0.08964144, 'lr': 0.00093646, 'params': 220085, 'time_iter': 0.01051, 'mae': 0.08964, 'r2': 0.24133, 'spearmanr': 0.49703, 'mse': 0.01498, 'rmse': 0.12239}
val: {'epoch': 123, 'time_epoch': 0.26333, 'loss': 0.11772761, 'lr': 0, 'params': 220085, 'time_iter': 0.00497, 'mae': 0.11773, 'r2': -0.2502, 'spearmanr': 0.15237, 'mse': 0.02323, 'rmse': 0.15241}
test: {'epoch': 123, 'time_epoch': 0.1417, 'loss': 0.11648325, 'lr': 0, 'params': 220085, 'time_iter': 0.00489, 'mae': 0.11648, 'r2': -0.00385, 'spearmanr': 0.30344, 'mse': 0.01969, 'rmse': 0.14032}
> Epoch 123: took 3.0s (avg 3.0s) | Best so far: epoch 55	train_loss: 0.1054 train_mae: 0.1054	val_loss: 0.1114 val_mae: 0.1114	test_loss: 0.1097 test_mae: 0.1097
train: {'epoch': 124, 'time_epoch': 2.64783, 'eta': 992.27567, 'eta_hours': 0.27563, 'loss': 0.0894808, 'lr': 0.00093475, 'params': 220085, 'time_iter': 0.01068, 'mae': 0.08948, 'r2': 0.23972, 'spearmanr': 0.495, 'mse': 0.01501, 'rmse': 0.12252}
val: {'epoch': 124, 'time_epoch': 0.26052, 'loss': 0.11813673, 'lr': 0, 'params': 220085, 'time_iter': 0.00492, 'mae': 0.11814, 'r2': -0.23718, 'spearmanr': 0.1442, 'mse': 0.02299, 'rmse': 0.15161}
test: {'epoch': 124, 'time_epoch': 0.14268, 'loss': 0.11780448, 'lr': 0, 'params': 220085, 'time_iter': 0.00492, 'mae': 0.1178, 'r2': -0.03518, 'spearmanr': 0.24862, 'mse': 0.0203, 'rmse': 0.14249}
> Epoch 124: took 3.1s (avg 3.0s) | Best so far: epoch 55	train_loss: 0.1054 train_mae: 0.1054	val_loss: 0.1114 val_mae: 0.1114	test_loss: 0.1097 test_mae: 0.1097
train: {'epoch': 125, 'time_epoch': 2.7317, 'eta': 989.88379, 'eta_hours': 0.27497, 'loss': 0.08819088, 'lr': 0.00093301, 'params': 220085, 'time_iter': 0.01101, 'mae': 0.08819, 'r2': 0.25807, 'spearmanr': 0.50765, 'mse': 0.01465, 'rmse': 0.12103}
val: {'epoch': 125, 'time_epoch': 0.24576, 'loss': 0.11964928, 'lr': 0, 'params': 220085, 'time_iter': 0.00464, 'mae': 0.11965, 'r2': -0.28433, 'spearmanr': 0.12102, 'mse': 0.02386, 'rmse': 0.15447}
test: {'epoch': 125, 'time_epoch': 0.13362, 'loss': 0.12750246, 'lr': 0, 'params': 220085, 'time_iter': 0.00461, 'mae': 0.1275, 'r2': -0.19241, 'spearmanr': 0.22537, 'mse': 0.02339, 'rmse': 0.15293}
> Epoch 125: took 3.1s (avg 3.0s) | Best so far: epoch 55	train_loss: 0.1054 train_mae: 0.1054	val_loss: 0.1114 val_mae: 0.1114	test_loss: 0.1097 test_mae: 0.1097
train: {'epoch': 126, 'time_epoch': 2.81867, 'eta': 987.74198, 'eta_hours': 0.27437, 'loss': 0.08865189, 'lr': 0.00093126, 'params': 220085, 'time_iter': 0.01137, 'mae': 0.08865, 'r2': 0.24505, 'spearmanr': 0.49781, 'mse': 0.01491, 'rmse': 0.12209}
val: {'epoch': 126, 'time_epoch': 0.27862, 'loss': 0.11938641, 'lr': 0, 'params': 220085, 'time_iter': 0.00526, 'mae': 0.11939, 'r2': -0.28957, 'spearmanr': 0.13981, 'mse': 0.02396, 'rmse': 0.15479}
test: {'epoch': 126, 'time_epoch': 0.14966, 'loss': 0.1304243, 'lr': 0, 'params': 220085, 'time_iter': 0.00516, 'mae': 0.13042, 'r2': -0.24651, 'spearmanr': 0.28284, 'mse': 0.02445, 'rmse': 0.15636}
> Epoch 126: took 3.3s (avg 3.0s) | Best so far: epoch 55	train_loss: 0.1054 train_mae: 0.1054	val_loss: 0.1114 val_mae: 0.1114	test_loss: 0.1097 test_mae: 0.1097
train: {'epoch': 127, 'time_epoch': 2.82129, 'eta': 985.59721, 'eta_hours': 0.27378, 'loss': 0.08828493, 'lr': 0.00092948, 'params': 220085, 'time_iter': 0.01138, 'mae': 0.08828, 'r2': 0.25794, 'spearmanr': 0.50249, 'mse': 0.01465, 'rmse': 0.12104}
val: {'epoch': 127, 'time_epoch': 0.2637, 'loss': 0.11958439, 'lr': 0, 'params': 220085, 'time_iter': 0.00498, 'mae': 0.11958, 'r2': -0.28088, 'spearmanr': 0.14126, 'mse': 0.0238, 'rmse': 0.15426}
test: {'epoch': 127, 'time_epoch': 0.15403, 'loss': 0.1316746, 'lr': 0, 'params': 220085, 'time_iter': 0.00531, 'mae': 0.13167, 'r2': -0.28143, 'spearmanr': 0.29197, 'mse': 0.02513, 'rmse': 0.15854}
> Epoch 127: took 3.2s (avg 3.1s) | Best so far: epoch 55	train_loss: 0.1054 train_mae: 0.1054	val_loss: 0.1114 val_mae: 0.1114	test_loss: 0.1097 test_mae: 0.1097
train: {'epoch': 128, 'time_epoch': 3.14433, 'eta': 984.37101, 'eta_hours': 0.27344, 'loss': 0.08785158, 'lr': 0.00092768, 'params': 220085, 'time_iter': 0.01268, 'mae': 0.08785, 'r2': 0.26146, 'spearmanr': 0.50723, 'mse': 0.01458, 'rmse': 0.12076}
val: {'epoch': 128, 'time_epoch': 0.28633, 'loss': 0.11705356, 'lr': 0, 'params': 220085, 'time_iter': 0.0054, 'mae': 0.11705, 'r2': -0.16303, 'spearmanr': 0.11063, 'mse': 0.02161, 'rmse': 0.147}
test: {'epoch': 128, 'time_epoch': 0.16687, 'loss': 0.13446374, 'lr': 0, 'params': 220085, 'time_iter': 0.00575, 'mae': 0.13446, 'r2': -0.33882, 'spearmanr': 0.32681, 'mse': 0.02626, 'rmse': 0.16205}
> Epoch 128: took 3.6s (avg 3.1s) | Best so far: epoch 55	train_loss: 0.1054 train_mae: 0.1054	val_loss: 0.1114 val_mae: 0.1114	test_loss: 0.1097 test_mae: 0.1097
train: {'epoch': 129, 'time_epoch': 3.0538, 'eta': 982.85762, 'eta_hours': 0.27302, 'loss': 0.08816275, 'lr': 0.00092586, 'params': 220085, 'time_iter': 0.01231, 'mae': 0.08816, 'r2': 0.25886, 'spearmanr': 0.50192, 'mse': 0.01463, 'rmse': 0.12097}
val: {'epoch': 129, 'time_epoch': 0.27339, 'loss': 0.11768961, 'lr': 0, 'params': 220085, 'time_iter': 0.00516, 'mae': 0.11769, 'r2': -0.20653, 'spearmanr': 0.12478, 'mse': 0.02242, 'rmse': 0.14972}
test: {'epoch': 129, 'time_epoch': 0.14522, 'loss': 0.12516387, 'lr': 0, 'params': 220085, 'time_iter': 0.00501, 'mae': 0.12516, 'r2': -0.13684, 'spearmanr': 0.34063, 'mse': 0.0223, 'rmse': 0.14933}
> Epoch 129: took 3.5s (avg 3.1s) | Best so far: epoch 55	train_loss: 0.1054 train_mae: 0.1054	val_loss: 0.1114 val_mae: 0.1114	test_loss: 0.1097 test_mae: 0.1097
train: {'epoch': 130, 'time_epoch': 2.75015, 'eta': 980.46539, 'eta_hours': 0.27235, 'loss': 0.08855084, 'lr': 0.00092402, 'params': 220085, 'time_iter': 0.01109, 'mae': 0.08855, 'r2': 0.26162, 'spearmanr': 0.50695, 'mse': 0.01458, 'rmse': 0.12074}
val: {'epoch': 130, 'time_epoch': 0.25076, 'loss': 0.11920031, 'lr': 0, 'params': 220085, 'time_iter': 0.00473, 'mae': 0.1192, 'r2': -0.24877, 'spearmanr': 0.13058, 'mse': 0.0232, 'rmse': 0.15232}
test: {'epoch': 130, 'time_epoch': 0.13619, 'loss': 0.12921493, 'lr': 0, 'params': 220085, 'time_iter': 0.0047, 'mae': 0.12921, 'r2': -0.25059, 'spearmanr': 0.2606, 'mse': 0.02453, 'rmse': 0.15662}
> Epoch 130: took 3.1s (avg 3.1s) | Best so far: epoch 55	train_loss: 0.1054 train_mae: 0.1054	val_loss: 0.1114 val_mae: 0.1114	test_loss: 0.1097 test_mae: 0.1097
train: {'epoch': 131, 'time_epoch': 2.56082, 'eta': 977.53992, 'eta_hours': 0.27154, 'loss': 0.08727397, 'lr': 0.00092216, 'params': 220085, 'time_iter': 0.01033, 'mae': 0.08727, 'r2': 0.2662, 'spearmanr': 0.51534, 'mse': 0.01449, 'rmse': 0.12037}
val: {'epoch': 131, 'time_epoch': 0.24458, 'loss': 0.1210615, 'lr': 0, 'params': 220085, 'time_iter': 0.00461, 'mae': 0.12106, 'r2': -0.25006, 'spearmanr': 0.13846, 'mse': 0.02322, 'rmse': 0.1524}
test: {'epoch': 131, 'time_epoch': 0.13423, 'loss': 0.12711874, 'lr': 0, 'params': 220085, 'time_iter': 0.00463, 'mae': 0.12712, 'r2': -0.20561, 'spearmanr': 0.29984, 'mse': 0.02365, 'rmse': 0.15378}
> Epoch 131: took 2.9s (avg 3.1s) | Best so far: epoch 55	train_loss: 0.1054 train_mae: 0.1054	val_loss: 0.1114 val_mae: 0.1114	test_loss: 0.1097 test_mae: 0.1097
train: {'epoch': 132, 'time_epoch': 2.58439, 'eta': 974.68499, 'eta_hours': 0.27075, 'loss': 0.08677193, 'lr': 0.00092028, 'params': 220085, 'time_iter': 0.01042, 'mae': 0.08677, 'r2': 0.26692, 'spearmanr': 0.51571, 'mse': 0.01447, 'rmse': 0.12031}
val: {'epoch': 132, 'time_epoch': 0.24722, 'loss': 0.11942115, 'lr': 0, 'params': 220085, 'time_iter': 0.00466, 'mae': 0.11942, 'r2': -0.26593, 'spearmanr': 0.13235, 'mse': 0.02352, 'rmse': 0.15336}
test: {'epoch': 132, 'time_epoch': 0.13556, 'loss': 0.13354153, 'lr': 0, 'params': 220085, 'time_iter': 0.00467, 'mae': 0.13354, 'r2': -0.30797, 'spearmanr': 0.28851, 'mse': 0.02565, 'rmse': 0.16017}
> Epoch 132: took 3.0s (avg 3.1s) | Best so far: epoch 55	train_loss: 0.1054 train_mae: 0.1054	val_loss: 0.1114 val_mae: 0.1114	test_loss: 0.1097 test_mae: 0.1097
train: {'epoch': 133, 'time_epoch': 2.72674, 'eta': 972.22287, 'eta_hours': 0.27006, 'loss': 0.08685877, 'lr': 0.00091838, 'params': 220085, 'time_iter': 0.01099, 'mae': 0.08686, 'r2': 0.27645, 'spearmanr': 0.51949, 'mse': 0.01429, 'rmse': 0.11953}
val: {'epoch': 133, 'time_epoch': 0.24636, 'loss': 0.11730514, 'lr': 0, 'params': 220085, 'time_iter': 0.00465, 'mae': 0.11731, 'r2': -0.20717, 'spearmanr': 0.15866, 'mse': 0.02243, 'rmse': 0.14976}
test: {'epoch': 133, 'time_epoch': 0.13989, 'loss': 0.12569519, 'lr': 0, 'params': 220085, 'time_iter': 0.00482, 'mae': 0.1257, 'r2': -0.146, 'spearmanr': 0.33057, 'mse': 0.02248, 'rmse': 0.14993}
> Epoch 133: took 3.1s (avg 3.1s) | Best so far: epoch 55	train_loss: 0.1054 train_mae: 0.1054	val_loss: 0.1114 val_mae: 0.1114	test_loss: 0.1097 test_mae: 0.1097
train: {'epoch': 134, 'time_epoch': 2.63978, 'eta': 969.52173, 'eta_hours': 0.26931, 'loss': 0.08636995, 'lr': 0.00091646, 'params': 220085, 'time_iter': 0.01064, 'mae': 0.08637, 'r2': 0.27832, 'spearmanr': 0.52143, 'mse': 0.01425, 'rmse': 0.11937}
val: {'epoch': 134, 'time_epoch': 0.24719, 'loss': 0.11701358, 'lr': 0, 'params': 220085, 'time_iter': 0.00466, 'mae': 0.11701, 'r2': -0.20646, 'spearmanr': 0.13699, 'mse': 0.02241, 'rmse': 0.14972}
test: {'epoch': 134, 'time_epoch': 0.13787, 'loss': 0.12460609, 'lr': 0, 'params': 220085, 'time_iter': 0.00475, 'mae': 0.12461, 'r2': -0.12788, 'spearmanr': 0.28772, 'mse': 0.02212, 'rmse': 0.14874}
> Epoch 134: took 3.0s (avg 3.1s) | Best so far: epoch 55	train_loss: 0.1054 train_mae: 0.1054	val_loss: 0.1114 val_mae: 0.1114	test_loss: 0.1097 test_mae: 0.1097
train: {'epoch': 135, 'time_epoch': 2.59159, 'eta': 966.69251, 'eta_hours': 0.26853, 'loss': 0.08657945, 'lr': 0.00091452, 'params': 220085, 'time_iter': 0.01045, 'mae': 0.08658, 'r2': 0.27154, 'spearmanr': 0.52044, 'mse': 0.01438, 'rmse': 0.11993}
val: {'epoch': 135, 'time_epoch': 0.24803, 'loss': 0.12127609, 'lr': 0, 'params': 220085, 'time_iter': 0.00468, 'mae': 0.12128, 'r2': -0.31926, 'spearmanr': 0.14034, 'mse': 0.02451, 'rmse': 0.15656}
test: {'epoch': 135, 'time_epoch': 0.13385, 'loss': 0.12315594, 'lr': 0, 'params': 220085, 'time_iter': 0.00462, 'mae': 0.12316, 'r2': -0.1208, 'spearmanr': 0.28677, 'mse': 0.02198, 'rmse': 0.14827}
> Epoch 135: took 3.0s (avg 3.1s) | Best so far: epoch 55	train_loss: 0.1054 train_mae: 0.1054	val_loss: 0.1114 val_mae: 0.1114	test_loss: 0.1097 test_mae: 0.1097
train: {'epoch': 136, 'time_epoch': 2.58446, 'eta': 963.84787, 'eta_hours': 0.26774, 'loss': 0.08665734, 'lr': 0.00091256, 'params': 220085, 'time_iter': 0.01042, 'mae': 0.08666, 'r2': 0.27878, 'spearmanr': 0.5209, 'mse': 0.01424, 'rmse': 0.11933}
val: {'epoch': 136, 'time_epoch': 0.24636, 'loss': 0.12093918, 'lr': 0, 'params': 220085, 'time_iter': 0.00465, 'mae': 0.12094, 'r2': -0.2935, 'spearmanr': 0.13262, 'mse': 0.02403, 'rmse': 0.15502}
test: {'epoch': 136, 'time_epoch': 0.13689, 'loss': 0.11745628, 'lr': 0, 'params': 220085, 'time_iter': 0.00472, 'mae': 0.11746, 'r2': -0.05753, 'spearmanr': 0.3534, 'mse': 0.02074, 'rmse': 0.14402}
> Epoch 136: took 3.0s (avg 3.1s) | Best so far: epoch 55	train_loss: 0.1054 train_mae: 0.1054	val_loss: 0.1114 val_mae: 0.1114	test_loss: 0.1097 test_mae: 0.1097
train: {'epoch': 137, 'time_epoch': 2.57166, 'eta': 960.97342, 'eta_hours': 0.26694, 'loss': 0.08605432, 'lr': 0.00091057, 'params': 220085, 'time_iter': 0.01037, 'mae': 0.08605, 'r2': 0.27835, 'spearmanr': 0.5222, 'mse': 0.01425, 'rmse': 0.11937}
val: {'epoch': 137, 'time_epoch': 0.24625, 'loss': 0.11787753, 'lr': 0, 'params': 220085, 'time_iter': 0.00465, 'mae': 0.11788, 'r2': -0.2329, 'spearmanr': 0.12215, 'mse': 0.02291, 'rmse': 0.15135}
test: {'epoch': 137, 'time_epoch': 0.13474, 'loss': 0.11251901, 'lr': 0, 'params': 220085, 'time_iter': 0.00465, 'mae': 0.11252, 'r2': 0.00288, 'spearmanr': 0.34166, 'mse': 0.01956, 'rmse': 0.13985}
> Epoch 137: took 3.0s (avg 3.1s) | Best so far: epoch 55	train_loss: 0.1054 train_mae: 0.1054	val_loss: 0.1114 val_mae: 0.1114	test_loss: 0.1097 test_mae: 0.1097
train: {'epoch': 138, 'time_epoch': 2.58025, 'eta': 958.12564, 'eta_hours': 0.26615, 'loss': 0.08628941, 'lr': 0.00090857, 'params': 220085, 'time_iter': 0.0104, 'mae': 0.08629, 'r2': 0.28193, 'spearmanr': 0.52146, 'mse': 0.01418, 'rmse': 0.11907}
val: {'epoch': 138, 'time_epoch': 0.24705, 'loss': 0.11613606, 'lr': 0, 'params': 220085, 'time_iter': 0.00466, 'mae': 0.11614, 'r2': -0.18869, 'spearmanr': 0.15399, 'mse': 0.02208, 'rmse': 0.14861}
test: {'epoch': 138, 'time_epoch': 0.13973, 'loss': 0.11621011, 'lr': 0, 'params': 220085, 'time_iter': 0.00482, 'mae': 0.11621, 'r2': -0.00765, 'spearmanr': 0.36186, 'mse': 0.01976, 'rmse': 0.14059}
> Epoch 138: took 3.0s (avg 3.1s) | Best so far: epoch 55	train_loss: 0.1054 train_mae: 0.1054	val_loss: 0.1114 val_mae: 0.1114	test_loss: 0.1097 test_mae: 0.1097
train: {'epoch': 139, 'time_epoch': 2.61403, 'eta': 955.36855, 'eta_hours': 0.26538, 'loss': 0.08612621, 'lr': 0.00090655, 'params': 220085, 'time_iter': 0.01054, 'mae': 0.08613, 'r2': 0.27615, 'spearmanr': 0.52387, 'mse': 0.01429, 'rmse': 0.11955}
val: {'epoch': 139, 'time_epoch': 0.259, 'loss': 0.12066561, 'lr': 0, 'params': 220085, 'time_iter': 0.00489, 'mae': 0.12067, 'r2': -0.29686, 'spearmanr': 0.13797, 'mse': 0.02409, 'rmse': 0.15522}
test: {'epoch': 139, 'time_epoch': 0.13957, 'loss': 0.11933324, 'lr': 0, 'params': 220085, 'time_iter': 0.00481, 'mae': 0.11933, 'r2': -0.08114, 'spearmanr': 0.31011, 'mse': 0.02121, 'rmse': 0.14562}
> Epoch 139: took 3.0s (avg 3.1s) | Best so far: epoch 55	train_loss: 0.1054 train_mae: 0.1054	val_loss: 0.1114 val_mae: 0.1114	test_loss: 0.1097 test_mae: 0.1097
train: {'epoch': 140, 'time_epoch': 2.7323, 'eta': 952.91463, 'eta_hours': 0.2647, 'loss': 0.08527699, 'lr': 0.00090451, 'params': 220085, 'time_iter': 0.01102, 'mae': 0.08528, 'r2': 0.28267, 'spearmanr': 0.52907, 'mse': 0.01416, 'rmse': 0.11901}
val: {'epoch': 140, 'time_epoch': 0.25088, 'loss': 0.1212177, 'lr': 0, 'params': 220085, 'time_iter': 0.00473, 'mae': 0.12122, 'r2': -0.28934, 'spearmanr': 0.14181, 'mse': 0.02395, 'rmse': 0.15477}
test: {'epoch': 140, 'time_epoch': 0.13536, 'loss': 0.11531276, 'lr': 0, 'params': 220085, 'time_iter': 0.00467, 'mae': 0.11531, 'r2': 0.00614, 'spearmanr': 0.34381, 'mse': 0.01949, 'rmse': 0.13962}
> Epoch 140: took 3.1s (avg 3.1s) | Best so far: epoch 55	train_loss: 0.1054 train_mae: 0.1054	val_loss: 0.1114 val_mae: 0.1114	test_loss: 0.1097 test_mae: 0.1097
train: {'epoch': 141, 'time_epoch': 2.89462, 'eta': 950.86599, 'eta_hours': 0.26413, 'loss': 0.0848667, 'lr': 0.00090245, 'params': 220085, 'time_iter': 0.01167, 'mae': 0.08487, 'r2': 0.29544, 'spearmanr': 0.5357, 'mse': 0.01391, 'rmse': 0.11795}
val: {'epoch': 141, 'time_epoch': 0.28117, 'loss': 0.11925336, 'lr': 0, 'params': 220085, 'time_iter': 0.00531, 'mae': 0.11925, 'r2': -0.25613, 'spearmanr': 0.14054, 'mse': 0.02334, 'rmse': 0.15277}
test: {'epoch': 141, 'time_epoch': 0.13934, 'loss': 0.12062032, 'lr': 0, 'params': 220085, 'time_iter': 0.0048, 'mae': 0.12062, 'r2': -0.12056, 'spearmanr': 0.32216, 'mse': 0.02198, 'rmse': 0.14825}
> Epoch 141: took 3.3s (avg 3.1s) | Best so far: epoch 55	train_loss: 0.1054 train_mae: 0.1054	val_loss: 0.1114 val_mae: 0.1114	test_loss: 0.1097 test_mae: 0.1097
train: {'epoch': 142, 'time_epoch': 2.83033, 'eta': 948.64504, 'eta_hours': 0.26351, 'loss': 0.08533399, 'lr': 0.00090037, 'params': 220085, 'time_iter': 0.01141, 'mae': 0.08533, 'r2': 0.28597, 'spearmanr': 0.52883, 'mse': 0.0141, 'rmse': 0.11874}
val: {'epoch': 142, 'time_epoch': 0.27253, 'loss': 0.11876571, 'lr': 0, 'params': 220085, 'time_iter': 0.00514, 'mae': 0.11877, 'r2': -0.24657, 'spearmanr': 0.12764, 'mse': 0.02316, 'rmse': 0.15218}
test: {'epoch': 142, 'time_epoch': 0.14759, 'loss': 0.13197533, 'lr': 0, 'params': 220085, 'time_iter': 0.00509, 'mae': 0.13198, 'r2': -0.29873, 'spearmanr': 0.29887, 'mse': 0.02547, 'rmse': 0.1596}
> Epoch 142: took 3.3s (avg 3.1s) | Best so far: epoch 55	train_loss: 0.1054 train_mae: 0.1054	val_loss: 0.1114 val_mae: 0.1114	test_loss: 0.1097 test_mae: 0.1097
train: {'epoch': 143, 'time_epoch': 2.71643, 'eta': 946.13403, 'eta_hours': 0.26282, 'loss': 0.08526366, 'lr': 0.00089826, 'params': 220085, 'time_iter': 0.01095, 'mae': 0.08526, 'r2': 0.28315, 'spearmanr': 0.52967, 'mse': 0.01415, 'rmse': 0.11897}
val: {'epoch': 143, 'time_epoch': 0.24842, 'loss': 0.12061837, 'lr': 0, 'params': 220085, 'time_iter': 0.00469, 'mae': 0.12062, 'r2': -0.30496, 'spearmanr': 0.12632, 'mse': 0.02425, 'rmse': 0.15571}
test: {'epoch': 143, 'time_epoch': 0.13416, 'loss': 0.11258834, 'lr': 0, 'params': 220085, 'time_iter': 0.00463, 'mae': 0.11259, 'r2': -0.00127, 'spearmanr': 0.34777, 'mse': 0.01964, 'rmse': 0.14014}
> Epoch 143: took 3.1s (avg 3.1s) | Best so far: epoch 55	train_loss: 0.1054 train_mae: 0.1054	val_loss: 0.1114 val_mae: 0.1114	test_loss: 0.1097 test_mae: 0.1097
train: {'epoch': 144, 'time_epoch': 2.63967, 'eta': 943.43224, 'eta_hours': 0.26206, 'loss': 0.0847643, 'lr': 0.00089614, 'params': 220085, 'time_iter': 0.01064, 'mae': 0.08476, 'r2': 0.28789, 'spearmanr': 0.53213, 'mse': 0.01406, 'rmse': 0.11858}
val: {'epoch': 144, 'time_epoch': 0.24996, 'loss': 0.11688356, 'lr': 0, 'params': 220085, 'time_iter': 0.00472, 'mae': 0.11688, 'r2': -0.20494, 'spearmanr': 0.13032, 'mse': 0.02239, 'rmse': 0.14962}
test: {'epoch': 144, 'time_epoch': 0.13995, 'loss': 0.11318775, 'lr': 0, 'params': 220085, 'time_iter': 0.00483, 'mae': 0.11319, 'r2': -0.00113, 'spearmanr': 0.31004, 'mse': 0.01964, 'rmse': 0.14013}
> Epoch 144: took 3.0s (avg 3.1s) | Best so far: epoch 55	train_loss: 0.1054 train_mae: 0.1054	val_loss: 0.1114 val_mae: 0.1114	test_loss: 0.1097 test_mae: 0.1097
train: {'epoch': 145, 'time_epoch': 2.59832, 'eta': 940.63107, 'eta_hours': 0.26129, 'loss': 0.08459501, 'lr': 0.00089401, 'params': 220085, 'time_iter': 0.01048, 'mae': 0.0846, 'r2': 0.29657, 'spearmanr': 0.53581, 'mse': 0.01389, 'rmse': 0.11785}
val: {'epoch': 145, 'time_epoch': 0.25456, 'loss': 0.11925393, 'lr': 0, 'params': 220085, 'time_iter': 0.0048, 'mae': 0.11925, 'r2': -0.27628, 'spearmanr': 0.15795, 'mse': 0.02371, 'rmse': 0.15399}
test: {'epoch': 145, 'time_epoch': 0.14109, 'loss': 0.12086577, 'lr': 0, 'params': 220085, 'time_iter': 0.00487, 'mae': 0.12087, 'r2': -0.10925, 'spearmanr': 0.26775, 'mse': 0.02176, 'rmse': 0.1475}
> Epoch 145: took 3.0s (avg 3.1s) | Best so far: epoch 55	train_loss: 0.1054 train_mae: 0.1054	val_loss: 0.1114 val_mae: 0.1114	test_loss: 0.1097 test_mae: 0.1097
train: {'epoch': 146, 'time_epoch': 2.66403, 'eta': 937.99044, 'eta_hours': 0.26055, 'loss': 0.08471501, 'lr': 0.00089185, 'params': 220085, 'time_iter': 0.01074, 'mae': 0.08472, 'r2': 0.29172, 'spearmanr': 0.53468, 'mse': 0.01398, 'rmse': 0.11826}
val: {'epoch': 146, 'time_epoch': 0.2539, 'loss': 0.11982132, 'lr': 0, 'params': 220085, 'time_iter': 0.00479, 'mae': 0.11982, 'r2': -0.2831, 'spearmanr': 0.12655, 'mse': 0.02384, 'rmse': 0.1544}
test: {'epoch': 146, 'time_epoch': 0.14011, 'loss': 0.12122495, 'lr': 0, 'params': 220085, 'time_iter': 0.00483, 'mae': 0.12122, 'r2': -0.11541, 'spearmanr': 0.28464, 'mse': 0.02188, 'rmse': 0.14791}
> Epoch 146: took 3.1s (avg 3.1s) | Best so far: epoch 55	train_loss: 0.1054 train_mae: 0.1054	val_loss: 0.1114 val_mae: 0.1114	test_loss: 0.1097 test_mae: 0.1097
train: {'epoch': 147, 'time_epoch': 2.72058, 'eta': 935.484, 'eta_hours': 0.25986, 'loss': 0.08458068, 'lr': 0.00088967, 'params': 220085, 'time_iter': 0.01097, 'mae': 0.08458, 'r2': 0.29435, 'spearmanr': 0.53807, 'mse': 0.01393, 'rmse': 0.11804}
val: {'epoch': 147, 'time_epoch': 0.25728, 'loss': 0.12027114, 'lr': 0, 'params': 220085, 'time_iter': 0.00485, 'mae': 0.12027, 'r2': -0.27001, 'spearmanr': 0.12838, 'mse': 0.0236, 'rmse': 0.15361}
test: {'epoch': 147, 'time_epoch': 0.13973, 'loss': 0.14200997, 'lr': 0, 'params': 220085, 'time_iter': 0.00482, 'mae': 0.14201, 'r2': -0.43781, 'spearmanr': 0.32068, 'mse': 0.0282, 'rmse': 0.16793}
> Epoch 147: took 3.1s (avg 3.1s) | Best so far: epoch 55	train_loss: 0.1054 train_mae: 0.1054	val_loss: 0.1114 val_mae: 0.1114	test_loss: 0.1097 test_mae: 0.1097
train: {'epoch': 148, 'time_epoch': 2.6126, 'eta': 932.72031, 'eta_hours': 0.25909, 'loss': 0.08414671, 'lr': 0.00088747, 'params': 220085, 'time_iter': 0.01053, 'mae': 0.08415, 'r2': 0.29867, 'spearmanr': 0.54042, 'mse': 0.01385, 'rmse': 0.11768}
val: {'epoch': 148, 'time_epoch': 0.2527, 'loss': 0.11808852, 'lr': 0, 'params': 220085, 'time_iter': 0.00477, 'mae': 0.11809, 'r2': -0.22726, 'spearmanr': 0.13324, 'mse': 0.0228, 'rmse': 0.151}
test: {'epoch': 148, 'time_epoch': 0.13461, 'loss': 0.11575519, 'lr': 0, 'params': 220085, 'time_iter': 0.00464, 'mae': 0.11576, 'r2': -0.02959, 'spearmanr': 0.29995, 'mse': 0.02019, 'rmse': 0.14211}
> Epoch 148: took 3.0s (avg 3.1s) | Best so far: epoch 55	train_loss: 0.1054 train_mae: 0.1054	val_loss: 0.1114 val_mae: 0.1114	test_loss: 0.1097 test_mae: 0.1097
train: {'epoch': 149, 'time_epoch': 2.58761, 'eta': 929.90031, 'eta_hours': 0.25831, 'loss': 0.08429203, 'lr': 0.00088526, 'params': 220085, 'time_iter': 0.01043, 'mae': 0.08429, 'r2': 0.29796, 'spearmanr': 0.53997, 'mse': 0.01386, 'rmse': 0.11774}
val: {'epoch': 149, 'time_epoch': 0.26782, 'loss': 0.12135532, 'lr': 0, 'params': 220085, 'time_iter': 0.00505, 'mae': 0.12136, 'r2': -0.32251, 'spearmanr': 0.14536, 'mse': 0.02457, 'rmse': 0.15675}
test: {'epoch': 149, 'time_epoch': 0.14984, 'loss': 0.13652165, 'lr': 0, 'params': 220085, 'time_iter': 0.00517, 'mae': 0.13652, 'r2': -0.35716, 'spearmanr': 0.27463, 'mse': 0.02662, 'rmse': 0.16316}
> Epoch 149: took 3.0s (avg 3.1s) | Best so far: epoch 55	train_loss: 0.1054 train_mae: 0.1054	val_loss: 0.1114 val_mae: 0.1114	test_loss: 0.1097 test_mae: 0.1097
train: {'epoch': 150, 'time_epoch': 2.77767, 'eta': 927.52269, 'eta_hours': 0.25765, 'loss': 0.08343299, 'lr': 0.00088302, 'params': 220085, 'time_iter': 0.0112, 'mae': 0.08343, 'r2': 0.30226, 'spearmanr': 0.54517, 'mse': 0.01378, 'rmse': 0.11737}
val: {'epoch': 150, 'time_epoch': 0.24685, 'loss': 0.11701545, 'lr': 0, 'params': 220085, 'time_iter': 0.00466, 'mae': 0.11702, 'r2': -0.22081, 'spearmanr': 0.14176, 'mse': 0.02268, 'rmse': 0.1506}
test: {'epoch': 150, 'time_epoch': 0.15401, 'loss': 0.12867972, 'lr': 0, 'params': 220085, 'time_iter': 0.00531, 'mae': 0.12868, 'r2': -0.25267, 'spearmanr': 0.29579, 'mse': 0.02457, 'rmse': 0.15675}
> Epoch 150: took 3.2s (avg 3.1s) | Best so far: epoch 55	train_loss: 0.1054 train_mae: 0.1054	val_loss: 0.1114 val_mae: 0.1114	test_loss: 0.1097 test_mae: 0.1097
train: {'epoch': 151, 'time_epoch': 2.77547, 'eta': 925.13475, 'eta_hours': 0.25698, 'loss': 0.08297464, 'lr': 0.00088077, 'params': 220085, 'time_iter': 0.01119, 'mae': 0.08297, 'r2': 0.30909, 'spearmanr': 0.55299, 'mse': 0.01364, 'rmse': 0.1168}
val: {'epoch': 151, 'time_epoch': 0.26019, 'loss': 0.11854927, 'lr': 0, 'params': 220085, 'time_iter': 0.00491, 'mae': 0.11855, 'r2': -0.26272, 'spearmanr': 0.12588, 'mse': 0.02346, 'rmse': 0.15317}
test: {'epoch': 151, 'time_epoch': 0.15515, 'loss': 0.126009, 'lr': 0, 'params': 220085, 'time_iter': 0.00535, 'mae': 0.12601, 'r2': -0.18467, 'spearmanr': 0.27815, 'mse': 0.02324, 'rmse': 0.15244}
> Epoch 151: took 3.2s (avg 3.1s) | Best so far: epoch 55	train_loss: 0.1054 train_mae: 0.1054	val_loss: 0.1114 val_mae: 0.1114	test_loss: 0.1097 test_mae: 0.1097
train: {'epoch': 152, 'time_epoch': 2.6832, 'eta': 922.5325, 'eta_hours': 0.25626, 'loss': 0.08233725, 'lr': 0.0008785, 'params': 220085, 'time_iter': 0.01082, 'mae': 0.08234, 'r2': 0.31644, 'spearmanr': 0.55434, 'mse': 0.0135, 'rmse': 0.11618}
val: {'epoch': 152, 'time_epoch': 0.26049, 'loss': 0.11996154, 'lr': 0, 'params': 220085, 'time_iter': 0.00491, 'mae': 0.11996, 'r2': -0.27048, 'spearmanr': 0.10783, 'mse': 0.0236, 'rmse': 0.15364}
test: {'epoch': 152, 'time_epoch': 0.13662, 'loss': 0.13174624, 'lr': 0, 'params': 220085, 'time_iter': 0.00471, 'mae': 0.13175, 'r2': -0.30604, 'spearmanr': 0.29618, 'mse': 0.02562, 'rmse': 0.16005}
> Epoch 152: took 3.1s (avg 3.1s) | Best so far: epoch 55	train_loss: 0.1054 train_mae: 0.1054	val_loss: 0.1114 val_mae: 0.1114	test_loss: 0.1097 test_mae: 0.1097
train: {'epoch': 153, 'time_epoch': 2.64463, 'eta': 919.84252, 'eta_hours': 0.25551, 'loss': 0.08274708, 'lr': 0.00087621, 'params': 220085, 'time_iter': 0.01066, 'mae': 0.08275, 'r2': 0.31074, 'spearmanr': 0.55299, 'mse': 0.01361, 'rmse': 0.11666}
val: {'epoch': 153, 'time_epoch': 0.25084, 'loss': 0.12170044, 'lr': 0, 'params': 220085, 'time_iter': 0.00473, 'mae': 0.1217, 'r2': -0.29755, 'spearmanr': 0.09467, 'mse': 0.02411, 'rmse': 0.15527}
test: {'epoch': 153, 'time_epoch': 0.14639, 'loss': 0.13170578, 'lr': 0, 'params': 220085, 'time_iter': 0.00505, 'mae': 0.13171, 'r2': -0.298, 'spearmanr': 0.26708, 'mse': 0.02546, 'rmse': 0.15956}
> Epoch 153: took 3.1s (avg 3.1s) | Best so far: epoch 55	train_loss: 0.1054 train_mae: 0.1054	val_loss: 0.1114 val_mae: 0.1114	test_loss: 0.1097 test_mae: 0.1097
train: {'epoch': 154, 'time_epoch': 2.79252, 'eta': 917.48231, 'eta_hours': 0.25486, 'loss': 0.08269928, 'lr': 0.0008739, 'params': 220085, 'time_iter': 0.01126, 'mae': 0.0827, 'r2': 0.31513, 'spearmanr': 0.55633, 'mse': 0.01352, 'rmse': 0.11629}
val: {'epoch': 154, 'time_epoch': 0.26545, 'loss': 0.12028658, 'lr': 0, 'params': 220085, 'time_iter': 0.00501, 'mae': 0.12029, 'r2': -0.27815, 'spearmanr': 0.13127, 'mse': 0.02375, 'rmse': 0.1541}
test: {'epoch': 154, 'time_epoch': 0.134, 'loss': 0.12064892, 'lr': 0, 'params': 220085, 'time_iter': 0.00462, 'mae': 0.12065, 'r2': -0.08922, 'spearmanr': 0.25304, 'mse': 0.02136, 'rmse': 0.14617}
> Epoch 154: took 3.2s (avg 3.1s) | Best so far: epoch 55	train_loss: 0.1054 train_mae: 0.1054	val_loss: 0.1114 val_mae: 0.1114	test_loss: 0.1097 test_mae: 0.1097
train: {'epoch': 155, 'time_epoch': 2.61918, 'eta': 914.73432, 'eta_hours': 0.25409, 'loss': 0.08245804, 'lr': 0.00087157, 'params': 220085, 'time_iter': 0.01056, 'mae': 0.08246, 'r2': 0.3169, 'spearmanr': 0.55406, 'mse': 0.01349, 'rmse': 0.11614}
val: {'epoch': 155, 'time_epoch': 0.25066, 'loss': 0.12003265, 'lr': 0, 'params': 220085, 'time_iter': 0.00473, 'mae': 0.12003, 'r2': -0.29651, 'spearmanr': 0.1439, 'mse': 0.02409, 'rmse': 0.1552}
test: {'epoch': 155, 'time_epoch': 0.13391, 'loss': 0.12613058, 'lr': 0, 'params': 220085, 'time_iter': 0.00462, 'mae': 0.12613, 'r2': -0.16288, 'spearmanr': 0.28129, 'mse': 0.02281, 'rmse': 0.15103}
> Epoch 155: took 3.0s (avg 3.1s) | Best so far: epoch 55	train_loss: 0.1054 train_mae: 0.1054	val_loss: 0.1114 val_mae: 0.1114	test_loss: 0.1097 test_mae: 0.1097
train: {'epoch': 156, 'time_epoch': 2.51506, 'eta': 911.7605, 'eta_hours': 0.25327, 'loss': 0.08265554, 'lr': 0.00086923, 'params': 220085, 'time_iter': 0.01014, 'mae': 0.08266, 'r2': 0.30938, 'spearmanr': 0.549, 'mse': 0.01364, 'rmse': 0.11677}
val: {'epoch': 156, 'time_epoch': 0.24476, 'loss': 0.11840852, 'lr': 0, 'params': 220085, 'time_iter': 0.00462, 'mae': 0.11841, 'r2': -0.21331, 'spearmanr': 0.11428, 'mse': 0.02254, 'rmse': 0.15014}
test: {'epoch': 156, 'time_epoch': 0.13326, 'loss': 0.13076058, 'lr': 0, 'params': 220085, 'time_iter': 0.0046, 'mae': 0.13076, 'r2': -0.24128, 'spearmanr': 0.25929, 'mse': 0.02435, 'rmse': 0.15603}
> Epoch 156: took 2.9s (avg 3.1s) | Best so far: epoch 55	train_loss: 0.1054 train_mae: 0.1054	val_loss: 0.1114 val_mae: 0.1114	test_loss: 0.1097 test_mae: 0.1097
train: {'epoch': 157, 'time_epoch': 2.51274, 'eta': 908.78747, 'eta_hours': 0.25244, 'loss': 0.08242591, 'lr': 0.00086686, 'params': 220085, 'time_iter': 0.01013, 'mae': 0.08243, 'r2': 0.3171, 'spearmanr': 0.55689, 'mse': 0.01348, 'rmse': 0.11612}
val: {'epoch': 157, 'time_epoch': 0.24569, 'loss': 0.12182471, 'lr': 0, 'params': 220085, 'time_iter': 0.00464, 'mae': 0.12182, 'r2': -0.33532, 'spearmanr': 0.12461, 'mse': 0.02481, 'rmse': 0.15751}
test: {'epoch': 157, 'time_epoch': 0.13696, 'loss': 0.14062273, 'lr': 0, 'params': 220085, 'time_iter': 0.00472, 'mae': 0.14062, 'r2': -0.43161, 'spearmanr': 0.22647, 'mse': 0.02808, 'rmse': 0.16757}
> Epoch 157: took 2.9s (avg 3.1s) | Best so far: epoch 55	train_loss: 0.1054 train_mae: 0.1054	val_loss: 0.1114 val_mae: 0.1114	test_loss: 0.1097 test_mae: 0.1097
train: {'epoch': 158, 'time_epoch': 2.76123, 'eta': 906.35315, 'eta_hours': 0.25176, 'loss': 0.08210557, 'lr': 0.00086448, 'params': 220085, 'time_iter': 0.01113, 'mae': 0.08211, 'r2': 0.31498, 'spearmanr': 0.55777, 'mse': 0.01353, 'rmse': 0.1163}
val: {'epoch': 158, 'time_epoch': 0.24505, 'loss': 0.11613024, 'lr': 0, 'params': 220085, 'time_iter': 0.00462, 'mae': 0.11613, 'r2': -0.16628, 'spearmanr': 0.10282, 'mse': 0.02167, 'rmse': 0.1472}
test: {'epoch': 158, 'time_epoch': 0.14175, 'loss': 0.13994025, 'lr': 0, 'params': 220085, 'time_iter': 0.00489, 'mae': 0.13994, 'r2': -0.44094, 'spearmanr': 0.24162, 'mse': 0.02826, 'rmse': 0.16812}
> Epoch 158: took 3.2s (avg 3.1s) | Best so far: epoch 55	train_loss: 0.1054 train_mae: 0.1054	val_loss: 0.1114 val_mae: 0.1114	test_loss: 0.1097 test_mae: 0.1097
train: {'epoch': 159, 'time_epoch': 2.68516, 'eta': 903.75309, 'eta_hours': 0.25104, 'loss': 0.08161076, 'lr': 0.00086209, 'params': 220085, 'time_iter': 0.01083, 'mae': 0.08161, 'r2': 0.32539, 'spearmanr': 0.5612, 'mse': 0.01332, 'rmse': 0.11541}
val: {'epoch': 159, 'time_epoch': 0.25681, 'loss': 0.12056536, 'lr': 0, 'params': 220085, 'time_iter': 0.00485, 'mae': 0.12057, 'r2': -0.27243, 'spearmanr': 0.09139, 'mse': 0.02364, 'rmse': 0.15375}
test: {'epoch': 159, 'time_epoch': 0.14912, 'loss': 0.13368858, 'lr': 0, 'params': 220085, 'time_iter': 0.00514, 'mae': 0.13369, 'r2': -0.32215, 'spearmanr': 0.27929, 'mse': 0.02593, 'rmse': 0.16104}
> Epoch 159: took 3.1s (avg 3.1s) | Best so far: epoch 55	train_loss: 0.1054 train_mae: 0.1054	val_loss: 0.1114 val_mae: 0.1114	test_loss: 0.1097 test_mae: 0.1097
train: {'epoch': 160, 'time_epoch': 2.63008, 'eta': 901.03599, 'eta_hours': 0.25029, 'loss': 0.08135381, 'lr': 0.00085967, 'params': 220085, 'time_iter': 0.01061, 'mae': 0.08135, 'r2': 0.33117, 'spearmanr': 0.56592, 'mse': 0.01321, 'rmse': 0.11492}
val: {'epoch': 160, 'time_epoch': 0.25029, 'loss': 0.11825345, 'lr': 0, 'params': 220085, 'time_iter': 0.00472, 'mae': 0.11825, 'r2': -0.2237, 'spearmanr': 0.09854, 'mse': 0.02274, 'rmse': 0.15078}
test: {'epoch': 160, 'time_epoch': 0.14276, 'loss': 0.1319508, 'lr': 0, 'params': 220085, 'time_iter': 0.00492, 'mae': 0.13195, 'r2': -0.28676, 'spearmanr': 0.27656, 'mse': 0.02524, 'rmse': 0.15887}
> Epoch 160: took 3.0s (avg 3.1s) | Best so far: epoch 55	train_loss: 0.1054 train_mae: 0.1054	val_loss: 0.1114 val_mae: 0.1114	test_loss: 0.1097 test_mae: 0.1097
train: {'epoch': 161, 'time_epoch': 2.64419, 'eta': 898.34942, 'eta_hours': 0.24954, 'loss': 0.0815606, 'lr': 0.00085724, 'params': 220085, 'time_iter': 0.01066, 'mae': 0.08156, 'r2': 0.32564, 'spearmanr': 0.56307, 'mse': 0.01331, 'rmse': 0.11539}
val: {'epoch': 161, 'time_epoch': 0.25167, 'loss': 0.12150531, 'lr': 0, 'params': 220085, 'time_iter': 0.00475, 'mae': 0.12151, 'r2': -0.32384, 'spearmanr': 0.1236, 'mse': 0.0246, 'rmse': 0.15683}
test: {'epoch': 161, 'time_epoch': 0.13725, 'loss': 0.13070609, 'lr': 0, 'params': 220085, 'time_iter': 0.00473, 'mae': 0.13071, 'r2': -0.25005, 'spearmanr': 0.24274, 'mse': 0.02452, 'rmse': 0.15658}
> Epoch 161: took 3.0s (avg 3.1s) | Best so far: epoch 55	train_loss: 0.1054 train_mae: 0.1054	val_loss: 0.1114 val_mae: 0.1114	test_loss: 0.1097 test_mae: 0.1097
train: {'epoch': 162, 'time_epoch': 2.59376, 'eta': 895.55911, 'eta_hours': 0.24877, 'loss': 0.08108728, 'lr': 0.00085479, 'params': 220085, 'time_iter': 0.01046, 'mae': 0.08109, 'r2': 0.32454, 'spearmanr': 0.56548, 'mse': 0.01334, 'rmse': 0.11549}
val: {'epoch': 162, 'time_epoch': 0.26702, 'loss': 0.11905354, 'lr': 0, 'params': 220085, 'time_iter': 0.00504, 'mae': 0.11905, 'r2': -0.24686, 'spearmanr': 0.10511, 'mse': 0.02317, 'rmse': 0.1522}
test: {'epoch': 162, 'time_epoch': 0.14661, 'loss': 0.13083799, 'lr': 0, 'params': 220085, 'time_iter': 0.00506, 'mae': 0.13084, 'r2': -0.25953, 'spearmanr': 0.23539, 'mse': 0.0247, 'rmse': 0.15718}
> Epoch 162: took 3.0s (avg 3.1s) | Best so far: epoch 55	train_loss: 0.1054 train_mae: 0.1054	val_loss: 0.1114 val_mae: 0.1114	test_loss: 0.1097 test_mae: 0.1097
train: {'epoch': 163, 'time_epoch': 2.71142, 'eta': 893.01224, 'eta_hours': 0.24806, 'loss': 0.08109483, 'lr': 0.00085232, 'params': 220085, 'time_iter': 0.01093, 'mae': 0.08109, 'r2': 0.33, 'spearmanr': 0.56511, 'mse': 0.01323, 'rmse': 0.11502}
val: {'epoch': 163, 'time_epoch': 0.27184, 'loss': 0.11985439, 'lr': 0, 'params': 220085, 'time_iter': 0.00513, 'mae': 0.11985, 'r2': -0.25115, 'spearmanr': 0.12343, 'mse': 0.02325, 'rmse': 0.15246}
test: {'epoch': 163, 'time_epoch': 0.13733, 'loss': 0.13798195, 'lr': 0, 'params': 220085, 'time_iter': 0.00474, 'mae': 0.13798, 'r2': -0.41936, 'spearmanr': 0.2602, 'mse': 0.02784, 'rmse': 0.16685}
> Epoch 163: took 3.1s (avg 3.1s) | Best so far: epoch 55	train_loss: 0.1054 train_mae: 0.1054	val_loss: 0.1114 val_mae: 0.1114	test_loss: 0.1097 test_mae: 0.1097
train: {'epoch': 164, 'time_epoch': 2.62692, 'eta': 890.29182, 'eta_hours': 0.2473, 'loss': 0.08136258, 'lr': 0.00084983, 'params': 220085, 'time_iter': 0.01059, 'mae': 0.08136, 'r2': 0.32711, 'spearmanr': 0.56482, 'mse': 0.01329, 'rmse': 0.11526}
val: {'epoch': 164, 'time_epoch': 0.24481, 'loss': 0.12056995, 'lr': 0, 'params': 220085, 'time_iter': 0.00462, 'mae': 0.12057, 'r2': -0.30576, 'spearmanr': 0.11918, 'mse': 0.02426, 'rmse': 0.15576}
test: {'epoch': 164, 'time_epoch': 0.13335, 'loss': 0.12133361, 'lr': 0, 'params': 220085, 'time_iter': 0.0046, 'mae': 0.12133, 'r2': -0.11536, 'spearmanr': 0.29293, 'mse': 0.02188, 'rmse': 0.14791}
> Epoch 164: took 3.0s (avg 3.1s) | Best so far: epoch 55	train_loss: 0.1054 train_mae: 0.1054	val_loss: 0.1114 val_mae: 0.1114	test_loss: 0.1097 test_mae: 0.1097
train: {'epoch': 165, 'time_epoch': 2.55089, 'eta': 887.41955, 'eta_hours': 0.24651, 'loss': 0.08005852, 'lr': 0.00084733, 'params': 220085, 'time_iter': 0.01029, 'mae': 0.08006, 'r2': 0.33981, 'spearmanr': 0.57313, 'mse': 0.01304, 'rmse': 0.11417}
val: {'epoch': 165, 'time_epoch': 0.24556, 'loss': 0.12116503, 'lr': 0, 'params': 220085, 'time_iter': 0.00463, 'mae': 0.12117, 'r2': -0.29152, 'spearmanr': 0.11487, 'mse': 0.024, 'rmse': 0.1549}
test: {'epoch': 165, 'time_epoch': 0.13378, 'loss': 0.14225679, 'lr': 0, 'params': 220085, 'time_iter': 0.00461, 'mae': 0.14226, 'r2': -0.47401, 'spearmanr': 0.27481, 'mse': 0.02891, 'rmse': 0.17003}
> Epoch 165: took 2.9s (avg 3.1s) | Best so far: epoch 55	train_loss: 0.1054 train_mae: 0.1054	val_loss: 0.1114 val_mae: 0.1114	test_loss: 0.1097 test_mae: 0.1097
train: {'epoch': 166, 'time_epoch': 2.52384, 'eta': 884.4972, 'eta_hours': 0.24569, 'loss': 0.08057461, 'lr': 0.00084481, 'params': 220085, 'time_iter': 0.01018, 'mae': 0.08057, 'r2': 0.3354, 'spearmanr': 0.57386, 'mse': 0.01312, 'rmse': 0.11455}
val: {'epoch': 166, 'time_epoch': 0.24524, 'loss': 0.11854741, 'lr': 0, 'params': 220085, 'time_iter': 0.00463, 'mae': 0.11855, 'r2': -0.21909, 'spearmanr': 0.09086, 'mse': 0.02265, 'rmse': 0.1505}
test: {'epoch': 166, 'time_epoch': 0.13463, 'loss': 0.13642365, 'lr': 0, 'params': 220085, 'time_iter': 0.00464, 'mae': 0.13642, 'r2': -0.36024, 'spearmanr': 0.29085, 'mse': 0.02668, 'rmse': 0.16334}
> Epoch 166: took 2.9s (avg 3.1s) | Best so far: epoch 55	train_loss: 0.1054 train_mae: 0.1054	val_loss: 0.1114 val_mae: 0.1114	test_loss: 0.1097 test_mae: 0.1097
train: {'epoch': 167, 'time_epoch': 2.61198, 'eta': 881.75376, 'eta_hours': 0.24493, 'loss': 0.08044438, 'lr': 0.00084227, 'params': 220085, 'time_iter': 0.01053, 'mae': 0.08044, 'r2': 0.33653, 'spearmanr': 0.57248, 'mse': 0.0131, 'rmse': 0.11446}
val: {'epoch': 167, 'time_epoch': 0.25485, 'loss': 0.11740547, 'lr': 0, 'params': 220085, 'time_iter': 0.00481, 'mae': 0.11741, 'r2': -0.21853, 'spearmanr': 0.12776, 'mse': 0.02264, 'rmse': 0.15046}
test: {'epoch': 167, 'time_epoch': 0.15154, 'loss': 0.1353524, 'lr': 0, 'params': 220085, 'time_iter': 0.00523, 'mae': 0.13535, 'r2': -0.36321, 'spearmanr': 0.26706, 'mse': 0.02674, 'rmse': 0.16352}
> Epoch 167: took 3.0s (avg 3.1s) | Best so far: epoch 55	train_loss: 0.1054 train_mae: 0.1054	val_loss: 0.1114 val_mae: 0.1114	test_loss: 0.1097 test_mae: 0.1097
train: {'epoch': 168, 'time_epoch': 2.63423, 'eta': 879.05546, 'eta_hours': 0.24418, 'loss': 0.08051476, 'lr': 0.00083972, 'params': 220085, 'time_iter': 0.01062, 'mae': 0.08051, 'r2': 0.32855, 'spearmanr': 0.56763, 'mse': 0.01326, 'rmse': 0.11514}
val: {'epoch': 168, 'time_epoch': 0.24426, 'loss': 0.11900056, 'lr': 0, 'params': 220085, 'time_iter': 0.00461, 'mae': 0.119, 'r2': -0.26006, 'spearmanr': 0.12844, 'mse': 0.02341, 'rmse': 0.15301}
test: {'epoch': 168, 'time_epoch': 0.13295, 'loss': 0.11369461, 'lr': 0, 'params': 220085, 'time_iter': 0.00458, 'mae': 0.11369, 'r2': 0.01337, 'spearmanr': 0.32115, 'mse': 0.01935, 'rmse': 0.13911}
> Epoch 168: took 3.0s (avg 3.1s) | Best so far: epoch 55	train_loss: 0.1054 train_mae: 0.1054	val_loss: 0.1114 val_mae: 0.1114	test_loss: 0.1097 test_mae: 0.1097
train: {'epoch': 169, 'time_epoch': 2.51062, 'eta': 876.11796, 'eta_hours': 0.24337, 'loss': 0.08024383, 'lr': 0.00083715, 'params': 220085, 'time_iter': 0.01012, 'mae': 0.08024, 'r2': 0.33525, 'spearmanr': 0.5695, 'mse': 0.01313, 'rmse': 0.11457}
val: {'epoch': 169, 'time_epoch': 0.24382, 'loss': 0.12024088, 'lr': 0, 'params': 220085, 'time_iter': 0.0046, 'mae': 0.12024, 'r2': -0.28544, 'spearmanr': 0.11394, 'mse': 0.02388, 'rmse': 0.15454}
test: {'epoch': 169, 'time_epoch': 0.14362, 'loss': 0.12243846, 'lr': 0, 'params': 220085, 'time_iter': 0.00495, 'mae': 0.12244, 'r2': -0.1581, 'spearmanr': 0.32736, 'mse': 0.02272, 'rmse': 0.15072}
> Epoch 169: took 2.9s (avg 3.1s) | Best so far: epoch 55	train_loss: 0.1054 train_mae: 0.1054	val_loss: 0.1114 val_mae: 0.1114	test_loss: 0.1097 test_mae: 0.1097
train: {'epoch': 170, 'time_epoch': 2.89319, 'eta': 873.92151, 'eta_hours': 0.24276, 'loss': 0.07960995, 'lr': 0.00083457, 'params': 220085, 'time_iter': 0.01167, 'mae': 0.07961, 'r2': 0.33974, 'spearmanr': 0.58062, 'mse': 0.01304, 'rmse': 0.11418}
val: {'epoch': 170, 'time_epoch': 0.26881, 'loss': 0.12151707, 'lr': 0, 'params': 220085, 'time_iter': 0.00507, 'mae': 0.12152, 'r2': -0.32637, 'spearmanr': 0.11171, 'mse': 0.02464, 'rmse': 0.15698}
test: {'epoch': 170, 'time_epoch': 0.13663, 'loss': 0.12375535, 'lr': 0, 'params': 220085, 'time_iter': 0.00471, 'mae': 0.12376, 'r2': -0.15337, 'spearmanr': 0.25367, 'mse': 0.02262, 'rmse': 0.15041}
> Epoch 170: took 3.3s (avg 3.1s) | Best so far: epoch 55	train_loss: 0.1054 train_mae: 0.1054	val_loss: 0.1114 val_mae: 0.1114	test_loss: 0.1097 test_mae: 0.1097
train: {'epoch': 171, 'time_epoch': 2.63184, 'eta': 871.21858, 'eta_hours': 0.24201, 'loss': 0.08003326, 'lr': 0.00083196, 'params': 220085, 'time_iter': 0.01061, 'mae': 0.08003, 'r2': 0.33897, 'spearmanr': 0.57371, 'mse': 0.01305, 'rmse': 0.11424}
val: {'epoch': 171, 'time_epoch': 0.262, 'loss': 0.11906556, 'lr': 0, 'params': 220085, 'time_iter': 0.00494, 'mae': 0.11907, 'r2': -0.25758, 'spearmanr': 0.13038, 'mse': 0.02336, 'rmse': 0.15286}
test: {'epoch': 171, 'time_epoch': 0.13697, 'loss': 0.12050982, 'lr': 0, 'params': 220085, 'time_iter': 0.00472, 'mae': 0.12051, 'r2': -0.10189, 'spearmanr': 0.30105, 'mse': 0.02161, 'rmse': 0.14701}
> Epoch 171: took 3.0s (avg 3.1s) | Best so far: epoch 55	train_loss: 0.1054 train_mae: 0.1054	val_loss: 0.1114 val_mae: 0.1114	test_loss: 0.1097 test_mae: 0.1097
train: {'epoch': 172, 'time_epoch': 2.6981, 'eta': 868.64172, 'eta_hours': 0.24129, 'loss': 0.07997999, 'lr': 0.00082934, 'params': 220085, 'time_iter': 0.01088, 'mae': 0.07998, 'r2': 0.33226, 'spearmanr': 0.57317, 'mse': 0.01318, 'rmse': 0.11482}
val: {'epoch': 172, 'time_epoch': 0.25241, 'loss': 0.12051565, 'lr': 0, 'params': 220085, 'time_iter': 0.00476, 'mae': 0.12052, 'r2': -0.26926, 'spearmanr': 0.11432, 'mse': 0.02358, 'rmse': 0.15356}
test: {'epoch': 172, 'time_epoch': 0.14923, 'loss': 0.12345767, 'lr': 0, 'params': 220085, 'time_iter': 0.00515, 'mae': 0.12346, 'r2': -0.18152, 'spearmanr': 0.27267, 'mse': 0.02317, 'rmse': 0.15223}
> Epoch 172: took 3.1s (avg 3.1s) | Best so far: epoch 55	train_loss: 0.1054 train_mae: 0.1054	val_loss: 0.1114 val_mae: 0.1114	test_loss: 0.1097 test_mae: 0.1097
train: {'epoch': 173, 'time_epoch': 2.5786, 'eta': 865.83956, 'eta_hours': 0.24051, 'loss': 0.0785723, 'lr': 0.00082671, 'params': 220085, 'time_iter': 0.0104, 'mae': 0.07857, 'r2': 0.35258, 'spearmanr': 0.58677, 'mse': 0.01278, 'rmse': 0.11306}
val: {'epoch': 173, 'time_epoch': 0.26296, 'loss': 0.12351153, 'lr': 0, 'params': 220085, 'time_iter': 0.00496, 'mae': 0.12351, 'r2': -0.35327, 'spearmanr': 0.07928, 'mse': 0.02514, 'rmse': 0.15856}
test: {'epoch': 173, 'time_epoch': 0.14522, 'loss': 0.1293053, 'lr': 0, 'params': 220085, 'time_iter': 0.00501, 'mae': 0.12931, 'r2': -0.3104, 'spearmanr': 0.31494, 'mse': 0.0257, 'rmse': 0.16032}
> Epoch 173: took 3.0s (avg 3.1s) | Best so far: epoch 55	train_loss: 0.1054 train_mae: 0.1054	val_loss: 0.1114 val_mae: 0.1114	test_loss: 0.1097 test_mae: 0.1097
train: {'epoch': 174, 'time_epoch': 2.59963, 'eta': 863.07902, 'eta_hours': 0.23974, 'loss': 0.07966019, 'lr': 0.00082406, 'params': 220085, 'time_iter': 0.01048, 'mae': 0.07966, 'r2': 0.341, 'spearmanr': 0.57896, 'mse': 0.01301, 'rmse': 0.11407}
val: {'epoch': 174, 'time_epoch': 0.24421, 'loss': 0.12147749, 'lr': 0, 'params': 220085, 'time_iter': 0.00461, 'mae': 0.12148, 'r2': -0.28852, 'spearmanr': 0.10217, 'mse': 0.02394, 'rmse': 0.15472}
test: {'epoch': 174, 'time_epoch': 0.1335, 'loss': 0.14061636, 'lr': 0, 'params': 220085, 'time_iter': 0.0046, 'mae': 0.14062, 'r2': -0.61169, 'spearmanr': 0.27144, 'mse': 0.03161, 'rmse': 0.1778}
> Epoch 174: took 3.0s (avg 3.1s) | Best so far: epoch 55	train_loss: 0.1054 train_mae: 0.1054	val_loss: 0.1114 val_mae: 0.1114	test_loss: 0.1097 test_mae: 0.1097
train: {'epoch': 175, 'time_epoch': 2.57577, 'eta': 860.27638, 'eta_hours': 0.23897, 'loss': 0.0796917, 'lr': 0.00082139, 'params': 220085, 'time_iter': 0.01039, 'mae': 0.07969, 'r2': 0.33698, 'spearmanr': 0.57395, 'mse': 0.01309, 'rmse': 0.11442}
val: {'epoch': 175, 'time_epoch': 0.25034, 'loss': 0.12068675, 'lr': 0, 'params': 220085, 'time_iter': 0.00472, 'mae': 0.12069, 'r2': -0.32554, 'spearmanr': 0.10742, 'mse': 0.02463, 'rmse': 0.15693}
test: {'epoch': 175, 'time_epoch': 0.1351, 'loss': 0.13693506, 'lr': 0, 'params': 220085, 'time_iter': 0.00466, 'mae': 0.13694, 'r2': -0.38426, 'spearmanr': 0.25388, 'mse': 0.02715, 'rmse': 0.16478}
> Epoch 175: took 3.0s (avg 3.1s) | Best so far: epoch 55	train_loss: 0.1054 train_mae: 0.1054	val_loss: 0.1114 val_mae: 0.1114	test_loss: 0.1097 test_mae: 0.1097
train: {'epoch': 176, 'time_epoch': 2.6348, 'eta': 857.58403, 'eta_hours': 0.23822, 'loss': 0.0785961, 'lr': 0.00081871, 'params': 220085, 'time_iter': 0.01062, 'mae': 0.0786, 'r2': 0.35036, 'spearmanr': 0.58477, 'mse': 0.01283, 'rmse': 0.11326}
val: {'epoch': 176, 'time_epoch': 0.24918, 'loss': 0.11934047, 'lr': 0, 'params': 220085, 'time_iter': 0.0047, 'mae': 0.11934, 'r2': -0.28337, 'spearmanr': 0.12765, 'mse': 0.02384, 'rmse': 0.15441}
test: {'epoch': 176, 'time_epoch': 0.14934, 'loss': 0.12922317, 'lr': 0, 'params': 220085, 'time_iter': 0.00515, 'mae': 0.12922, 'r2': -0.24326, 'spearmanr': 0.28911, 'mse': 0.02439, 'rmse': 0.15616}
> Epoch 176: took 3.0s (avg 3.1s) | Best so far: epoch 55	train_loss: 0.1054 train_mae: 0.1054	val_loss: 0.1114 val_mae: 0.1114	test_loss: 0.1097 test_mae: 0.1097
train: {'epoch': 177, 'time_epoch': 2.57601, 'eta': 854.78597, 'eta_hours': 0.23744, 'loss': 0.07871195, 'lr': 0.00081601, 'params': 220085, 'time_iter': 0.01039, 'mae': 0.07871, 'r2': 0.35006, 'spearmanr': 0.58449, 'mse': 0.01283, 'rmse': 0.11328}
val: {'epoch': 177, 'time_epoch': 0.24699, 'loss': 0.1203035, 'lr': 0, 'params': 220085, 'time_iter': 0.00466, 'mae': 0.1203, 'r2': -0.29794, 'spearmanr': 0.12563, 'mse': 0.02411, 'rmse': 0.15529}
test: {'epoch': 177, 'time_epoch': 0.13402, 'loss': 0.12653817, 'lr': 0, 'params': 220085, 'time_iter': 0.00462, 'mae': 0.12654, 'r2': -0.23065, 'spearmanr': 0.31762, 'mse': 0.02414, 'rmse': 0.15537}
> Epoch 177: took 3.0s (avg 3.1s) | Best so far: epoch 55	train_loss: 0.1054 train_mae: 0.1054	val_loss: 0.1114 val_mae: 0.1114	test_loss: 0.1097 test_mae: 0.1097
train: {'epoch': 178, 'time_epoch': 2.86073, 'eta': 852.50097, 'eta_hours': 0.23681, 'loss': 0.07836278, 'lr': 0.0008133, 'params': 220085, 'time_iter': 0.01154, 'mae': 0.07836, 'r2': 0.35464, 'spearmanr': 0.58639, 'mse': 0.01274, 'rmse': 0.11288}
val: {'epoch': 178, 'time_epoch': 0.27025, 'loss': 0.12118845, 'lr': 0, 'params': 220085, 'time_iter': 0.0051, 'mae': 0.12119, 'r2': -0.31927, 'spearmanr': 0.11178, 'mse': 0.02451, 'rmse': 0.15656}
test: {'epoch': 178, 'time_epoch': 0.1487, 'loss': 0.13868914, 'lr': 0, 'params': 220085, 'time_iter': 0.00513, 'mae': 0.13869, 'r2': -0.4271, 'spearmanr': 0.25466, 'mse': 0.02799, 'rmse': 0.16731}
> Epoch 178: took 3.3s (avg 3.1s) | Best so far: epoch 55	train_loss: 0.1054 train_mae: 0.1054	val_loss: 0.1114 val_mae: 0.1114	test_loss: 0.1097 test_mae: 0.1097
train: {'epoch': 179, 'time_epoch': 2.78321, 'eta': 850.07178, 'eta_hours': 0.23613, 'loss': 0.07744835, 'lr': 0.00081057, 'params': 220085, 'time_iter': 0.01122, 'mae': 0.07745, 'r2': 0.36836, 'spearmanr': 0.59931, 'mse': 0.01247, 'rmse': 0.11168}
val: {'epoch': 179, 'time_epoch': 0.26541, 'loss': 0.12142711, 'lr': 0, 'params': 220085, 'time_iter': 0.00501, 'mae': 0.12143, 'r2': -0.30654, 'spearmanr': 0.10503, 'mse': 0.02427, 'rmse': 0.1558}
test: {'epoch': 179, 'time_epoch': 0.14546, 'loss': 0.13845069, 'lr': 0, 'params': 220085, 'time_iter': 0.00502, 'mae': 0.13845, 'r2': -0.44098, 'spearmanr': 0.29114, 'mse': 0.02826, 'rmse': 0.16812}
> Epoch 179: took 3.2s (avg 3.1s) | Best so far: epoch 55	train_loss: 0.1054 train_mae: 0.1054	val_loss: 0.1114 val_mae: 0.1114	test_loss: 0.1097 test_mae: 0.1097
train: {'epoch': 180, 'time_epoch': 2.81349, 'eta': 847.69203, 'eta_hours': 0.23547, 'loss': 0.07868269, 'lr': 0.00080783, 'params': 220085, 'time_iter': 0.01134, 'mae': 0.07868, 'r2': 0.35668, 'spearmanr': 0.58954, 'mse': 0.0127, 'rmse': 0.1127}
val: {'epoch': 180, 'time_epoch': 0.25366, 'loss': 0.11980237, 'lr': 0, 'params': 220085, 'time_iter': 0.00479, 'mae': 0.1198, 'r2': -0.25208, 'spearmanr': 0.11125, 'mse': 0.02326, 'rmse': 0.15252}
test: {'epoch': 180, 'time_epoch': 0.14814, 'loss': 0.15334284, 'lr': 0, 'params': 220085, 'time_iter': 0.00511, 'mae': 0.15334, 'r2': -0.75535, 'spearmanr': 0.23393, 'mse': 0.03443, 'rmse': 0.18555}
> Epoch 180: took 3.2s (avg 3.1s) | Best so far: epoch 55	train_loss: 0.1054 train_mae: 0.1054	val_loss: 0.1114 val_mae: 0.1114	test_loss: 0.1097 test_mae: 0.1097
train: {'epoch': 181, 'time_epoch': 2.67061, 'eta': 845.05787, 'eta_hours': 0.23474, 'loss': 0.07780852, 'lr': 0.00080507, 'params': 220085, 'time_iter': 0.01077, 'mae': 0.07781, 'r2': 0.36189, 'spearmanr': 0.5917, 'mse': 0.0126, 'rmse': 0.11225}
val: {'epoch': 181, 'time_epoch': 0.25787, 'loss': 0.11915762, 'lr': 0, 'params': 220085, 'time_iter': 0.00487, 'mae': 0.11916, 'r2': -0.25739, 'spearmanr': 0.12398, 'mse': 0.02336, 'rmse': 0.15284}
test: {'epoch': 181, 'time_epoch': 0.13506, 'loss': 0.12948874, 'lr': 0, 'params': 220085, 'time_iter': 0.00466, 'mae': 0.12949, 'r2': -0.2735, 'spearmanr': 0.29336, 'mse': 0.02498, 'rmse': 0.15805}
> Epoch 181: took 3.1s (avg 3.1s) | Best so far: epoch 55	train_loss: 0.1054 train_mae: 0.1054	val_loss: 0.1114 val_mae: 0.1114	test_loss: 0.1097 test_mae: 0.1097
train: {'epoch': 182, 'time_epoch': 2.68178, 'eta': 842.44267, 'eta_hours': 0.23401, 'loss': 0.0778252, 'lr': 0.0008023, 'params': 220085, 'time_iter': 0.01081, 'mae': 0.07783, 'r2': 0.36232, 'spearmanr': 0.5929, 'mse': 0.01259, 'rmse': 0.11221}
val: {'epoch': 182, 'time_epoch': 0.24587, 'loss': 0.12213248, 'lr': 0, 'params': 220085, 'time_iter': 0.00464, 'mae': 0.12213, 'r2': -0.34358, 'spearmanr': 0.1089, 'mse': 0.02496, 'rmse': 0.158}
test: {'epoch': 182, 'time_epoch': 0.14167, 'loss': 0.13259114, 'lr': 0, 'params': 220085, 'time_iter': 0.00489, 'mae': 0.13259, 'r2': -0.30132, 'spearmanr': 0.29186, 'mse': 0.02552, 'rmse': 0.15976}
> Epoch 182: took 3.1s (avg 3.1s) | Best so far: epoch 55	train_loss: 0.1054 train_mae: 0.1054	val_loss: 0.1114 val_mae: 0.1114	test_loss: 0.1097 test_mae: 0.1097
train: {'epoch': 183, 'time_epoch': 2.64378, 'eta': 839.76148, 'eta_hours': 0.23327, 'loss': 0.07745579, 'lr': 0.00079951, 'params': 220085, 'time_iter': 0.01066, 'mae': 0.07746, 'r2': 0.35981, 'spearmanr': 0.59481, 'mse': 0.01264, 'rmse': 0.11243}
val: {'epoch': 183, 'time_epoch': 0.26064, 'loss': 0.12246124, 'lr': 0, 'params': 220085, 'time_iter': 0.00492, 'mae': 0.12246, 'r2': -0.33512, 'spearmanr': 0.12204, 'mse': 0.02481, 'rmse': 0.1575}
test: {'epoch': 183, 'time_epoch': 0.14046, 'loss': 0.12070318, 'lr': 0, 'params': 220085, 'time_iter': 0.00484, 'mae': 0.1207, 'r2': -0.11791, 'spearmanr': 0.31384, 'mse': 0.02193, 'rmse': 0.14808}
> Epoch 183: took 3.1s (avg 3.1s) | Best so far: epoch 55	train_loss: 0.1054 train_mae: 0.1054	val_loss: 0.1114 val_mae: 0.1114	test_loss: 0.1097 test_mae: 0.1097
train: {'epoch': 184, 'time_epoch': 2.57735, 'eta': 836.96757, 'eta_hours': 0.23249, 'loss': 0.0774406, 'lr': 0.00079671, 'params': 220085, 'time_iter': 0.01039, 'mae': 0.07744, 'r2': 0.35933, 'spearmanr': 0.59583, 'mse': 0.01265, 'rmse': 0.11247}
val: {'epoch': 184, 'time_epoch': 0.24365, 'loss': 0.12099684, 'lr': 0, 'params': 220085, 'time_iter': 0.0046, 'mae': 0.121, 'r2': -0.29985, 'spearmanr': 0.10202, 'mse': 0.02415, 'rmse': 0.1554}
test: {'epoch': 184, 'time_epoch': 0.1332, 'loss': 0.12351669, 'lr': 0, 'params': 220085, 'time_iter': 0.00459, 'mae': 0.12352, 'r2': -0.16477, 'spearmanr': 0.27799, 'mse': 0.02285, 'rmse': 0.15115}
> Epoch 184: took 3.0s (avg 3.1s) | Best so far: epoch 55	train_loss: 0.1054 train_mae: 0.1054	val_loss: 0.1114 val_mae: 0.1114	test_loss: 0.1097 test_mae: 0.1097
train: {'epoch': 185, 'time_epoch': 2.54264, 'eta': 834.1174, 'eta_hours': 0.2317, 'loss': 0.07750082, 'lr': 0.00079389, 'params': 220085, 'time_iter': 0.01025, 'mae': 0.0775, 'r2': 0.35359, 'spearmanr': 0.59047, 'mse': 0.01276, 'rmse': 0.11297}
val: {'epoch': 185, 'time_epoch': 0.24454, 'loss': 0.12395793, 'lr': 0, 'params': 220085, 'time_iter': 0.00461, 'mae': 0.12396, 'r2': -0.36582, 'spearmanr': 0.11118, 'mse': 0.02538, 'rmse': 0.1593}
test: {'epoch': 185, 'time_epoch': 0.13392, 'loss': 0.13114214, 'lr': 0, 'params': 220085, 'time_iter': 0.00462, 'mae': 0.13114, 'r2': -0.29529, 'spearmanr': 0.2814, 'mse': 0.02541, 'rmse': 0.15939}
> Epoch 185: took 2.9s (avg 3.1s) | Best so far: epoch 55	train_loss: 0.1054 train_mae: 0.1054	val_loss: 0.1114 val_mae: 0.1114	test_loss: 0.1097 test_mae: 0.1097
train: {'epoch': 186, 'time_epoch': 2.51996, 'eta': 831.23256, 'eta_hours': 0.2309, 'loss': 0.07657716, 'lr': 0.00079106, 'params': 220085, 'time_iter': 0.01016, 'mae': 0.07658, 'r2': 0.36967, 'spearmanr': 0.60302, 'mse': 0.01245, 'rmse': 0.11156}
val: {'epoch': 186, 'time_epoch': 0.2449, 'loss': 0.11957174, 'lr': 0, 'params': 220085, 'time_iter': 0.00462, 'mae': 0.11957, 'r2': -0.26613, 'spearmanr': 0.12881, 'mse': 0.02352, 'rmse': 0.15337}
test: {'epoch': 186, 'time_epoch': 0.13348, 'loss': 0.12467594, 'lr': 0, 'params': 220085, 'time_iter': 0.0046, 'mae': 0.12468, 'r2': -0.20582, 'spearmanr': 0.29128, 'mse': 0.02365, 'rmse': 0.15379}
> Epoch 186: took 2.9s (avg 3.1s) | Best so far: epoch 55	train_loss: 0.1054 train_mae: 0.1054	val_loss: 0.1114 val_mae: 0.1114	test_loss: 0.1097 test_mae: 0.1097
train: {'epoch': 187, 'time_epoch': 2.50922, 'eta': 828.33378, 'eta_hours': 0.23009, 'loss': 0.07729078, 'lr': 0.00078822, 'params': 220085, 'time_iter': 0.01012, 'mae': 0.07729, 'r2': 0.37098, 'spearmanr': 0.60116, 'mse': 0.01242, 'rmse': 0.11144}
val: {'epoch': 187, 'time_epoch': 0.24513, 'loss': 0.12131211, 'lr': 0, 'params': 220085, 'time_iter': 0.00463, 'mae': 0.12131, 'r2': -0.31917, 'spearmanr': 0.10899, 'mse': 0.02451, 'rmse': 0.15655}
test: {'epoch': 187, 'time_epoch': 0.13345, 'loss': 0.12146592, 'lr': 0, 'params': 220085, 'time_iter': 0.0046, 'mae': 0.12147, 'r2': -0.16832, 'spearmanr': 0.35053, 'mse': 0.02292, 'rmse': 0.15138}
> Epoch 187: took 2.9s (avg 3.1s) | Best so far: epoch 55	train_loss: 0.1054 train_mae: 0.1054	val_loss: 0.1114 val_mae: 0.1114	test_loss: 0.1097 test_mae: 0.1097
train: {'epoch': 188, 'time_epoch': 2.57214, 'eta': 825.54266, 'eta_hours': 0.22932, 'loss': 0.07678952, 'lr': 0.00078536, 'params': 220085, 'time_iter': 0.01037, 'mae': 0.07679, 'r2': 0.37305, 'spearmanr': 0.59995, 'mse': 0.01238, 'rmse': 0.11126}
val: {'epoch': 188, 'time_epoch': 0.24784, 'loss': 0.12454791, 'lr': 0, 'params': 220085, 'time_iter': 0.00468, 'mae': 0.12455, 'r2': -0.42273, 'spearmanr': 0.1098, 'mse': 0.02643, 'rmse': 0.16258}
test: {'epoch': 188, 'time_epoch': 0.14004, 'loss': 0.12575367, 'lr': 0, 'params': 220085, 'time_iter': 0.00483, 'mae': 0.12575, 'r2': -0.1926, 'spearmanr': 0.25992, 'mse': 0.02339, 'rmse': 0.15294}
> Epoch 188: took 3.0s (avg 3.1s) | Best so far: epoch 55	train_loss: 0.1054 train_mae: 0.1054	val_loss: 0.1114 val_mae: 0.1114	test_loss: 0.1097 test_mae: 0.1097
train: {'epoch': 189, 'time_epoch': 2.54532, 'eta': 822.71009, 'eta_hours': 0.22853, 'loss': 0.07691198, 'lr': 0.00078248, 'params': 220085, 'time_iter': 0.01026, 'mae': 0.07691, 'r2': 0.35837, 'spearmanr': 0.59592, 'mse': 0.01267, 'rmse': 0.11256}
val: {'epoch': 189, 'time_epoch': 0.24571, 'loss': 0.12231624, 'lr': 0, 'params': 220085, 'time_iter': 0.00464, 'mae': 0.12232, 'r2': -0.32653, 'spearmanr': 0.08849, 'mse': 0.02465, 'rmse': 0.15699}
test: {'epoch': 189, 'time_epoch': 0.14332, 'loss': 0.12727662, 'lr': 0, 'params': 220085, 'time_iter': 0.00494, 'mae': 0.12728, 'r2': -0.25004, 'spearmanr': 0.28826, 'mse': 0.02452, 'rmse': 0.15658}
> Epoch 189: took 2.9s (avg 3.1s) | Best so far: epoch 55	train_loss: 0.1054 train_mae: 0.1054	val_loss: 0.1114 val_mae: 0.1114	test_loss: 0.1097 test_mae: 0.1097
train: {'epoch': 190, 'time_epoch': 2.54376, 'eta': 819.87799, 'eta_hours': 0.22774, 'loss': 0.07595509, 'lr': 0.0007796, 'params': 220085, 'time_iter': 0.01026, 'mae': 0.07596, 'r2': 0.37993, 'spearmanr': 0.61068, 'mse': 0.01224, 'rmse': 0.11065}
val: {'epoch': 190, 'time_epoch': 0.25689, 'loss': 0.12036857, 'lr': 0, 'params': 220085, 'time_iter': 0.00485, 'mae': 0.12037, 'r2': -0.2647, 'spearmanr': 0.09406, 'mse': 0.0235, 'rmse': 0.15329}
test: {'epoch': 190, 'time_epoch': 0.13461, 'loss': 0.11893236, 'lr': 0, 'params': 220085, 'time_iter': 0.00464, 'mae': 0.11893, 'r2': -0.11607, 'spearmanr': 0.30914, 'mse': 0.02189, 'rmse': 0.14796}
> Epoch 190: took 2.9s (avg 3.1s) | Best so far: epoch 55	train_loss: 0.1054 train_mae: 0.1054	val_loss: 0.1114 val_mae: 0.1114	test_loss: 0.1097 test_mae: 0.1097
train: {'epoch': 191, 'time_epoch': 2.57386, 'eta': 817.09719, 'eta_hours': 0.22697, 'loss': 0.07579611, 'lr': 0.0007767, 'params': 220085, 'time_iter': 0.01038, 'mae': 0.0758, 'r2': 0.37965, 'spearmanr': 0.60944, 'mse': 0.01225, 'rmse': 0.11067}
val: {'epoch': 191, 'time_epoch': 0.24757, 'loss': 0.11972288, 'lr': 0, 'params': 220085, 'time_iter': 0.00467, 'mae': 0.11972, 'r2': -0.26215, 'spearmanr': 0.11246, 'mse': 0.02345, 'rmse': 0.15313}
test: {'epoch': 191, 'time_epoch': 0.13342, 'loss': 0.13489214, 'lr': 0, 'params': 220085, 'time_iter': 0.0046, 'mae': 0.13489, 'r2': -0.37583, 'spearmanr': 0.22268, 'mse': 0.02699, 'rmse': 0.16427}
> Epoch 191: took 3.0s (avg 3.1s) | Best so far: epoch 55	train_loss: 0.1054 train_mae: 0.1054	val_loss: 0.1114 val_mae: 0.1114	test_loss: 0.1097 test_mae: 0.1097
train: {'epoch': 192, 'time_epoch': 2.59058, 'eta': 814.34512, 'eta_hours': 0.22621, 'loss': 0.07618856, 'lr': 0.00077378, 'params': 220085, 'time_iter': 0.01045, 'mae': 0.07619, 'r2': 0.3819, 'spearmanr': 0.6105, 'mse': 0.0122, 'rmse': 0.11047}
val: {'epoch': 192, 'time_epoch': 0.25278, 'loss': 0.12211023, 'lr': 0, 'params': 220085, 'time_iter': 0.00477, 'mae': 0.12211, 'r2': -0.31185, 'spearmanr': 0.10349, 'mse': 0.02437, 'rmse': 0.15612}
test: {'epoch': 192, 'time_epoch': 0.13591, 'loss': 0.12824443, 'lr': 0, 'params': 220085, 'time_iter': 0.00469, 'mae': 0.12824, 'r2': -0.24035, 'spearmanr': 0.28266, 'mse': 0.02433, 'rmse': 0.15598}
> Epoch 192: took 3.0s (avg 3.1s) | Best so far: epoch 55	train_loss: 0.1054 train_mae: 0.1054	val_loss: 0.1114 val_mae: 0.1114	test_loss: 0.1097 test_mae: 0.1097
train: {'epoch': 193, 'time_epoch': 2.62575, 'eta': 811.6502, 'eta_hours': 0.22546, 'loss': 0.07576337, 'lr': 0.00077085, 'params': 220085, 'time_iter': 0.01059, 'mae': 0.07576, 'r2': 0.38095, 'spearmanr': 0.60953, 'mse': 0.01222, 'rmse': 0.11056}
val: {'epoch': 193, 'time_epoch': 0.25082, 'loss': 0.12012527, 'lr': 0, 'params': 220085, 'time_iter': 0.00473, 'mae': 0.12013, 'r2': -0.26947, 'spearmanr': 0.09847, 'mse': 0.02359, 'rmse': 0.15358}
test: {'epoch': 193, 'time_epoch': 0.13934, 'loss': 0.12195056, 'lr': 0, 'params': 220085, 'time_iter': 0.0048, 'mae': 0.12195, 'r2': -0.12694, 'spearmanr': 0.27445, 'mse': 0.0221, 'rmse': 0.14867}
> Epoch 193: took 3.0s (avg 3.1s) | Best so far: epoch 55	train_loss: 0.1054 train_mae: 0.1054	val_loss: 0.1114 val_mae: 0.1114	test_loss: 0.1097 test_mae: 0.1097
train: {'epoch': 194, 'time_epoch': 2.57902, 'eta': 808.88289, 'eta_hours': 0.22469, 'loss': 0.0752353, 'lr': 0.00076791, 'params': 220085, 'time_iter': 0.0104, 'mae': 0.07524, 'r2': 0.3822, 'spearmanr': 0.60791, 'mse': 0.0122, 'rmse': 0.11045}
val: {'epoch': 194, 'time_epoch': 0.24617, 'loss': 0.12170989, 'lr': 0, 'params': 220085, 'time_iter': 0.00464, 'mae': 0.12171, 'r2': -0.30319, 'spearmanr': 0.11287, 'mse': 0.02421, 'rmse': 0.1556}
test: {'epoch': 194, 'time_epoch': 0.134, 'loss': 0.12485673, 'lr': 0, 'params': 220085, 'time_iter': 0.00462, 'mae': 0.12486, 'r2': -0.18959, 'spearmanr': 0.30994, 'mse': 0.02333, 'rmse': 0.15275}
> Epoch 194: took 3.0s (avg 3.1s) | Best so far: epoch 55	train_loss: 0.1054 train_mae: 0.1054	val_loss: 0.1114 val_mae: 0.1114	test_loss: 0.1097 test_mae: 0.1097
train: {'epoch': 195, 'time_epoch': 2.53486, 'eta': 806.04902, 'eta_hours': 0.2239, 'loss': 0.07526135, 'lr': 0.00076496, 'params': 220085, 'time_iter': 0.01022, 'mae': 0.07526, 'r2': 0.38097, 'spearmanr': 0.61184, 'mse': 0.01222, 'rmse': 0.11056}
val: {'epoch': 195, 'time_epoch': 0.2454, 'loss': 0.11850056, 'lr': 0, 'params': 220085, 'time_iter': 0.00463, 'mae': 0.1185, 'r2': -0.23607, 'spearmanr': 0.11805, 'mse': 0.02297, 'rmse': 0.15154}
test: {'epoch': 195, 'time_epoch': 0.13509, 'loss': 0.14083257, 'lr': 0, 'params': 220085, 'time_iter': 0.00466, 'mae': 0.14083, 'r2': -0.47274, 'spearmanr': 0.25866, 'mse': 0.02889, 'rmse': 0.16996}
> Epoch 195: took 2.9s (avg 3.1s) | Best so far: epoch 55	train_loss: 0.1054 train_mae: 0.1054	val_loss: 0.1114 val_mae: 0.1114	test_loss: 0.1097 test_mae: 0.1097
train: {'epoch': 196, 'time_epoch': 2.5194, 'eta': 803.1944, 'eta_hours': 0.22311, 'loss': 0.07538027, 'lr': 0.00076199, 'params': 220085, 'time_iter': 0.01016, 'mae': 0.07538, 'r2': 0.3838, 'spearmanr': 0.61231, 'mse': 0.01217, 'rmse': 0.1103}
val: {'epoch': 196, 'time_epoch': 0.24525, 'loss': 0.11950149, 'lr': 0, 'params': 220085, 'time_iter': 0.00463, 'mae': 0.1195, 'r2': -0.27721, 'spearmanr': 0.12926, 'mse': 0.02373, 'rmse': 0.15404}
test: {'epoch': 196, 'time_epoch': 0.13351, 'loss': 0.12135627, 'lr': 0, 'params': 220085, 'time_iter': 0.0046, 'mae': 0.12136, 'r2': -0.14516, 'spearmanr': 0.29651, 'mse': 0.02246, 'rmse': 0.14987}
> Epoch 196: took 2.9s (avg 3.1s) | Best so far: epoch 55	train_loss: 0.1054 train_mae: 0.1054	val_loss: 0.1114 val_mae: 0.1114	test_loss: 0.1097 test_mae: 0.1097
train: {'epoch': 197, 'time_epoch': 2.55203, 'eta': 800.39293, 'eta_hours': 0.22233, 'loss': 0.07576635, 'lr': 0.00075901, 'params': 220085, 'time_iter': 0.01029, 'mae': 0.07577, 'r2': 0.38189, 'spearmanr': 0.60917, 'mse': 0.0122, 'rmse': 0.11047}
val: {'epoch': 197, 'time_epoch': 0.24412, 'loss': 0.12026745, 'lr': 0, 'params': 220085, 'time_iter': 0.00461, 'mae': 0.12027, 'r2': -0.32388, 'spearmanr': 0.13169, 'mse': 0.0246, 'rmse': 0.15683}
test: {'epoch': 197, 'time_epoch': 0.13316, 'loss': 0.13513329, 'lr': 0, 'params': 220085, 'time_iter': 0.00459, 'mae': 0.13513, 'r2': -0.37234, 'spearmanr': 0.24988, 'mse': 0.02692, 'rmse': 0.16407}
> Epoch 197: took 2.9s (avg 3.1s) | Best so far: epoch 55	train_loss: 0.1054 train_mae: 0.1054	val_loss: 0.1114 val_mae: 0.1114	test_loss: 0.1097 test_mae: 0.1097
train: {'epoch': 198, 'time_epoch': 2.52831, 'eta': 797.5581, 'eta_hours': 0.22154, 'loss': 0.07500943, 'lr': 0.00075602, 'params': 220085, 'time_iter': 0.01019, 'mae': 0.07501, 'r2': 0.39104, 'spearmanr': 0.61533, 'mse': 0.01202, 'rmse': 0.10965}
val: {'epoch': 198, 'time_epoch': 0.24567, 'loss': 0.11942934, 'lr': 0, 'params': 220085, 'time_iter': 0.00464, 'mae': 0.11943, 'r2': -0.2672, 'spearmanr': 0.1092, 'mse': 0.02354, 'rmse': 0.15344}
test: {'epoch': 198, 'time_epoch': 0.13338, 'loss': 0.13697699, 'lr': 0, 'params': 220085, 'time_iter': 0.0046, 'mae': 0.13698, 'r2': -0.39579, 'spearmanr': 0.25445, 'mse': 0.02738, 'rmse': 0.16546}
> Epoch 198: took 2.9s (avg 3.1s) | Best so far: epoch 55	train_loss: 0.1054 train_mae: 0.1054	val_loss: 0.1114 val_mae: 0.1114	test_loss: 0.1097 test_mae: 0.1097
train: {'epoch': 199, 'time_epoch': 2.51686, 'eta': 794.70916, 'eta_hours': 0.22075, 'loss': 0.07509675, 'lr': 0.00075302, 'params': 220085, 'time_iter': 0.01015, 'mae': 0.0751, 'r2': 0.39059, 'spearmanr': 0.61584, 'mse': 0.01203, 'rmse': 0.10969}
val: {'epoch': 199, 'time_epoch': 0.24831, 'loss': 0.12287523, 'lr': 0, 'params': 220085, 'time_iter': 0.00469, 'mae': 0.12288, 'r2': -0.33916, 'spearmanr': 0.10353, 'mse': 0.02488, 'rmse': 0.15774}
test: {'epoch': 199, 'time_epoch': 0.13308, 'loss': 0.14767953, 'lr': 0, 'params': 220085, 'time_iter': 0.00459, 'mae': 0.14768, 'r2': -0.61702, 'spearmanr': 0.21953, 'mse': 0.03172, 'rmse': 0.17809}
> Epoch 199: took 2.9s (avg 3.1s) | Best so far: epoch 55	train_loss: 0.1054 train_mae: 0.1054	val_loss: 0.1114 val_mae: 0.1114	test_loss: 0.1097 test_mae: 0.1097
train: {'epoch': 200, 'time_epoch': 2.56498, 'eta': 791.9351, 'eta_hours': 0.21998, 'loss': 0.0740392, 'lr': 0.00075, 'params': 220085, 'time_iter': 0.01034, 'mae': 0.07404, 'r2': 0.40036, 'spearmanr': 0.62593, 'mse': 0.01184, 'rmse': 0.10881}
val: {'epoch': 200, 'time_epoch': 0.24525, 'loss': 0.12372734, 'lr': 0, 'params': 220085, 'time_iter': 0.00463, 'mae': 0.12373, 'r2': -0.37936, 'spearmanr': 0.12088, 'mse': 0.02563, 'rmse': 0.16009}
test: {'epoch': 200, 'time_epoch': 0.13585, 'loss': 0.14011511, 'lr': 0, 'params': 220085, 'time_iter': 0.00468, 'mae': 0.14012, 'r2': -0.45127, 'spearmanr': 0.18983, 'mse': 0.02847, 'rmse': 0.16872}
> Epoch 200: took 3.0s (avg 3.1s) | Best so far: epoch 55	train_loss: 0.1054 train_mae: 0.1054	val_loss: 0.1114 val_mae: 0.1114	test_loss: 0.1097 test_mae: 0.1097
train: {'epoch': 201, 'time_epoch': 2.59852, 'eta': 789.21259, 'eta_hours': 0.21923, 'loss': 0.07479705, 'lr': 0.00074697, 'params': 220085, 'time_iter': 0.01048, 'mae': 0.0748, 'r2': 0.39337, 'spearmanr': 0.61778, 'mse': 0.01198, 'rmse': 0.10944}
val: {'epoch': 201, 'time_epoch': 0.24503, 'loss': 0.12214285, 'lr': 0, 'params': 220085, 'time_iter': 0.00462, 'mae': 0.12214, 'r2': -0.31341, 'spearmanr': 0.09959, 'mse': 0.0244, 'rmse': 0.15621}
test: {'epoch': 201, 'time_epoch': 0.1347, 'loss': 0.13342144, 'lr': 0, 'params': 220085, 'time_iter': 0.00464, 'mae': 0.13342, 'r2': -0.33535, 'spearmanr': 0.26561, 'mse': 0.02619, 'rmse': 0.16184}
> Epoch 201: took 3.0s (avg 3.0s) | Best so far: epoch 55	train_loss: 0.1054 train_mae: 0.1054	val_loss: 0.1114 val_mae: 0.1114	test_loss: 0.1097 test_mae: 0.1097
train: {'epoch': 202, 'time_epoch': 2.5263, 'eta': 786.38563, 'eta_hours': 0.21844, 'loss': 0.07491492, 'lr': 0.00074393, 'params': 220085, 'time_iter': 0.01019, 'mae': 0.07491, 'r2': 0.38537, 'spearmanr': 0.61576, 'mse': 0.01214, 'rmse': 0.11016}
val: {'epoch': 202, 'time_epoch': 0.24476, 'loss': 0.12054382, 'lr': 0, 'params': 220085, 'time_iter': 0.00462, 'mae': 0.12054, 'r2': -0.27629, 'spearmanr': 0.10726, 'mse': 0.02371, 'rmse': 0.15399}
test: {'epoch': 202, 'time_epoch': 0.1336, 'loss': 0.12802651, 'lr': 0, 'params': 220085, 'time_iter': 0.00461, 'mae': 0.12803, 'r2': -0.24503, 'spearmanr': 0.23564, 'mse': 0.02442, 'rmse': 0.15627}
> Epoch 202: took 2.9s (avg 3.0s) | Best so far: epoch 55	train_loss: 0.1054 train_mae: 0.1054	val_loss: 0.1114 val_mae: 0.1114	test_loss: 0.1097 test_mae: 0.1097
train: {'epoch': 203, 'time_epoch': 2.51993, 'eta': 783.55239, 'eta_hours': 0.21765, 'loss': 0.07438363, 'lr': 0.00074088, 'params': 220085, 'time_iter': 0.01016, 'mae': 0.07438, 'r2': 0.39637, 'spearmanr': 0.6195, 'mse': 0.01192, 'rmse': 0.10917}
val: {'epoch': 203, 'time_epoch': 0.24503, 'loss': 0.12183282, 'lr': 0, 'params': 220085, 'time_iter': 0.00462, 'mae': 0.12183, 'r2': -0.3304, 'spearmanr': 0.11358, 'mse': 0.02472, 'rmse': 0.15722}
test: {'epoch': 203, 'time_epoch': 0.13342, 'loss': 0.12579492, 'lr': 0, 'params': 220085, 'time_iter': 0.0046, 'mae': 0.12579, 'r2': -0.21721, 'spearmanr': 0.26147, 'mse': 0.02387, 'rmse': 0.15451}
> Epoch 203: took 2.9s (avg 3.0s) | Best so far: epoch 55	train_loss: 0.1054 train_mae: 0.1054	val_loss: 0.1114 val_mae: 0.1114	test_loss: 0.1097 test_mae: 0.1097
train: {'epoch': 204, 'time_epoch': 2.5477, 'eta': 780.76216, 'eta_hours': 0.21688, 'loss': 0.07384924, 'lr': 0.00073781, 'params': 220085, 'time_iter': 0.01027, 'mae': 0.07385, 'r2': 0.4041, 'spearmanr': 0.62463, 'mse': 0.01177, 'rmse': 0.10847}
val: {'epoch': 204, 'time_epoch': 0.24777, 'loss': 0.12119145, 'lr': 0, 'params': 220085, 'time_iter': 0.00467, 'mae': 0.12119, 'r2': -0.30519, 'spearmanr': 0.0906, 'mse': 0.02425, 'rmse': 0.15572}
test: {'epoch': 204, 'time_epoch': 0.13547, 'loss': 0.13446164, 'lr': 0, 'params': 220085, 'time_iter': 0.00467, 'mae': 0.13446, 'r2': -0.38778, 'spearmanr': 0.28075, 'mse': 0.02722, 'rmse': 0.16499}
> Epoch 204: took 2.9s (avg 3.0s) | Best so far: epoch 55	train_loss: 0.1054 train_mae: 0.1054	val_loss: 0.1114 val_mae: 0.1114	test_loss: 0.1097 test_mae: 0.1097
train: {'epoch': 205, 'time_epoch': 2.5186, 'eta': 777.93276, 'eta_hours': 0.21609, 'loss': 0.07352209, 'lr': 0.00073474, 'params': 220085, 'time_iter': 0.01016, 'mae': 0.07352, 'r2': 0.40102, 'spearmanr': 0.62707, 'mse': 0.01183, 'rmse': 0.10875}
val: {'epoch': 205, 'time_epoch': 0.24457, 'loss': 0.11962556, 'lr': 0, 'params': 220085, 'time_iter': 0.00461, 'mae': 0.11963, 'r2': -0.28293, 'spearmanr': 0.1113, 'mse': 0.02384, 'rmse': 0.15439}
test: {'epoch': 205, 'time_epoch': 0.13419, 'loss': 0.15431231, 'lr': 0, 'params': 220085, 'time_iter': 0.00463, 'mae': 0.15431, 'r2': -0.74789, 'spearmanr': 0.1806, 'mse': 0.03428, 'rmse': 0.18516}
> Epoch 205: took 2.9s (avg 3.0s) | Best so far: epoch 55	train_loss: 0.1054 train_mae: 0.1054	val_loss: 0.1114 val_mae: 0.1114	test_loss: 0.1097 test_mae: 0.1097
train: {'epoch': 206, 'time_epoch': 2.53181, 'eta': 775.12506, 'eta_hours': 0.21531, 'loss': 0.07342323, 'lr': 0.00073165, 'params': 220085, 'time_iter': 0.01021, 'mae': 0.07342, 'r2': 0.40698, 'spearmanr': 0.62746, 'mse': 0.01171, 'rmse': 0.10821}
val: {'epoch': 206, 'time_epoch': 0.24449, 'loss': 0.12375781, 'lr': 0, 'params': 220085, 'time_iter': 0.00461, 'mae': 0.12376, 'r2': -0.37965, 'spearmanr': 0.11097, 'mse': 0.02563, 'rmse': 0.1601}
test: {'epoch': 206, 'time_epoch': 0.13425, 'loss': 0.13726783, 'lr': 0, 'params': 220085, 'time_iter': 0.00463, 'mae': 0.13727, 'r2': -0.42078, 'spearmanr': 0.22743, 'mse': 0.02787, 'rmse': 0.16694}
> Epoch 206: took 2.9s (avg 3.0s) | Best so far: epoch 55	train_loss: 0.1054 train_mae: 0.1054	val_loss: 0.1114 val_mae: 0.1114	test_loss: 0.1097 test_mae: 0.1097
train: {'epoch': 207, 'time_epoch': 2.56719, 'eta': 772.36967, 'eta_hours': 0.21455, 'loss': 0.07519659, 'lr': 0.00072855, 'params': 220085, 'time_iter': 0.01035, 'mae': 0.0752, 'r2': 0.39052, 'spearmanr': 0.61313, 'mse': 0.01203, 'rmse': 0.1097}
val: {'epoch': 207, 'time_epoch': 0.24541, 'loss': 0.12166366, 'lr': 0, 'params': 220085, 'time_iter': 0.00463, 'mae': 0.12166, 'r2': -0.30375, 'spearmanr': 0.10204, 'mse': 0.02422, 'rmse': 0.15564}
test: {'epoch': 207, 'time_epoch': 0.13465, 'loss': 0.13082924, 'lr': 0, 'params': 220085, 'time_iter': 0.00464, 'mae': 0.13083, 'r2': -0.2944, 'spearmanr': 0.25176, 'mse': 0.02539, 'rmse': 0.15934}
> Epoch 207: took 3.0s (avg 3.0s) | Best so far: epoch 55	train_loss: 0.1054 train_mae: 0.1054	val_loss: 0.1114 val_mae: 0.1114	test_loss: 0.1097 test_mae: 0.1097
train: {'epoch': 208, 'time_epoch': 2.62758, 'eta': 769.70017, 'eta_hours': 0.21381, 'loss': 0.07623085, 'lr': 0.00072544, 'params': 220085, 'time_iter': 0.0106, 'mae': 0.07623, 'r2': 0.37821, 'spearmanr': 0.60634, 'mse': 0.01228, 'rmse': 0.1108}
val: {'epoch': 208, 'time_epoch': 0.25019, 'loss': 0.11975182, 'lr': 0, 'params': 220085, 'time_iter': 0.00472, 'mae': 0.11975, 'r2': -0.25683, 'spearmanr': 0.12232, 'mse': 0.02335, 'rmse': 0.15281}
test: {'epoch': 208, 'time_epoch': 0.13955, 'loss': 0.136427, 'lr': 0, 'params': 220085, 'time_iter': 0.00481, 'mae': 0.13643, 'r2': -0.40148, 'spearmanr': 0.27801, 'mse': 0.02749, 'rmse': 0.1658}
> Epoch 208: took 3.0s (avg 3.0s) | Best so far: epoch 55	train_loss: 0.1054 train_mae: 0.1054	val_loss: 0.1114 val_mae: 0.1114	test_loss: 0.1097 test_mae: 0.1097
train: {'epoch': 209, 'time_epoch': 2.59985, 'eta': 766.99278, 'eta_hours': 0.21305, 'loss': 0.07525699, 'lr': 0.00072232, 'params': 220085, 'time_iter': 0.01048, 'mae': 0.07526, 'r2': 0.39041, 'spearmanr': 0.61671, 'mse': 0.01204, 'rmse': 0.10971}
val: {'epoch': 209, 'time_epoch': 0.2446, 'loss': 0.122983, 'lr': 0, 'params': 220085, 'time_iter': 0.00462, 'mae': 0.12298, 'r2': -0.33116, 'spearmanr': 0.10396, 'mse': 0.02473, 'rmse': 0.15726}
test: {'epoch': 209, 'time_epoch': 0.13431, 'loss': 0.12645273, 'lr': 0, 'params': 220085, 'time_iter': 0.00463, 'mae': 0.12645, 'r2': -0.19088, 'spearmanr': 0.25537, 'mse': 0.02336, 'rmse': 0.15283}
> Epoch 209: took 3.0s (avg 3.0s) | Best so far: epoch 55	train_loss: 0.1054 train_mae: 0.1054	val_loss: 0.1114 val_mae: 0.1114	test_loss: 0.1097 test_mae: 0.1097
train: {'epoch': 210, 'time_epoch': 2.5723, 'eta': 764.24868, 'eta_hours': 0.21229, 'loss': 0.07294055, 'lr': 0.00071919, 'params': 220085, 'time_iter': 0.01037, 'mae': 0.07294, 'r2': 0.41004, 'spearmanr': 0.63213, 'mse': 0.01165, 'rmse': 0.10793}
val: {'epoch': 210, 'time_epoch': 0.24594, 'loss': 0.12302572, 'lr': 0, 'params': 220085, 'time_iter': 0.00464, 'mae': 0.12303, 'r2': -0.33245, 'spearmanr': 0.09695, 'mse': 0.02476, 'rmse': 0.15734}
test: {'epoch': 210, 'time_epoch': 0.13477, 'loss': 0.13299283, 'lr': 0, 'params': 220085, 'time_iter': 0.00465, 'mae': 0.13299, 'r2': -0.35007, 'spearmanr': 0.23648, 'mse': 0.02648, 'rmse': 0.16273}
> Epoch 210: took 3.0s (avg 3.0s) | Best so far: epoch 55	train_loss: 0.1054 train_mae: 0.1054	val_loss: 0.1114 val_mae: 0.1114	test_loss: 0.1097 test_mae: 0.1097
train: {'epoch': 211, 'time_epoch': 2.56136, 'eta': 761.49133, 'eta_hours': 0.21153, 'loss': 0.07316762, 'lr': 0.00071604, 'params': 220085, 'time_iter': 0.01033, 'mae': 0.07317, 'r2': 0.41134, 'spearmanr': 0.63057, 'mse': 0.01162, 'rmse': 0.10781}
val: {'epoch': 211, 'time_epoch': 0.24611, 'loss': 0.12322043, 'lr': 0, 'params': 220085, 'time_iter': 0.00464, 'mae': 0.12322, 'r2': -0.31902, 'spearmanr': 0.11314, 'mse': 0.02451, 'rmse': 0.15654}
test: {'epoch': 211, 'time_epoch': 0.13499, 'loss': 0.15500198, 'lr': 0, 'params': 220085, 'time_iter': 0.00465, 'mae': 0.155, 'r2': -0.7851, 'spearmanr': 0.20661, 'mse': 0.03501, 'rmse': 0.18712}
> Epoch 211: took 3.0s (avg 3.0s) | Best so far: epoch 55	train_loss: 0.1054 train_mae: 0.1054	val_loss: 0.1114 val_mae: 0.1114	test_loss: 0.1097 test_mae: 0.1097
train: {'epoch': 212, 'time_epoch': 2.55657, 'eta': 758.72938, 'eta_hours': 0.21076, 'loss': 0.07318238, 'lr': 0.00071289, 'params': 220085, 'time_iter': 0.01031, 'mae': 0.07318, 'r2': 0.41057, 'spearmanr': 0.63091, 'mse': 0.01164, 'rmse': 0.10788}
val: {'epoch': 212, 'time_epoch': 0.24448, 'loss': 0.12179402, 'lr': 0, 'params': 220085, 'time_iter': 0.00461, 'mae': 0.12179, 'r2': -0.3087, 'spearmanr': 0.08412, 'mse': 0.02431, 'rmse': 0.15593}
test: {'epoch': 212, 'time_epoch': 0.13416, 'loss': 0.13832301, 'lr': 0, 'params': 220085, 'time_iter': 0.00463, 'mae': 0.13832, 'r2': -0.45612, 'spearmanr': 0.22034, 'mse': 0.02856, 'rmse': 0.169}
> Epoch 212: took 2.9s (avg 3.0s) | Best so far: epoch 55	train_loss: 0.1054 train_mae: 0.1054	val_loss: 0.1114 val_mae: 0.1114	test_loss: 0.1097 test_mae: 0.1097
train: {'epoch': 213, 'time_epoch': 2.54776, 'eta': 755.95756, 'eta_hours': 0.20999, 'loss': 0.07216792, 'lr': 0.00070973, 'params': 220085, 'time_iter': 0.01027, 'mae': 0.07217, 'r2': 0.41472, 'spearmanr': 0.63634, 'mse': 0.01156, 'rmse': 0.1075}
val: {'epoch': 213, 'time_epoch': 0.24425, 'loss': 0.12320989, 'lr': 0, 'params': 220085, 'time_iter': 0.00461, 'mae': 0.12321, 'r2': -0.37975, 'spearmanr': 0.113, 'mse': 0.02563, 'rmse': 0.16011}
test: {'epoch': 213, 'time_epoch': 0.13324, 'loss': 0.12460616, 'lr': 0, 'params': 220085, 'time_iter': 0.00459, 'mae': 0.12461, 'r2': -0.19496, 'spearmanr': 0.2848, 'mse': 0.02344, 'rmse': 0.1531}
> Epoch 213: took 2.9s (avg 3.0s) | Best so far: epoch 55	train_loss: 0.1054 train_mae: 0.1054	val_loss: 0.1114 val_mae: 0.1114	test_loss: 0.1097 test_mae: 0.1097
train: {'epoch': 214, 'time_epoch': 2.55085, 'eta': 753.19192, 'eta_hours': 0.20922, 'loss': 0.07231371, 'lr': 0.00070655, 'params': 220085, 'time_iter': 0.01029, 'mae': 0.07231, 'r2': 0.41387, 'spearmanr': 0.63665, 'mse': 0.01157, 'rmse': 0.10758}
val: {'epoch': 214, 'time_epoch': 0.2441, 'loss': 0.12243547, 'lr': 0, 'params': 220085, 'time_iter': 0.00461, 'mae': 0.12244, 'r2': -0.31826, 'spearmanr': 0.0852, 'mse': 0.02449, 'rmse': 0.1565}
test: {'epoch': 214, 'time_epoch': 0.13354, 'loss': 0.12560433, 'lr': 0, 'params': 220085, 'time_iter': 0.0046, 'mae': 0.1256, 'r2': -0.1776, 'spearmanr': 0.25933, 'mse': 0.0231, 'rmse': 0.15198}
> Epoch 214: took 2.9s (avg 3.0s) | Best so far: epoch 55	train_loss: 0.1054 train_mae: 0.1054	val_loss: 0.1114 val_mae: 0.1114	test_loss: 0.1097 test_mae: 0.1097
train: {'epoch': 215, 'time_epoch': 2.54283, 'eta': 750.41773, 'eta_hours': 0.20845, 'loss': 0.07259135, 'lr': 0.00070337, 'params': 220085, 'time_iter': 0.01025, 'mae': 0.07259, 'r2': 0.41139, 'spearmanr': 0.63501, 'mse': 0.01162, 'rmse': 0.10781}
val: {'epoch': 215, 'time_epoch': 0.24442, 'loss': 0.12277018, 'lr': 0, 'params': 220085, 'time_iter': 0.00461, 'mae': 0.12277, 'r2': -0.33471, 'spearmanr': 0.10445, 'mse': 0.0248, 'rmse': 0.15747}
test: {'epoch': 215, 'time_epoch': 0.13358, 'loss': 0.1272858, 'lr': 0, 'params': 220085, 'time_iter': 0.00461, 'mae': 0.12729, 'r2': -0.24632, 'spearmanr': 0.29866, 'mse': 0.02445, 'rmse': 0.15635}
> Epoch 215: took 2.9s (avg 3.0s) | Best so far: epoch 55	train_loss: 0.1054 train_mae: 0.1054	val_loss: 0.1114 val_mae: 0.1114	test_loss: 0.1097 test_mae: 0.1097
train: {'epoch': 216, 'time_epoch': 2.54378, 'eta': 747.64691, 'eta_hours': 0.20768, 'loss': 0.07258448, 'lr': 0.00070017, 'params': 220085, 'time_iter': 0.01026, 'mae': 0.07258, 'r2': 0.41407, 'spearmanr': 0.63351, 'mse': 0.01157, 'rmse': 0.10756}
val: {'epoch': 216, 'time_epoch': 0.24408, 'loss': 0.12091873, 'lr': 0, 'params': 220085, 'time_iter': 0.00461, 'mae': 0.12092, 'r2': -0.29958, 'spearmanr': 0.11053, 'mse': 0.02415, 'rmse': 0.15539}
test: {'epoch': 216, 'time_epoch': 0.13324, 'loss': 0.15176121, 'lr': 0, 'params': 220085, 'time_iter': 0.00459, 'mae': 0.15176, 'r2': -0.72048, 'spearmanr': 0.19285, 'mse': 0.03375, 'rmse': 0.1837}
> Epoch 216: took 2.9s (avg 3.0s) | Best so far: epoch 55	train_loss: 0.1054 train_mae: 0.1054	val_loss: 0.1114 val_mae: 0.1114	test_loss: 0.1097 test_mae: 0.1097
train: {'epoch': 217, 'time_epoch': 2.5465, 'eta': 744.88169, 'eta_hours': 0.20691, 'loss': 0.07206587, 'lr': 0.00069697, 'params': 220085, 'time_iter': 0.01027, 'mae': 0.07207, 'r2': 0.41685, 'spearmanr': 0.63656, 'mse': 0.01151, 'rmse': 0.1073}
val: {'epoch': 217, 'time_epoch': 0.24412, 'loss': 0.12121246, 'lr': 0, 'params': 220085, 'time_iter': 0.00461, 'mae': 0.12121, 'r2': -0.28243, 'spearmanr': 0.08075, 'mse': 0.02383, 'rmse': 0.15436}
test: {'epoch': 217, 'time_epoch': 0.13356, 'loss': 0.14435977, 'lr': 0, 'params': 220085, 'time_iter': 0.00461, 'mae': 0.14436, 'r2': -0.53148, 'spearmanr': 0.23066, 'mse': 0.03004, 'rmse': 0.17332}
> Epoch 217: took 2.9s (avg 3.0s) | Best so far: epoch 55	train_loss: 0.1054 train_mae: 0.1054	val_loss: 0.1114 val_mae: 0.1114	test_loss: 0.1097 test_mae: 0.1097
train: {'epoch': 218, 'time_epoch': 2.55482, 'eta': 742.12913, 'eta_hours': 0.20615, 'loss': 0.0717578, 'lr': 0.00069376, 'params': 220085, 'time_iter': 0.0103, 'mae': 0.07176, 'r2': 0.42187, 'spearmanr': 0.64432, 'mse': 0.01141, 'rmse': 0.10684}
val: {'epoch': 218, 'time_epoch': 0.24627, 'loss': 0.12247497, 'lr': 0, 'params': 220085, 'time_iter': 0.00465, 'mae': 0.12247, 'r2': -0.34627, 'spearmanr': 0.10273, 'mse': 0.02501, 'rmse': 0.15815}
test: {'epoch': 218, 'time_epoch': 0.1344, 'loss': 0.14210763, 'lr': 0, 'params': 220085, 'time_iter': 0.00463, 'mae': 0.14211, 'r2': -0.50646, 'spearmanr': 0.2287, 'mse': 0.02955, 'rmse': 0.1719}
> Epoch 218: took 2.9s (avg 3.0s) | Best so far: epoch 55	train_loss: 0.1054 train_mae: 0.1054	val_loss: 0.1114 val_mae: 0.1114	test_loss: 0.1097 test_mae: 0.1097
train: {'epoch': 219, 'time_epoch': 2.56632, 'eta': 739.39303, 'eta_hours': 0.20539, 'loss': 0.07102508, 'lr': 0.00069054, 'params': 220085, 'time_iter': 0.01035, 'mae': 0.07103, 'r2': 0.43251, 'spearmanr': 0.65006, 'mse': 0.0112, 'rmse': 0.10585}
val: {'epoch': 219, 'time_epoch': 0.25564, 'loss': 0.12229311, 'lr': 0, 'params': 220085, 'time_iter': 0.00482, 'mae': 0.12229, 'r2': -0.32044, 'spearmanr': 0.07643, 'mse': 0.02453, 'rmse': 0.15663}
test: {'epoch': 219, 'time_epoch': 0.13517, 'loss': 0.12336841, 'lr': 0, 'params': 220085, 'time_iter': 0.00466, 'mae': 0.12337, 'r2': -0.18134, 'spearmanr': 0.26497, 'mse': 0.02317, 'rmse': 0.15222}
> Epoch 219: took 3.0s (avg 3.0s) | Best so far: epoch 55	train_loss: 0.1054 train_mae: 0.1054	val_loss: 0.1114 val_mae: 0.1114	test_loss: 0.1097 test_mae: 0.1097
train: {'epoch': 220, 'time_epoch': 2.57433, 'eta': 736.66857, 'eta_hours': 0.20463, 'loss': 0.07155742, 'lr': 0.0006873, 'params': 220085, 'time_iter': 0.01038, 'mae': 0.07156, 'r2': 0.42595, 'spearmanr': 0.64494, 'mse': 0.01133, 'rmse': 0.10646}
val: {'epoch': 220, 'time_epoch': 0.24808, 'loss': 0.12344177, 'lr': 0, 'params': 220085, 'time_iter': 0.00468, 'mae': 0.12344, 'r2': -0.37487, 'spearmanr': 0.10652, 'mse': 0.02554, 'rmse': 0.15982}
test: {'epoch': 220, 'time_epoch': 0.13341, 'loss': 0.12345402, 'lr': 0, 'params': 220085, 'time_iter': 0.0046, 'mae': 0.12345, 'r2': -0.16313, 'spearmanr': 0.26543, 'mse': 0.02281, 'rmse': 0.15104}
> Epoch 220: took 3.0s (avg 3.0s) | Best so far: epoch 55	train_loss: 0.1054 train_mae: 0.1054	val_loss: 0.1114 val_mae: 0.1114	test_loss: 0.1097 test_mae: 0.1097
train: {'epoch': 221, 'time_epoch': 2.57803, 'eta': 733.95009, 'eta_hours': 0.20388, 'loss': 0.07129163, 'lr': 0.00068406, 'params': 220085, 'time_iter': 0.0104, 'mae': 0.07129, 'r2': 0.42644, 'spearmanr': 0.64499, 'mse': 0.01132, 'rmse': 0.10642}
val: {'epoch': 221, 'time_epoch': 0.24904, 'loss': 0.12344974, 'lr': 0, 'params': 220085, 'time_iter': 0.0047, 'mae': 0.12345, 'r2': -0.37468, 'spearmanr': 0.12576, 'mse': 0.02554, 'rmse': 0.15981}
test: {'epoch': 221, 'time_epoch': 0.14015, 'loss': 0.12805245, 'lr': 0, 'params': 220085, 'time_iter': 0.00483, 'mae': 0.12805, 'r2': -0.2745, 'spearmanr': 0.30861, 'mse': 0.025, 'rmse': 0.15811}
> Epoch 221: took 3.0s (avg 3.0s) | Best so far: epoch 55	train_loss: 0.1054 train_mae: 0.1054	val_loss: 0.1114 val_mae: 0.1114	test_loss: 0.1097 test_mae: 0.1097
train: {'epoch': 222, 'time_epoch': 2.59671, 'eta': 731.25607, 'eta_hours': 0.20313, 'loss': 0.0704731, 'lr': 0.00068081, 'params': 220085, 'time_iter': 0.01047, 'mae': 0.07047, 'r2': 0.43776, 'spearmanr': 0.65069, 'mse': 0.0111, 'rmse': 0.10536}
val: {'epoch': 222, 'time_epoch': 0.2523, 'loss': 0.1214205, 'lr': 0, 'params': 220085, 'time_iter': 0.00476, 'mae': 0.12142, 'r2': -0.31859, 'spearmanr': 0.12198, 'mse': 0.0245, 'rmse': 0.15652}
test: {'epoch': 222, 'time_epoch': 0.13581, 'loss': 0.12477211, 'lr': 0, 'params': 220085, 'time_iter': 0.00468, 'mae': 0.12477, 'r2': -0.19502, 'spearmanr': 0.28486, 'mse': 0.02344, 'rmse': 0.1531}
> Epoch 222: took 3.0s (avg 3.0s) | Best so far: epoch 55	train_loss: 0.1054 train_mae: 0.1054	val_loss: 0.1114 val_mae: 0.1114	test_loss: 0.1097 test_mae: 0.1097
train: {'epoch': 223, 'time_epoch': 2.59685, 'eta': 728.56309, 'eta_hours': 0.20238, 'loss': 0.07077375, 'lr': 0.00067755, 'params': 220085, 'time_iter': 0.01047, 'mae': 0.07077, 'r2': 0.42704, 'spearmanr': 0.64525, 'mse': 0.01131, 'rmse': 0.10636}
val: {'epoch': 223, 'time_epoch': 0.24655, 'loss': 0.1242835, 'lr': 0, 'params': 220085, 'time_iter': 0.00465, 'mae': 0.12428, 'r2': -0.41535, 'spearmanr': 0.1184, 'mse': 0.0263, 'rmse': 0.16216}
test: {'epoch': 223, 'time_epoch': 0.13383, 'loss': 0.13154043, 'lr': 0, 'params': 220085, 'time_iter': 0.00461, 'mae': 0.13154, 'r2': -0.32711, 'spearmanr': 0.22649, 'mse': 0.02603, 'rmse': 0.16134}
> Epoch 223: took 3.0s (avg 3.0s) | Best so far: epoch 55	train_loss: 0.1054 train_mae: 0.1054	val_loss: 0.1114 val_mae: 0.1114	test_loss: 0.1097 test_mae: 0.1097
train: {'epoch': 224, 'time_epoch': 2.56972, 'eta': 725.83782, 'eta_hours': 0.20162, 'loss': 0.0705786, 'lr': 0.00067429, 'params': 220085, 'time_iter': 0.01036, 'mae': 0.07058, 'r2': 0.42812, 'spearmanr': 0.64496, 'mse': 0.01129, 'rmse': 0.10626}
val: {'epoch': 224, 'time_epoch': 0.24874, 'loss': 0.12376536, 'lr': 0, 'params': 220085, 'time_iter': 0.00469, 'mae': 0.12377, 'r2': -0.39327, 'spearmanr': 0.09499, 'mse': 0.02589, 'rmse': 0.16089}
test: {'epoch': 224, 'time_epoch': 0.13507, 'loss': 0.12195317, 'lr': 0, 'params': 220085, 'time_iter': 0.00466, 'mae': 0.12195, 'r2': -0.1408, 'spearmanr': 0.2925, 'mse': 0.02238, 'rmse': 0.14959}
> Epoch 224: took 3.0s (avg 3.0s) | Best so far: epoch 55	train_loss: 0.1054 train_mae: 0.1054	val_loss: 0.1114 val_mae: 0.1114	test_loss: 0.1097 test_mae: 0.1097
train: {'epoch': 225, 'time_epoch': 2.62991, 'eta': 723.18688, 'eta_hours': 0.20089, 'loss': 0.0705034, 'lr': 0.00067101, 'params': 220085, 'time_iter': 0.0106, 'mae': 0.0705, 'r2': 0.42961, 'spearmanr': 0.64598, 'mse': 0.01126, 'rmse': 0.10612}
val: {'epoch': 225, 'time_epoch': 0.25336, 'loss': 0.12246348, 'lr': 0, 'params': 220085, 'time_iter': 0.00478, 'mae': 0.12246, 'r2': -0.34732, 'spearmanr': 0.12112, 'mse': 0.02503, 'rmse': 0.15822}
test: {'epoch': 225, 'time_epoch': 0.13837, 'loss': 0.12648884, 'lr': 0, 'params': 220085, 'time_iter': 0.00477, 'mae': 0.12649, 'r2': -0.21034, 'spearmanr': 0.25085, 'mse': 0.02374, 'rmse': 0.15408}
> Epoch 225: took 3.0s (avg 3.0s) | Best so far: epoch 55	train_loss: 0.1054 train_mae: 0.1054	val_loss: 0.1114 val_mae: 0.1114	test_loss: 0.1097 test_mae: 0.1097
train: {'epoch': 226, 'time_epoch': 2.76185, 'eta': 720.69482, 'eta_hours': 0.20019, 'loss': 0.07041865, 'lr': 0.00066773, 'params': 220085, 'time_iter': 0.01114, 'mae': 0.07042, 'r2': 0.43317, 'spearmanr': 0.64984, 'mse': 0.01119, 'rmse': 0.10579}
val: {'epoch': 226, 'time_epoch': 0.25231, 'loss': 0.12136123, 'lr': 0, 'params': 220085, 'time_iter': 0.00476, 'mae': 0.12136, 'r2': -0.30573, 'spearmanr': 0.1153, 'mse': 0.02426, 'rmse': 0.15575}
test: {'epoch': 226, 'time_epoch': 0.13748, 'loss': 0.12126337, 'lr': 0, 'params': 220085, 'time_iter': 0.00474, 'mae': 0.12126, 'r2': -0.14432, 'spearmanr': 0.27503, 'mse': 0.02245, 'rmse': 0.14982}
> Epoch 226: took 3.2s (avg 3.0s) | Best so far: epoch 55	train_loss: 0.1054 train_mae: 0.1054	val_loss: 0.1114 val_mae: 0.1114	test_loss: 0.1097 test_mae: 0.1097
train: {'epoch': 227, 'time_epoch': 2.62843, 'eta': 718.04121, 'eta_hours': 0.19946, 'loss': 0.07044189, 'lr': 0.00066443, 'params': 220085, 'time_iter': 0.0106, 'mae': 0.07044, 'r2': 0.43221, 'spearmanr': 0.6511, 'mse': 0.01121, 'rmse': 0.10588}
val: {'epoch': 227, 'time_epoch': 0.25033, 'loss': 0.12239042, 'lr': 0, 'params': 220085, 'time_iter': 0.00472, 'mae': 0.12239, 'r2': -0.33763, 'spearmanr': 0.10647, 'mse': 0.02485, 'rmse': 0.15765}
test: {'epoch': 227, 'time_epoch': 0.1372, 'loss': 0.13879445, 'lr': 0, 'params': 220085, 'time_iter': 0.00473, 'mae': 0.13879, 'r2': -0.47721, 'spearmanr': 0.25206, 'mse': 0.02897, 'rmse': 0.17022}
> Epoch 227: took 3.0s (avg 3.0s) | Best so far: epoch 55	train_loss: 0.1054 train_mae: 0.1054	val_loss: 0.1114 val_mae: 0.1114	test_loss: 0.1097 test_mae: 0.1097
train: {'epoch': 228, 'time_epoch': 2.64035, 'eta': 715.40194, 'eta_hours': 0.19872, 'loss': 0.07010489, 'lr': 0.00066113, 'params': 220085, 'time_iter': 0.01065, 'mae': 0.0701, 'r2': 0.44242, 'spearmanr': 0.65633, 'mse': 0.01101, 'rmse': 0.10492}
val: {'epoch': 228, 'time_epoch': 0.24919, 'loss': 0.12301646, 'lr': 0, 'params': 220085, 'time_iter': 0.0047, 'mae': 0.12302, 'r2': -0.34049, 'spearmanr': 0.10055, 'mse': 0.02491, 'rmse': 0.15781}
test: {'epoch': 228, 'time_epoch': 0.13536, 'loss': 0.12171416, 'lr': 0, 'params': 220085, 'time_iter': 0.00467, 'mae': 0.12171, 'r2': -0.13851, 'spearmanr': 0.25608, 'mse': 0.02233, 'rmse': 0.14944}
> Epoch 228: took 3.0s (avg 3.0s) | Best so far: epoch 55	train_loss: 0.1054 train_mae: 0.1054	val_loss: 0.1114 val_mae: 0.1114	test_loss: 0.1097 test_mae: 0.1097
train: {'epoch': 229, 'time_epoch': 2.64157, 'eta': 712.76408, 'eta_hours': 0.19799, 'loss': 0.06985527, 'lr': 0.00065782, 'params': 220085, 'time_iter': 0.01065, 'mae': 0.06986, 'r2': 0.43967, 'spearmanr': 0.65728, 'mse': 0.01106, 'rmse': 0.10518}
val: {'epoch': 229, 'time_epoch': 0.26768, 'loss': 0.12355154, 'lr': 0, 'params': 220085, 'time_iter': 0.00505, 'mae': 0.12355, 'r2': -0.35881, 'spearmanr': 0.09954, 'mse': 0.02525, 'rmse': 0.15889}
test: {'epoch': 229, 'time_epoch': 0.14619, 'loss': 0.12161736, 'lr': 0, 'params': 220085, 'time_iter': 0.00504, 'mae': 0.12162, 'r2': -0.1684, 'spearmanr': 0.27898, 'mse': 0.02292, 'rmse': 0.15138}
> Epoch 229: took 3.1s (avg 3.0s) | Best so far: epoch 55	train_loss: 0.1054 train_mae: 0.1054	val_loss: 0.1114 val_mae: 0.1114	test_loss: 0.1097 test_mae: 0.1097
train: {'epoch': 230, 'time_epoch': 2.86004, 'eta': 710.38061, 'eta_hours': 0.19733, 'loss': 0.06995632, 'lr': 0.00065451, 'params': 220085, 'time_iter': 0.01153, 'mae': 0.06996, 'r2': 0.44557, 'spearmanr': 0.65415, 'mse': 0.01095, 'rmse': 0.10463}
val: {'epoch': 230, 'time_epoch': 0.25912, 'loss': 0.1227699, 'lr': 0, 'params': 220085, 'time_iter': 0.00489, 'mae': 0.12277, 'r2': -0.34437, 'spearmanr': 0.10709, 'mse': 0.02498, 'rmse': 0.15804}
test: {'epoch': 230, 'time_epoch': 0.15549, 'loss': 0.12618908, 'lr': 0, 'params': 220085, 'time_iter': 0.00536, 'mae': 0.12619, 'r2': -0.2233, 'spearmanr': 0.28662, 'mse': 0.02399, 'rmse': 0.1549}
> Epoch 230: took 3.3s (avg 3.0s) | Best so far: epoch 55	train_loss: 0.1054 train_mae: 0.1054	val_loss: 0.1114 val_mae: 0.1114	test_loss: 0.1097 test_mae: 0.1097
train: {'epoch': 231, 'time_epoch': 2.6521, 'eta': 707.75282, 'eta_hours': 0.1966, 'loss': 0.06967294, 'lr': 0.00065118, 'params': 220085, 'time_iter': 0.01069, 'mae': 0.06967, 'r2': 0.43838, 'spearmanr': 0.65575, 'mse': 0.01109, 'rmse': 0.1053}
val: {'epoch': 231, 'time_epoch': 0.25099, 'loss': 0.12330572, 'lr': 0, 'params': 220085, 'time_iter': 0.00474, 'mae': 0.12331, 'r2': -0.35285, 'spearmanr': 0.12262, 'mse': 0.02513, 'rmse': 0.15854}
test: {'epoch': 231, 'time_epoch': 0.13449, 'loss': 0.12960449, 'lr': 0, 'params': 220085, 'time_iter': 0.00464, 'mae': 0.1296, 'r2': -0.28309, 'spearmanr': 0.23013, 'mse': 0.02517, 'rmse': 0.15864}
> Epoch 231: took 3.0s (avg 3.0s) | Best so far: epoch 55	train_loss: 0.1054 train_mae: 0.1054	val_loss: 0.1114 val_mae: 0.1114	test_loss: 0.1097 test_mae: 0.1097
train: {'epoch': 232, 'time_epoch': 2.81267, 'eta': 705.30882, 'eta_hours': 0.19592, 'loss': 0.06888076, 'lr': 0.00064785, 'params': 220085, 'time_iter': 0.01134, 'mae': 0.06888, 'r2': 0.45129, 'spearmanr': 0.66274, 'mse': 0.01083, 'rmse': 0.10409}
val: {'epoch': 232, 'time_epoch': 0.28822, 'loss': 0.12452892, 'lr': 0, 'params': 220085, 'time_iter': 0.00544, 'mae': 0.12453, 'r2': -0.4, 'spearmanr': 0.10213, 'mse': 0.02601, 'rmse': 0.16128}
test: {'epoch': 232, 'time_epoch': 0.1482, 'loss': 0.13164833, 'lr': 0, 'params': 220085, 'time_iter': 0.00511, 'mae': 0.13165, 'r2': -0.34767, 'spearmanr': 0.25032, 'mse': 0.02643, 'rmse': 0.16258}
> Epoch 232: took 3.3s (avg 3.0s) | Best so far: epoch 55	train_loss: 0.1054 train_mae: 0.1054	val_loss: 0.1114 val_mae: 0.1114	test_loss: 0.1097 test_mae: 0.1097
train: {'epoch': 233, 'time_epoch': 2.84539, 'eta': 702.89886, 'eta_hours': 0.19525, 'loss': 0.06925368, 'lr': 0.00064452, 'params': 220085, 'time_iter': 0.01147, 'mae': 0.06925, 'r2': 0.44239, 'spearmanr': 0.65579, 'mse': 0.01101, 'rmse': 0.10493}
val: {'epoch': 233, 'time_epoch': 0.2554, 'loss': 0.12607296, 'lr': 0, 'params': 220085, 'time_iter': 0.00482, 'mae': 0.12607, 'r2': -0.46602, 'spearmanr': 0.10366, 'mse': 0.02724, 'rmse': 0.16504}
test: {'epoch': 233, 'time_epoch': 0.13862, 'loss': 0.13073137, 'lr': 0, 'params': 220085, 'time_iter': 0.00478, 'mae': 0.13073, 'r2': -0.31376, 'spearmanr': 0.22763, 'mse': 0.02577, 'rmse': 0.16053}
> Epoch 233: took 3.2s (avg 3.0s) | Best so far: epoch 55	train_loss: 0.1054 train_mae: 0.1054	val_loss: 0.1114 val_mae: 0.1114	test_loss: 0.1097 test_mae: 0.1097
train: {'epoch': 234, 'time_epoch': 2.84315, 'eta': 700.48268, 'eta_hours': 0.19458, 'loss': 0.0688288, 'lr': 0.00064117, 'params': 220085, 'time_iter': 0.01146, 'mae': 0.06883, 'r2': 0.44903, 'spearmanr': 0.66436, 'mse': 0.01088, 'rmse': 0.1043}
val: {'epoch': 234, 'time_epoch': 0.25329, 'loss': 0.12173911, 'lr': 0, 'params': 220085, 'time_iter': 0.00478, 'mae': 0.12174, 'r2': -0.31342, 'spearmanr': 0.11171, 'mse': 0.0244, 'rmse': 0.15621}
test: {'epoch': 234, 'time_epoch': 0.14475, 'loss': 0.14608041, 'lr': 0, 'params': 220085, 'time_iter': 0.00499, 'mae': 0.14608, 'r2': -0.58326, 'spearmanr': 0.21379, 'mse': 0.03105, 'rmse': 0.17622}
> Epoch 234: took 3.3s (avg 3.0s) | Best so far: epoch 55	train_loss: 0.1054 train_mae: 0.1054	val_loss: 0.1114 val_mae: 0.1114	test_loss: 0.1097 test_mae: 0.1097
train: {'epoch': 235, 'time_epoch': 2.81275, 'eta': 698.02886, 'eta_hours': 0.1939, 'loss': 0.06811936, 'lr': 0.00063782, 'params': 220085, 'time_iter': 0.01134, 'mae': 0.06812, 'r2': 0.45603, 'spearmanr': 0.66876, 'mse': 0.01074, 'rmse': 0.10364}
val: {'epoch': 235, 'time_epoch': 0.26177, 'loss': 0.12365267, 'lr': 0, 'params': 220085, 'time_iter': 0.00494, 'mae': 0.12365, 'r2': -0.37705, 'spearmanr': 0.10095, 'mse': 0.02558, 'rmse': 0.15995}
test: {'epoch': 235, 'time_epoch': 0.13996, 'loss': 0.13725832, 'lr': 0, 'params': 220085, 'time_iter': 0.00483, 'mae': 0.13726, 'r2': -0.40728, 'spearmanr': 0.22714, 'mse': 0.0276, 'rmse': 0.16614}
> Epoch 235: took 3.3s (avg 3.0s) | Best so far: epoch 55	train_loss: 0.1054 train_mae: 0.1054	val_loss: 0.1114 val_mae: 0.1114	test_loss: 0.1097 test_mae: 0.1097
train: {'epoch': 236, 'time_epoch': 2.74615, 'eta': 695.49812, 'eta_hours': 0.19319, 'loss': 0.06867091, 'lr': 0.00063446, 'params': 220085, 'time_iter': 0.01107, 'mae': 0.06867, 'r2': 0.45134, 'spearmanr': 0.66564, 'mse': 0.01083, 'rmse': 0.10408}
val: {'epoch': 236, 'time_epoch': 0.28116, 'loss': 0.12108386, 'lr': 0, 'params': 220085, 'time_iter': 0.0053, 'mae': 0.12108, 'r2': -0.30476, 'spearmanr': 0.10242, 'mse': 0.02424, 'rmse': 0.1557}
test: {'epoch': 236, 'time_epoch': 0.15112, 'loss': 0.12711386, 'lr': 0, 'params': 220085, 'time_iter': 0.00521, 'mae': 0.12711, 'r2': -0.26731, 'spearmanr': 0.26611, 'mse': 0.02486, 'rmse': 0.15766}
> Epoch 236: took 3.2s (avg 3.0s) | Best so far: epoch 55	train_loss: 0.1054 train_mae: 0.1054	val_loss: 0.1114 val_mae: 0.1114	test_loss: 0.1097 test_mae: 0.1097
train: {'epoch': 237, 'time_epoch': 3.01514, 'eta': 693.26168, 'eta_hours': 0.19257, 'loss': 0.06832689, 'lr': 0.00063109, 'params': 220085, 'time_iter': 0.01216, 'mae': 0.06833, 'r2': 0.45444, 'spearmanr': 0.66456, 'mse': 0.01077, 'rmse': 0.10379}
val: {'epoch': 237, 'time_epoch': 0.28364, 'loss': 0.12052366, 'lr': 0, 'params': 220085, 'time_iter': 0.00535, 'mae': 0.12052, 'r2': -0.27929, 'spearmanr': 0.11695, 'mse': 0.02377, 'rmse': 0.15417}
test: {'epoch': 237, 'time_epoch': 0.14599, 'loss': 0.12843545, 'lr': 0, 'params': 220085, 'time_iter': 0.00503, 'mae': 0.12844, 'r2': -0.26314, 'spearmanr': 0.22615, 'mse': 0.02478, 'rmse': 0.1574}
> Epoch 237: took 3.5s (avg 3.0s) | Best so far: epoch 55	train_loss: 0.1054 train_mae: 0.1054	val_loss: 0.1114 val_mae: 0.1114	test_loss: 0.1097 test_mae: 0.1097
train: {'epoch': 238, 'time_epoch': 2.94503, 'eta': 690.94216, 'eta_hours': 0.19193, 'loss': 0.06862631, 'lr': 0.00062772, 'params': 220085, 'time_iter': 0.01188, 'mae': 0.06863, 'r2': 0.46074, 'spearmanr': 0.67035, 'mse': 0.01065, 'rmse': 0.10319}
val: {'epoch': 238, 'time_epoch': 0.27768, 'loss': 0.12364308, 'lr': 0, 'params': 220085, 'time_iter': 0.00524, 'mae': 0.12364, 'r2': -0.40961, 'spearmanr': 0.12282, 'mse': 0.02619, 'rmse': 0.16183}
test: {'epoch': 238, 'time_epoch': 0.15276, 'loss': 0.14005563, 'lr': 0, 'params': 220085, 'time_iter': 0.00527, 'mae': 0.14006, 'r2': -0.49377, 'spearmanr': 0.21433, 'mse': 0.0293, 'rmse': 0.17117}
> Epoch 238: took 3.4s (avg 3.0s) | Best so far: epoch 55	train_loss: 0.1054 train_mae: 0.1054	val_loss: 0.1114 val_mae: 0.1114	test_loss: 0.1097 test_mae: 0.1097
train: {'epoch': 239, 'time_epoch': 3.04619, 'eta': 688.72701, 'eta_hours': 0.19131, 'loss': 0.06774461, 'lr': 0.00062434, 'params': 220085, 'time_iter': 0.01228, 'mae': 0.06774, 'r2': 0.46603, 'spearmanr': 0.67531, 'mse': 0.01054, 'rmse': 0.10268}
val: {'epoch': 239, 'time_epoch': 0.26632, 'loss': 0.1222694, 'lr': 0, 'params': 220085, 'time_iter': 0.00502, 'mae': 0.12227, 'r2': -0.32768, 'spearmanr': 0.10491, 'mse': 0.02467, 'rmse': 0.15706}
test: {'epoch': 239, 'time_epoch': 0.16146, 'loss': 0.13149297, 'lr': 0, 'params': 220085, 'time_iter': 0.00557, 'mae': 0.13149, 'r2': -0.3255, 'spearmanr': 0.24063, 'mse': 0.026, 'rmse': 0.16124}
> Epoch 239: took 3.5s (avg 3.1s) | Best so far: epoch 55	train_loss: 0.1054 train_mae: 0.1054	val_loss: 0.1114 val_mae: 0.1114	test_loss: 0.1097 test_mae: 0.1097
train: {'epoch': 240, 'time_epoch': 3.13807, 'eta': 686.60371, 'eta_hours': 0.19072, 'loss': 0.06916172, 'lr': 0.00062096, 'params': 220085, 'time_iter': 0.01265, 'mae': 0.06916, 'r2': 0.44512, 'spearmanr': 0.66042, 'mse': 0.01096, 'rmse': 0.10467}
val: {'epoch': 240, 'time_epoch': 0.27842, 'loss': 0.12403495, 'lr': 0, 'params': 220085, 'time_iter': 0.00525, 'mae': 0.12403, 'r2': -0.37751, 'spearmanr': 0.10105, 'mse': 0.02559, 'rmse': 0.15998}
test: {'epoch': 240, 'time_epoch': 0.13937, 'loss': 0.13955541, 'lr': 0, 'params': 220085, 'time_iter': 0.00481, 'mae': 0.13956, 'r2': -0.49398, 'spearmanr': 0.19696, 'mse': 0.0293, 'rmse': 0.17118}
> Epoch 240: took 3.6s (avg 3.1s) | Best so far: epoch 55	train_loss: 0.1054 train_mae: 0.1054	val_loss: 0.1114 val_mae: 0.1114	test_loss: 0.1097 test_mae: 0.1097
train: {'epoch': 241, 'time_epoch': 2.98759, 'eta': 684.3116, 'eta_hours': 0.19009, 'loss': 0.0687715, 'lr': 0.00061757, 'params': 220085, 'time_iter': 0.01205, 'mae': 0.06877, 'r2': 0.45154, 'spearmanr': 0.6609, 'mse': 0.01083, 'rmse': 0.10406}
val: {'epoch': 241, 'time_epoch': 0.25726, 'loss': 0.12253859, 'lr': 0, 'params': 220085, 'time_iter': 0.00485, 'mae': 0.12254, 'r2': -0.3519, 'spearmanr': 0.12109, 'mse': 0.02512, 'rmse': 0.15848}
test: {'epoch': 241, 'time_epoch': 0.14574, 'loss': 0.1289884, 'lr': 0, 'params': 220085, 'time_iter': 0.00503, 'mae': 0.12899, 'r2': -0.30342, 'spearmanr': 0.25676, 'mse': 0.02557, 'rmse': 0.15989}
> Epoch 241: took 3.4s (avg 3.1s) | Best so far: epoch 55	train_loss: 0.1054 train_mae: 0.1054	val_loss: 0.1114 val_mae: 0.1114	test_loss: 0.1097 test_mae: 0.1097
train: {'epoch': 242, 'time_epoch': 2.84121, 'eta': 681.85895, 'eta_hours': 0.18941, 'loss': 0.06837401, 'lr': 0.00061418, 'params': 220085, 'time_iter': 0.01146, 'mae': 0.06837, 'r2': 0.45463, 'spearmanr': 0.66675, 'mse': 0.01077, 'rmse': 0.10377}
val: {'epoch': 242, 'time_epoch': 0.255, 'loss': 0.12402662, 'lr': 0, 'params': 220085, 'time_iter': 0.00481, 'mae': 0.12403, 'r2': -0.39428, 'spearmanr': 0.11316, 'mse': 0.0259, 'rmse': 0.16095}
test: {'epoch': 242, 'time_epoch': 0.13609, 'loss': 0.13300147, 'lr': 0, 'params': 220085, 'time_iter': 0.00469, 'mae': 0.133, 'r2': -0.37715, 'spearmanr': 0.22574, 'mse': 0.02701, 'rmse': 0.16435}
> Epoch 242: took 3.2s (avg 3.1s) | Best so far: epoch 55	train_loss: 0.1054 train_mae: 0.1054	val_loss: 0.1114 val_mae: 0.1114	test_loss: 0.1097 test_mae: 0.1097
train: {'epoch': 243, 'time_epoch': 2.60237, 'eta': 679.15252, 'eta_hours': 0.18865, 'loss': 0.06799373, 'lr': 0.00061077, 'params': 220085, 'time_iter': 0.01049, 'mae': 0.06799, 'r2': 0.45455, 'spearmanr': 0.6677, 'mse': 0.01077, 'rmse': 0.10378}
val: {'epoch': 243, 'time_epoch': 0.25555, 'loss': 0.12397729, 'lr': 0, 'params': 220085, 'time_iter': 0.00482, 'mae': 0.12398, 'r2': -0.37503, 'spearmanr': 0.09283, 'mse': 0.02555, 'rmse': 0.15983}
test: {'epoch': 243, 'time_epoch': 0.14007, 'loss': 0.13091078, 'lr': 0, 'params': 220085, 'time_iter': 0.00483, 'mae': 0.13091, 'r2': -0.31769, 'spearmanr': 0.2069, 'mse': 0.02585, 'rmse': 0.16077}
> Epoch 243: took 3.0s (avg 3.1s) | Best so far: epoch 55	train_loss: 0.1054 train_mae: 0.1054	val_loss: 0.1114 val_mae: 0.1114	test_loss: 0.1097 test_mae: 0.1097
train: {'epoch': 244, 'time_epoch': 2.6151, 'eta': 676.4602, 'eta_hours': 0.18791, 'loss': 0.06746644, 'lr': 0.00060737, 'params': 220085, 'time_iter': 0.01054, 'mae': 0.06747, 'r2': 0.46937, 'spearmanr': 0.67564, 'mse': 0.01048, 'rmse': 0.10236}
val: {'epoch': 244, 'time_epoch': 0.25616, 'loss': 0.12199954, 'lr': 0, 'params': 220085, 'time_iter': 0.00483, 'mae': 0.122, 'r2': -0.32483, 'spearmanr': 0.09264, 'mse': 0.02461, 'rmse': 0.15689}
test: {'epoch': 244, 'time_epoch': 0.13708, 'loss': 0.1433629, 'lr': 0, 'params': 220085, 'time_iter': 0.00473, 'mae': 0.14336, 'r2': -0.58119, 'spearmanr': 0.16714, 'mse': 0.03101, 'rmse': 0.17611}
> Epoch 244: took 3.0s (avg 3.1s) | Best so far: epoch 55	train_loss: 0.1054 train_mae: 0.1054	val_loss: 0.1114 val_mae: 0.1114	test_loss: 0.1097 test_mae: 0.1097
train: {'epoch': 245, 'time_epoch': 2.61914, 'eta': 673.77267, 'eta_hours': 0.18716, 'loss': 0.06706214, 'lr': 0.00060396, 'params': 220085, 'time_iter': 0.01056, 'mae': 0.06706, 'r2': 0.47017, 'spearmanr': 0.67278, 'mse': 0.01046, 'rmse': 0.10228}
val: {'epoch': 245, 'time_epoch': 0.25631, 'loss': 0.12253764, 'lr': 0, 'params': 220085, 'time_iter': 0.00484, 'mae': 0.12254, 'r2': -0.32581, 'spearmanr': 0.11366, 'mse': 0.02463, 'rmse': 0.15695}
test: {'epoch': 245, 'time_epoch': 0.13834, 'loss': 0.13026902, 'lr': 0, 'params': 220085, 'time_iter': 0.00477, 'mae': 0.13027, 'r2': -0.30831, 'spearmanr': 0.22474, 'mse': 0.02566, 'rmse': 0.16019}
> Epoch 245: took 3.0s (avg 3.1s) | Best so far: epoch 55	train_loss: 0.1054 train_mae: 0.1054	val_loss: 0.1114 val_mae: 0.1114	test_loss: 0.1097 test_mae: 0.1097
train: {'epoch': 246, 'time_epoch': 2.59874, 'eta': 671.06481, 'eta_hours': 0.18641, 'loss': 0.06743509, 'lr': 0.00060054, 'params': 220085, 'time_iter': 0.01048, 'mae': 0.06744, 'r2': 0.45948, 'spearmanr': 0.67383, 'mse': 0.01067, 'rmse': 0.10331}
val: {'epoch': 246, 'time_epoch': 0.25309, 'loss': 0.12410312, 'lr': 0, 'params': 220085, 'time_iter': 0.00478, 'mae': 0.1241, 'r2': -0.38776, 'spearmanr': 0.11763, 'mse': 0.02578, 'rmse': 0.16057}
test: {'epoch': 246, 'time_epoch': 0.13584, 'loss': 0.13634858, 'lr': 0, 'params': 220085, 'time_iter': 0.00468, 'mae': 0.13635, 'r2': -0.40655, 'spearmanr': 0.1831, 'mse': 0.02759, 'rmse': 0.1661}
> Epoch 246: took 3.0s (avg 3.1s) | Best so far: epoch 55	train_loss: 0.1054 train_mae: 0.1054	val_loss: 0.1114 val_mae: 0.1114	test_loss: 0.1097 test_mae: 0.1097
train: {'epoch': 247, 'time_epoch': 2.5851, 'eta': 668.34396, 'eta_hours': 0.18565, 'loss': 0.067113, 'lr': 0.00059712, 'params': 220085, 'time_iter': 0.01042, 'mae': 0.06711, 'r2': 0.4658, 'spearmanr': 0.67439, 'mse': 0.01055, 'rmse': 0.1027}
val: {'epoch': 247, 'time_epoch': 0.25432, 'loss': 0.12143462, 'lr': 0, 'params': 220085, 'time_iter': 0.0048, 'mae': 0.12143, 'r2': -0.3136, 'spearmanr': 0.12856, 'mse': 0.02441, 'rmse': 0.15622}
test: {'epoch': 247, 'time_epoch': 0.14089, 'loss': 0.14901799, 'lr': 0, 'params': 220085, 'time_iter': 0.00486, 'mae': 0.14902, 'r2': -0.758, 'spearmanr': 0.19481, 'mse': 0.03448, 'rmse': 0.18569}
> Epoch 247: took 3.0s (avg 3.1s) | Best so far: epoch 55	train_loss: 0.1054 train_mae: 0.1054	val_loss: 0.1114 val_mae: 0.1114	test_loss: 0.1097 test_mae: 0.1097
train: {'epoch': 248, 'time_epoch': 2.63949, 'eta': 665.67903, 'eta_hours': 0.18491, 'loss': 0.06663741, 'lr': 0.00059369, 'params': 220085, 'time_iter': 0.01064, 'mae': 0.06664, 'r2': 0.46574, 'spearmanr': 0.67573, 'mse': 0.01055, 'rmse': 0.10271}
val: {'epoch': 248, 'time_epoch': 0.24796, 'loss': 0.12407889, 'lr': 0, 'params': 220085, 'time_iter': 0.00468, 'mae': 0.12408, 'r2': -0.41504, 'spearmanr': 0.1099, 'mse': 0.02629, 'rmse': 0.16214}
test: {'epoch': 248, 'time_epoch': 0.13984, 'loss': 0.13497845, 'lr': 0, 'params': 220085, 'time_iter': 0.00482, 'mae': 0.13498, 'r2': -0.41805, 'spearmanr': 0.23529, 'mse': 0.02781, 'rmse': 0.16678}
> Epoch 248: took 3.0s (avg 3.1s) | Best so far: epoch 55	train_loss: 0.1054 train_mae: 0.1054	val_loss: 0.1114 val_mae: 0.1114	test_loss: 0.1097 test_mae: 0.1097
train: {'epoch': 249, 'time_epoch': 2.56598, 'eta': 662.94079, 'eta_hours': 0.18415, 'loss': 0.06658016, 'lr': 0.00059026, 'params': 220085, 'time_iter': 0.01035, 'mae': 0.06658, 'r2': 0.47268, 'spearmanr': 0.6777, 'mse': 0.01041, 'rmse': 0.10204}
val: {'epoch': 249, 'time_epoch': 0.24865, 'loss': 0.12423129, 'lr': 0, 'params': 220085, 'time_iter': 0.00469, 'mae': 0.12423, 'r2': -0.41641, 'spearmanr': 0.10719, 'mse': 0.02632, 'rmse': 0.16222}
test: {'epoch': 249, 'time_epoch': 0.13725, 'loss': 0.13099458, 'lr': 0, 'params': 220085, 'time_iter': 0.00473, 'mae': 0.13099, 'r2': -0.32988, 'spearmanr': 0.25774, 'mse': 0.02608, 'rmse': 0.16151}
> Epoch 249: took 3.0s (avg 3.1s) | Best so far: epoch 55	train_loss: 0.1054 train_mae: 0.1054	val_loss: 0.1114 val_mae: 0.1114	test_loss: 0.1097 test_mae: 0.1097
train: {'epoch': 250, 'time_epoch': 2.56376, 'eta': 660.20172, 'eta_hours': 0.18339, 'loss': 0.06712827, 'lr': 0.00058682, 'params': 220085, 'time_iter': 0.01034, 'mae': 0.06713, 'r2': 0.46562, 'spearmanr': 0.67499, 'mse': 0.01055, 'rmse': 0.10272}
val: {'epoch': 250, 'time_epoch': 0.25487, 'loss': 0.12604709, 'lr': 0, 'params': 220085, 'time_iter': 0.00481, 'mae': 0.12605, 'r2': -0.43627, 'spearmanr': 0.10443, 'mse': 0.02668, 'rmse': 0.16335}
test: {'epoch': 250, 'time_epoch': 0.13972, 'loss': 0.14121292, 'lr': 0, 'params': 220085, 'time_iter': 0.00482, 'mae': 0.14121, 'r2': -0.51398, 'spearmanr': 0.20368, 'mse': 0.0297, 'rmse': 0.17232}
> Epoch 250: took 3.0s (avg 3.1s) | Best so far: epoch 55	train_loss: 0.1054 train_mae: 0.1054	val_loss: 0.1114 val_mae: 0.1114	test_loss: 0.1097 test_mae: 0.1097
train: {'epoch': 251, 'time_epoch': 2.55903, 'eta': 657.4594, 'eta_hours': 0.18263, 'loss': 0.06611868, 'lr': 0.00058338, 'params': 220085, 'time_iter': 0.01032, 'mae': 0.06612, 'r2': 0.47885, 'spearmanr': 0.68247, 'mse': 0.01029, 'rmse': 0.10144}
val: {'epoch': 251, 'time_epoch': 0.2519, 'loss': 0.12687825, 'lr': 0, 'params': 220085, 'time_iter': 0.00475, 'mae': 0.12688, 'r2': -0.45915, 'spearmanr': 0.09239, 'mse': 0.02711, 'rmse': 0.16465}
test: {'epoch': 251, 'time_epoch': 0.13769, 'loss': 0.13183911, 'lr': 0, 'params': 220085, 'time_iter': 0.00475, 'mae': 0.13184, 'r2': -0.32068, 'spearmanr': 0.23195, 'mse': 0.0259, 'rmse': 0.16095}
> Epoch 251: took 3.0s (avg 3.1s) | Best so far: epoch 55	train_loss: 0.1054 train_mae: 0.1054	val_loss: 0.1114 val_mae: 0.1114	test_loss: 0.1097 test_mae: 0.1097
train: {'epoch': 252, 'time_epoch': 2.56179, 'eta': 654.72121, 'eta_hours': 0.18187, 'loss': 0.06662102, 'lr': 0.00057994, 'params': 220085, 'time_iter': 0.01033, 'mae': 0.06662, 'r2': 0.47681, 'spearmanr': 0.68163, 'mse': 0.01033, 'rmse': 0.10164}
val: {'epoch': 252, 'time_epoch': 0.25115, 'loss': 0.1253597, 'lr': 0, 'params': 220085, 'time_iter': 0.00474, 'mae': 0.12536, 'r2': -0.42786, 'spearmanr': 0.11739, 'mse': 0.02653, 'rmse': 0.16288}
test: {'epoch': 252, 'time_epoch': 0.13522, 'loss': 0.141229, 'lr': 0, 'params': 220085, 'time_iter': 0.00466, 'mae': 0.14123, 'r2': -0.50755, 'spearmanr': 0.19949, 'mse': 0.02957, 'rmse': 0.17196}
> Epoch 252: took 3.0s (avg 3.1s) | Best so far: epoch 55	train_loss: 0.1054 train_mae: 0.1054	val_loss: 0.1114 val_mae: 0.1114	test_loss: 0.1097 test_mae: 0.1097
train: {'epoch': 253, 'time_epoch': 2.59384, 'eta': 652.01546, 'eta_hours': 0.18112, 'loss': 0.0662452, 'lr': 0.00057649, 'params': 220085, 'time_iter': 0.01046, 'mae': 0.06625, 'r2': 0.47236, 'spearmanr': 0.68077, 'mse': 0.01042, 'rmse': 0.10207}
val: {'epoch': 253, 'time_epoch': 0.24695, 'loss': 0.12530326, 'lr': 0, 'params': 220085, 'time_iter': 0.00466, 'mae': 0.1253, 'r2': -0.44792, 'spearmanr': 0.09944, 'mse': 0.0269, 'rmse': 0.16402}
test: {'epoch': 253, 'time_epoch': 0.13567, 'loss': 0.12633342, 'lr': 0, 'params': 220085, 'time_iter': 0.00468, 'mae': 0.12633, 'r2': -0.21986, 'spearmanr': 0.26785, 'mse': 0.02393, 'rmse': 0.15468}
> Epoch 253: took 3.0s (avg 3.1s) | Best so far: epoch 55	train_loss: 0.1054 train_mae: 0.1054	val_loss: 0.1114 val_mae: 0.1114	test_loss: 0.1097 test_mae: 0.1097
train: {'epoch': 254, 'time_epoch': 2.54987, 'eta': 649.26833, 'eta_hours': 0.18035, 'loss': 0.06546133, 'lr': 0.00057304, 'params': 220085, 'time_iter': 0.01028, 'mae': 0.06546, 'r2': 0.47956, 'spearmanr': 0.68622, 'mse': 0.01028, 'rmse': 0.10137}
val: {'epoch': 254, 'time_epoch': 0.24835, 'loss': 0.12330966, 'lr': 0, 'params': 220085, 'time_iter': 0.00469, 'mae': 0.12331, 'r2': -0.38366, 'spearmanr': 0.1123, 'mse': 0.02571, 'rmse': 0.16033}
test: {'epoch': 254, 'time_epoch': 0.13381, 'loss': 0.14598842, 'lr': 0, 'params': 220085, 'time_iter': 0.00461, 'mae': 0.14599, 'r2': -0.58999, 'spearmanr': 0.20833, 'mse': 0.03119, 'rmse': 0.1766}
> Epoch 254: took 2.9s (avg 3.1s) | Best so far: epoch 55	train_loss: 0.1054 train_mae: 0.1054	val_loss: 0.1114 val_mae: 0.1114	test_loss: 0.1097 test_mae: 0.1097
train: {'epoch': 255, 'time_epoch': 2.55192, 'eta': 646.5247, 'eta_hours': 0.17959, 'loss': 0.06623446, 'lr': 0.00056959, 'params': 220085, 'time_iter': 0.01029, 'mae': 0.06623, 'r2': 0.48132, 'spearmanr': 0.68352, 'mse': 0.01024, 'rmse': 0.1012}
val: {'epoch': 255, 'time_epoch': 0.25038, 'loss': 0.12516814, 'lr': 0, 'params': 220085, 'time_iter': 0.00472, 'mae': 0.12517, 'r2': -0.40715, 'spearmanr': 0.10873, 'mse': 0.02614, 'rmse': 0.16169}
test: {'epoch': 255, 'time_epoch': 0.13704, 'loss': 0.14192586, 'lr': 0, 'params': 220085, 'time_iter': 0.00473, 'mae': 0.14193, 'r2': -0.55746, 'spearmanr': 0.2619, 'mse': 0.03055, 'rmse': 0.17478}
> Epoch 255: took 2.9s (avg 3.1s) | Best so far: epoch 55	train_loss: 0.1054 train_mae: 0.1054	val_loss: 0.1114 val_mae: 0.1114	test_loss: 0.1097 test_mae: 0.1097
train: {'epoch': 256, 'time_epoch': 2.56233, 'eta': 643.79241, 'eta_hours': 0.17883, 'loss': 0.06464923, 'lr': 0.00056613, 'params': 220085, 'time_iter': 0.01033, 'mae': 0.06465, 'r2': 0.49184, 'spearmanr': 0.69177, 'mse': 0.01003, 'rmse': 0.10017}
val: {'epoch': 256, 'time_epoch': 0.24816, 'loss': 0.12277472, 'lr': 0, 'params': 220085, 'time_iter': 0.00468, 'mae': 0.12277, 'r2': -0.3299, 'spearmanr': 0.09446, 'mse': 0.02471, 'rmse': 0.15719}
test: {'epoch': 256, 'time_epoch': 0.13886, 'loss': 0.13610734, 'lr': 0, 'params': 220085, 'time_iter': 0.00479, 'mae': 0.13611, 'r2': -0.44333, 'spearmanr': 0.25338, 'mse': 0.02831, 'rmse': 0.16826}
> Epoch 256: took 3.0s (avg 3.1s) | Best so far: epoch 55	train_loss: 0.1054 train_mae: 0.1054	val_loss: 0.1114 val_mae: 0.1114	test_loss: 0.1097 test_mae: 0.1097
train: {'epoch': 257, 'time_epoch': 2.57572, 'eta': 641.074, 'eta_hours': 0.17808, 'loss': 0.06495105, 'lr': 0.00056267, 'params': 220085, 'time_iter': 0.01039, 'mae': 0.06495, 'r2': 0.49203, 'spearmanr': 0.69216, 'mse': 0.01003, 'rmse': 0.10015}
val: {'epoch': 257, 'time_epoch': 0.25006, 'loss': 0.124437, 'lr': 0, 'params': 220085, 'time_iter': 0.00472, 'mae': 0.12444, 'r2': -0.37805, 'spearmanr': 0.09416, 'mse': 0.0256, 'rmse': 0.16001}
test: {'epoch': 257, 'time_epoch': 0.13766, 'loss': 0.14926834, 'lr': 0, 'params': 220085, 'time_iter': 0.00475, 'mae': 0.14927, 'r2': -0.70578, 'spearmanr': 0.21157, 'mse': 0.03346, 'rmse': 0.18291}
> Epoch 257: took 3.0s (avg 3.1s) | Best so far: epoch 55	train_loss: 0.1054 train_mae: 0.1054	val_loss: 0.1114 val_mae: 0.1114	test_loss: 0.1097 test_mae: 0.1097
train: {'epoch': 258, 'time_epoch': 2.57149, 'eta': 638.35275, 'eta_hours': 0.17732, 'loss': 0.06526504, 'lr': 0.0005592, 'params': 220085, 'time_iter': 0.01037, 'mae': 0.06527, 'r2': 0.48455, 'spearmanr': 0.6908, 'mse': 0.01018, 'rmse': 0.10088}
val: {'epoch': 258, 'time_epoch': 0.24881, 'loss': 0.12674371, 'lr': 0, 'params': 220085, 'time_iter': 0.00469, 'mae': 0.12674, 'r2': -0.48296, 'spearmanr': 0.08434, 'mse': 0.02755, 'rmse': 0.16599}
test: {'epoch': 258, 'time_epoch': 0.13489, 'loss': 0.14948536, 'lr': 0, 'params': 220085, 'time_iter': 0.00465, 'mae': 0.14949, 'r2': -0.68556, 'spearmanr': 0.22306, 'mse': 0.03306, 'rmse': 0.18183}
> Epoch 258: took 3.0s (avg 3.1s) | Best so far: epoch 55	train_loss: 0.1054 train_mae: 0.1054	val_loss: 0.1114 val_mae: 0.1114	test_loss: 0.1097 test_mae: 0.1097
train: {'epoch': 259, 'time_epoch': 2.55973, 'eta': 635.62179, 'eta_hours': 0.17656, 'loss': 0.06482191, 'lr': 0.00055573, 'params': 220085, 'time_iter': 0.01032, 'mae': 0.06482, 'r2': 0.48525, 'spearmanr': 0.68941, 'mse': 0.01016, 'rmse': 0.10082}
val: {'epoch': 259, 'time_epoch': 0.25036, 'loss': 0.12302946, 'lr': 0, 'params': 220085, 'time_iter': 0.00472, 'mae': 0.12303, 'r2': -0.35447, 'spearmanr': 0.1057, 'mse': 0.02516, 'rmse': 0.15863}
test: {'epoch': 259, 'time_epoch': 0.13884, 'loss': 0.13553595, 'lr': 0, 'params': 220085, 'time_iter': 0.00479, 'mae': 0.13554, 'r2': -0.41591, 'spearmanr': 0.20895, 'mse': 0.02777, 'rmse': 0.16665}
> Epoch 259: took 3.0s (avg 3.1s) | Best so far: epoch 55	train_loss: 0.1054 train_mae: 0.1054	val_loss: 0.1114 val_mae: 0.1114	test_loss: 0.1097 test_mae: 0.1097
train: {'epoch': 260, 'time_epoch': 2.57119, 'eta': 632.90265, 'eta_hours': 0.17581, 'loss': 0.06472312, 'lr': 0.00055226, 'params': 220085, 'time_iter': 0.01037, 'mae': 0.06472, 'r2': 0.48597, 'spearmanr': 0.69051, 'mse': 0.01015, 'rmse': 0.10074}
val: {'epoch': 260, 'time_epoch': 0.25072, 'loss': 0.12473418, 'lr': 0, 'params': 220085, 'time_iter': 0.00473, 'mae': 0.12473, 'r2': -0.39483, 'spearmanr': 0.09261, 'mse': 0.02591, 'rmse': 0.16098}
test: {'epoch': 260, 'time_epoch': 0.13654, 'loss': 0.14257597, 'lr': 0, 'params': 220085, 'time_iter': 0.00471, 'mae': 0.14258, 'r2': -0.57638, 'spearmanr': 0.22389, 'mse': 0.03092, 'rmse': 0.17584}
> Epoch 260: took 3.0s (avg 3.0s) | Best so far: epoch 55	train_loss: 0.1054 train_mae: 0.1054	val_loss: 0.1114 val_mae: 0.1114	test_loss: 0.1097 test_mae: 0.1097
train: {'epoch': 261, 'time_epoch': 2.57425, 'eta': 630.18741, 'eta_hours': 0.17505, 'loss': 0.06527387, 'lr': 0.00054879, 'params': 220085, 'time_iter': 0.01038, 'mae': 0.06527, 'r2': 0.48815, 'spearmanr': 0.68779, 'mse': 0.01011, 'rmse': 0.10053}
val: {'epoch': 261, 'time_epoch': 0.24892, 'loss': 0.12473982, 'lr': 0, 'params': 220085, 'time_iter': 0.0047, 'mae': 0.12474, 'r2': -0.3728, 'spearmanr': 0.09564, 'mse': 0.02551, 'rmse': 0.1597}
test: {'epoch': 261, 'time_epoch': 0.13711, 'loss': 0.13122902, 'lr': 0, 'params': 220085, 'time_iter': 0.00473, 'mae': 0.13123, 'r2': -0.36707, 'spearmanr': 0.26524, 'mse': 0.02681, 'rmse': 0.16375}
> Epoch 261: took 3.0s (avg 3.0s) | Best so far: epoch 55	train_loss: 0.1054 train_mae: 0.1054	val_loss: 0.1114 val_mae: 0.1114	test_loss: 0.1097 test_mae: 0.1097
train: {'epoch': 262, 'time_epoch': 2.56826, 'eta': 627.46784, 'eta_hours': 0.1743, 'loss': 0.06475946, 'lr': 0.00054532, 'params': 220085, 'time_iter': 0.01036, 'mae': 0.06476, 'r2': 0.48492, 'spearmanr': 0.68874, 'mse': 0.01017, 'rmse': 0.10085}
val: {'epoch': 262, 'time_epoch': 0.27163, 'loss': 0.12612336, 'lr': 0, 'params': 220085, 'time_iter': 0.00513, 'mae': 0.12612, 'r2': -0.43102, 'spearmanr': 0.08697, 'mse': 0.02659, 'rmse': 0.16306}
test: {'epoch': 262, 'time_epoch': 0.14257, 'loss': 0.13604683, 'lr': 0, 'params': 220085, 'time_iter': 0.00492, 'mae': 0.13605, 'r2': -0.41758, 'spearmanr': 0.2106, 'mse': 0.0278, 'rmse': 0.16675}
> Epoch 262: took 3.0s (avg 3.0s) | Best so far: epoch 55	train_loss: 0.1054 train_mae: 0.1054	val_loss: 0.1114 val_mae: 0.1114	test_loss: 0.1097 test_mae: 0.1097
train: {'epoch': 263, 'time_epoch': 2.57131, 'eta': 624.75216, 'eta_hours': 0.17354, 'loss': 0.06419883, 'lr': 0.00054184, 'params': 220085, 'time_iter': 0.01037, 'mae': 0.0642, 'r2': 0.49584, 'spearmanr': 0.69471, 'mse': 0.00995, 'rmse': 0.09977}
val: {'epoch': 263, 'time_epoch': 0.25409, 'loss': 0.12279175, 'lr': 0, 'params': 220085, 'time_iter': 0.00479, 'mae': 0.12279, 'r2': -0.32109, 'spearmanr': 0.11237, 'mse': 0.02454, 'rmse': 0.15667}
test: {'epoch': 263, 'time_epoch': 0.13691, 'loss': 0.13134516, 'lr': 0, 'params': 220085, 'time_iter': 0.00472, 'mae': 0.13135, 'r2': -0.33058, 'spearmanr': 0.22781, 'mse': 0.0261, 'rmse': 0.16155}
> Epoch 263: took 3.0s (avg 3.0s) | Best so far: epoch 55	train_loss: 0.1054 train_mae: 0.1054	val_loss: 0.1114 val_mae: 0.1114	test_loss: 0.1097 test_mae: 0.1097
train: {'epoch': 264, 'time_epoch': 2.57007, 'eta': 622.03645, 'eta_hours': 0.17279, 'loss': 0.06433355, 'lr': 0.00053836, 'params': 220085, 'time_iter': 0.01036, 'mae': 0.06433, 'r2': 0.49323, 'spearmanr': 0.6922, 'mse': 0.01001, 'rmse': 0.10003}
val: {'epoch': 264, 'time_epoch': 0.24983, 'loss': 0.12559204, 'lr': 0, 'params': 220085, 'time_iter': 0.00471, 'mae': 0.12559, 'r2': -0.42179, 'spearmanr': 0.10961, 'mse': 0.02642, 'rmse': 0.16253}
test: {'epoch': 264, 'time_epoch': 0.13553, 'loss': 0.1316788, 'lr': 0, 'params': 220085, 'time_iter': 0.00467, 'mae': 0.13168, 'r2': -0.31944, 'spearmanr': 0.23459, 'mse': 0.02588, 'rmse': 0.16087}
> Epoch 264: took 3.0s (avg 3.0s) | Best so far: epoch 55	train_loss: 0.1054 train_mae: 0.1054	val_loss: 0.1114 val_mae: 0.1114	test_loss: 0.1097 test_mae: 0.1097
train: {'epoch': 265, 'time_epoch': 2.57703, 'eta': 619.32797, 'eta_hours': 0.17204, 'loss': 0.06379965, 'lr': 0.00053488, 'params': 220085, 'time_iter': 0.01039, 'mae': 0.0638, 'r2': 0.496, 'spearmanr': 0.69586, 'mse': 0.00995, 'rmse': 0.09976}
val: {'epoch': 265, 'time_epoch': 0.25313, 'loss': 0.12438098, 'lr': 0, 'params': 220085, 'time_iter': 0.00478, 'mae': 0.12438, 'r2': -0.40709, 'spearmanr': 0.1107, 'mse': 0.02614, 'rmse': 0.16169}
test: {'epoch': 265, 'time_epoch': 0.13759, 'loss': 0.14454279, 'lr': 0, 'params': 220085, 'time_iter': 0.00474, 'mae': 0.14454, 'r2': -0.5901, 'spearmanr': 0.20459, 'mse': 0.03119, 'rmse': 0.1766}
> Epoch 265: took 3.0s (avg 3.0s) | Best so far: epoch 55	train_loss: 0.1054 train_mae: 0.1054	val_loss: 0.1114 val_mae: 0.1114	test_loss: 0.1097 test_mae: 0.1097
train: {'epoch': 266, 'time_epoch': 2.58442, 'eta': 616.62692, 'eta_hours': 0.17129, 'loss': 0.06377175, 'lr': 0.0005314, 'params': 220085, 'time_iter': 0.01042, 'mae': 0.06377, 'r2': 0.49886, 'spearmanr': 0.69502, 'mse': 0.00989, 'rmse': 0.09947}
val: {'epoch': 266, 'time_epoch': 0.2485, 'loss': 0.12628445, 'lr': 0, 'params': 220085, 'time_iter': 0.00469, 'mae': 0.12628, 'r2': -0.45203, 'spearmanr': 0.11051, 'mse': 0.02698, 'rmse': 0.16425}
test: {'epoch': 266, 'time_epoch': 0.14043, 'loss': 0.12542329, 'lr': 0, 'params': 220085, 'time_iter': 0.00484, 'mae': 0.12542, 'r2': -0.25739, 'spearmanr': 0.2773, 'mse': 0.02466, 'rmse': 0.15704}
> Epoch 266: took 3.0s (avg 3.0s) | Best so far: epoch 55	train_loss: 0.1054 train_mae: 0.1054	val_loss: 0.1114 val_mae: 0.1114	test_loss: 0.1097 test_mae: 0.1097
train: {'epoch': 267, 'time_epoch': 2.57317, 'eta': 613.91699, 'eta_hours': 0.17053, 'loss': 0.0630066, 'lr': 0.00052791, 'params': 220085, 'time_iter': 0.01038, 'mae': 0.06301, 'r2': 0.50869, 'spearmanr': 0.70647, 'mse': 0.0097, 'rmse': 0.09849}
val: {'epoch': 267, 'time_epoch': 0.25225, 'loss': 0.12480208, 'lr': 0, 'params': 220085, 'time_iter': 0.00476, 'mae': 0.1248, 'r2': -0.4093, 'spearmanr': 0.11791, 'mse': 0.02618, 'rmse': 0.16181}
test: {'epoch': 267, 'time_epoch': 0.13597, 'loss': 0.1578143, 'lr': 0, 'params': 220085, 'time_iter': 0.00469, 'mae': 0.15781, 'r2': -0.91216, 'spearmanr': 0.15043, 'mse': 0.03751, 'rmse': 0.19366}
> Epoch 267: took 3.0s (avg 3.0s) | Best so far: epoch 55	train_loss: 0.1054 train_mae: 0.1054	val_loss: 0.1114 val_mae: 0.1114	test_loss: 0.1097 test_mae: 0.1097
train: {'epoch': 268, 'time_epoch': 2.55436, 'eta': 611.19194, 'eta_hours': 0.16978, 'loss': 0.06340286, 'lr': 0.00052442, 'params': 220085, 'time_iter': 0.0103, 'mae': 0.0634, 'r2': 0.5022, 'spearmanr': 0.69935, 'mse': 0.00983, 'rmse': 0.09914}
val: {'epoch': 268, 'time_epoch': 0.24833, 'loss': 0.12600023, 'lr': 0, 'params': 220085, 'time_iter': 0.00469, 'mae': 0.126, 'r2': -0.43642, 'spearmanr': 0.0904, 'mse': 0.02669, 'rmse': 0.16336}
test: {'epoch': 268, 'time_epoch': 0.13472, 'loss': 0.13428153, 'lr': 0, 'params': 220085, 'time_iter': 0.00465, 'mae': 0.13428, 'r2': -0.42622, 'spearmanr': 0.26515, 'mse': 0.02797, 'rmse': 0.16725}
> Epoch 268: took 2.9s (avg 3.0s) | Best so far: epoch 55	train_loss: 0.1054 train_mae: 0.1054	val_loss: 0.1114 val_mae: 0.1114	test_loss: 0.1097 test_mae: 0.1097
train: {'epoch': 269, 'time_epoch': 2.55747, 'eta': 608.4708, 'eta_hours': 0.16902, 'loss': 0.06325066, 'lr': 0.00052094, 'params': 220085, 'time_iter': 0.01031, 'mae': 0.06325, 'r2': 0.50955, 'spearmanr': 0.70499, 'mse': 0.00968, 'rmse': 0.09841}
val: {'epoch': 269, 'time_epoch': 0.25197, 'loss': 0.12121564, 'lr': 0, 'params': 220085, 'time_iter': 0.00475, 'mae': 0.12122, 'r2': -0.32445, 'spearmanr': 0.11486, 'mse': 0.02461, 'rmse': 0.15687}
test: {'epoch': 269, 'time_epoch': 0.13839, 'loss': 0.13653535, 'lr': 0, 'params': 220085, 'time_iter': 0.00477, 'mae': 0.13654, 'r2': -0.41645, 'spearmanr': 0.22129, 'mse': 0.02778, 'rmse': 0.16668}
> Epoch 269: took 3.0s (avg 3.0s) | Best so far: epoch 55	train_loss: 0.1054 train_mae: 0.1054	val_loss: 0.1114 val_mae: 0.1114	test_loss: 0.1097 test_mae: 0.1097
train: {'epoch': 270, 'time_epoch': 2.57507, 'eta': 605.76574, 'eta_hours': 0.16827, 'loss': 0.0629795, 'lr': 0.00051745, 'params': 220085, 'time_iter': 0.01038, 'mae': 0.06298, 'r2': 0.50861, 'spearmanr': 0.70407, 'mse': 0.0097, 'rmse': 0.0985}
val: {'epoch': 270, 'time_epoch': 0.24977, 'loss': 0.12291296, 'lr': 0, 'params': 220085, 'time_iter': 0.00471, 'mae': 0.12291, 'r2': -0.34919, 'spearmanr': 0.10257, 'mse': 0.02507, 'rmse': 0.15832}
test: {'epoch': 270, 'time_epoch': 0.13786, 'loss': 0.13335744, 'lr': 0, 'params': 220085, 'time_iter': 0.00475, 'mae': 0.13336, 'r2': -0.38913, 'spearmanr': 0.22238, 'mse': 0.02725, 'rmse': 0.16507}
> Epoch 270: took 3.0s (avg 3.0s) | Best so far: epoch 55	train_loss: 0.1054 train_mae: 0.1054	val_loss: 0.1114 val_mae: 0.1114	test_loss: 0.1097 test_mae: 0.1097
train: {'epoch': 271, 'time_epoch': 2.86085, 'eta': 603.30118, 'eta_hours': 0.16758, 'loss': 0.06311031, 'lr': 0.00051396, 'params': 220085, 'time_iter': 0.01154, 'mae': 0.06311, 'r2': 0.50755, 'spearmanr': 0.70718, 'mse': 0.00972, 'rmse': 0.09861}
val: {'epoch': 271, 'time_epoch': 0.2579, 'loss': 0.12382918, 'lr': 0, 'params': 220085, 'time_iter': 0.00487, 'mae': 0.12383, 'r2': -0.34623, 'spearmanr': 0.09505, 'mse': 0.02501, 'rmse': 0.15815}
test: {'epoch': 271, 'time_epoch': 0.13947, 'loss': 0.14377153, 'lr': 0, 'params': 220085, 'time_iter': 0.00481, 'mae': 0.14377, 'r2': -0.66958, 'spearmanr': 0.23023, 'mse': 0.03275, 'rmse': 0.18096}
> Epoch 271: took 3.3s (avg 3.0s) | Best so far: epoch 55	train_loss: 0.1054 train_mae: 0.1054	val_loss: 0.1114 val_mae: 0.1114	test_loss: 0.1097 test_mae: 0.1097
train: {'epoch': 272, 'time_epoch': 2.93983, 'eta': 600.89939, 'eta_hours': 0.16692, 'loss': 0.06259788, 'lr': 0.00051047, 'params': 220085, 'time_iter': 0.01185, 'mae': 0.0626, 'r2': 0.51054, 'spearmanr': 0.70594, 'mse': 0.00966, 'rmse': 0.09831}
val: {'epoch': 272, 'time_epoch': 0.25846, 'loss': 0.12230087, 'lr': 0, 'params': 220085, 'time_iter': 0.00488, 'mae': 0.1223, 'r2': -0.3336, 'spearmanr': 0.09439, 'mse': 0.02478, 'rmse': 0.15741}
test: {'epoch': 272, 'time_epoch': 0.14035, 'loss': 0.12957743, 'lr': 0, 'params': 220085, 'time_iter': 0.00484, 'mae': 0.12958, 'r2': -0.36727, 'spearmanr': 0.25322, 'mse': 0.02682, 'rmse': 0.16376}
> Epoch 272: took 3.3s (avg 3.0s) | Best so far: epoch 55	train_loss: 0.1054 train_mae: 0.1054	val_loss: 0.1114 val_mae: 0.1114	test_loss: 0.1097 test_mae: 0.1097
train: {'epoch': 273, 'time_epoch': 2.91619, 'eta': 598.47418, 'eta_hours': 0.16624, 'loss': 0.06205657, 'lr': 0.00050698, 'params': 220085, 'time_iter': 0.01176, 'mae': 0.06206, 'r2': 0.51364, 'spearmanr': 0.70786, 'mse': 0.0096, 'rmse': 0.09799}
val: {'epoch': 273, 'time_epoch': 0.25544, 'loss': 0.12453142, 'lr': 0, 'params': 220085, 'time_iter': 0.00482, 'mae': 0.12453, 'r2': -0.40883, 'spearmanr': 0.11166, 'mse': 0.02617, 'rmse': 0.16179}
test: {'epoch': 273, 'time_epoch': 0.14194, 'loss': 0.12599484, 'lr': 0, 'params': 220085, 'time_iter': 0.00489, 'mae': 0.12599, 'r2': -0.27105, 'spearmanr': 0.24916, 'mse': 0.02493, 'rmse': 0.15789}
> Epoch 273: took 3.3s (avg 3.0s) | Best so far: epoch 55	train_loss: 0.1054 train_mae: 0.1054	val_loss: 0.1114 val_mae: 0.1114	test_loss: 0.1097 test_mae: 0.1097
train: {'epoch': 274, 'time_epoch': 2.91219, 'eta': 596.04213, 'eta_hours': 0.16557, 'loss': 0.06313196, 'lr': 0.00050349, 'params': 220085, 'time_iter': 0.01174, 'mae': 0.06313, 'r2': 0.50683, 'spearmanr': 0.70211, 'mse': 0.00974, 'rmse': 0.09868}
val: {'epoch': 274, 'time_epoch': 0.29133, 'loss': 0.12769703, 'lr': 0, 'params': 220085, 'time_iter': 0.0055, 'mae': 0.1277, 'r2': -0.47403, 'spearmanr': 0.07906, 'mse': 0.02739, 'rmse': 0.16549}
test: {'epoch': 274, 'time_epoch': 0.14183, 'loss': 0.11923743, 'lr': 0, 'params': 220085, 'time_iter': 0.00489, 'mae': 0.11924, 'r2': -0.18383, 'spearmanr': 0.27024, 'mse': 0.02322, 'rmse': 0.15238}
> Epoch 274: took 3.4s (avg 3.1s) | Best so far: epoch 55	train_loss: 0.1054 train_mae: 0.1054	val_loss: 0.1114 val_mae: 0.1114	test_loss: 0.1097 test_mae: 0.1097
train: {'epoch': 275, 'time_epoch': 2.9638, 'eta': 593.64848, 'eta_hours': 0.1649, 'loss': 0.062389, 'lr': 0.0005, 'params': 220085, 'time_iter': 0.01195, 'mae': 0.06239, 'r2': 0.51621, 'spearmanr': 0.71242, 'mse': 0.00955, 'rmse': 0.09774}
val: {'epoch': 275, 'time_epoch': 0.26972, 'loss': 0.12200069, 'lr': 0, 'params': 220085, 'time_iter': 0.00509, 'mae': 0.122, 'r2': -0.32685, 'spearmanr': 0.11887, 'mse': 0.02465, 'rmse': 0.15701}
test: {'epoch': 275, 'time_epoch': 0.13787, 'loss': 0.13360363, 'lr': 0, 'params': 220085, 'time_iter': 0.00475, 'mae': 0.1336, 'r2': -0.398, 'spearmanr': 0.24095, 'mse': 0.02742, 'rmse': 0.16559}
> Epoch 275: took 3.4s (avg 3.1s) | Best so far: epoch 55	train_loss: 0.1054 train_mae: 0.1054	val_loss: 0.1114 val_mae: 0.1114	test_loss: 0.1097 test_mae: 0.1097
train: {'epoch': 276, 'time_epoch': 2.93789, 'eta': 591.22986, 'eta_hours': 0.16423, 'loss': 0.06207902, 'lr': 0.00049651, 'params': 220085, 'time_iter': 0.01185, 'mae': 0.06208, 'r2': 0.51908, 'spearmanr': 0.71406, 'mse': 0.0095, 'rmse': 0.09745}
val: {'epoch': 276, 'time_epoch': 0.25737, 'loss': 0.12378325, 'lr': 0, 'params': 220085, 'time_iter': 0.00486, 'mae': 0.12378, 'r2': -0.36446, 'spearmanr': 0.09696, 'mse': 0.02535, 'rmse': 0.15922}
test: {'epoch': 276, 'time_epoch': 0.1549, 'loss': 0.13092597, 'lr': 0, 'params': 220085, 'time_iter': 0.00534, 'mae': 0.13093, 'r2': -0.44149, 'spearmanr': 0.27157, 'mse': 0.02827, 'rmse': 0.16815}
> Epoch 276: took 3.4s (avg 3.1s) | Best so far: epoch 55	train_loss: 0.1054 train_mae: 0.1054	val_loss: 0.1114 val_mae: 0.1114	test_loss: 0.1097 test_mae: 0.1097
train: {'epoch': 277, 'time_epoch': 3.05505, 'eta': 588.90106, 'eta_hours': 0.16358, 'loss': 0.0619195, 'lr': 0.00049302, 'params': 220085, 'time_iter': 0.01232, 'mae': 0.06192, 'r2': 0.51625, 'spearmanr': 0.7117, 'mse': 0.00955, 'rmse': 0.09773}
val: {'epoch': 277, 'time_epoch': 0.25072, 'loss': 0.12353479, 'lr': 0, 'params': 220085, 'time_iter': 0.00473, 'mae': 0.12353, 'r2': -0.37752, 'spearmanr': 0.11653, 'mse': 0.02559, 'rmse': 0.15998}
test: {'epoch': 277, 'time_epoch': 0.13552, 'loss': 0.12994224, 'lr': 0, 'params': 220085, 'time_iter': 0.00467, 'mae': 0.12994, 'r2': -0.33457, 'spearmanr': 0.25469, 'mse': 0.02618, 'rmse': 0.16179}
> Epoch 277: took 3.5s (avg 3.1s) | Best so far: epoch 55	train_loss: 0.1054 train_mae: 0.1054	val_loss: 0.1114 val_mae: 0.1114	test_loss: 0.1097 test_mae: 0.1097
train: {'epoch': 278, 'time_epoch': 2.76025, 'eta': 586.33354, 'eta_hours': 0.16287, 'loss': 0.06201066, 'lr': 0.00048953, 'params': 220085, 'time_iter': 0.01113, 'mae': 0.06201, 'r2': 0.51353, 'spearmanr': 0.70867, 'mse': 0.00961, 'rmse': 0.09801}
val: {'epoch': 278, 'time_epoch': 0.2481, 'loss': 0.12403994, 'lr': 0, 'params': 220085, 'time_iter': 0.00468, 'mae': 0.12404, 'r2': -0.39598, 'spearmanr': 0.11914, 'mse': 0.02594, 'rmse': 0.16105}
test: {'epoch': 278, 'time_epoch': 0.13786, 'loss': 0.12485597, 'lr': 0, 'params': 220085, 'time_iter': 0.00475, 'mae': 0.12486, 'r2': -0.25582, 'spearmanr': 0.2544, 'mse': 0.02463, 'rmse': 0.15695}
> Epoch 278: took 3.2s (avg 3.1s) | Best so far: epoch 55	train_loss: 0.1054 train_mae: 0.1054	val_loss: 0.1114 val_mae: 0.1114	test_loss: 0.1097 test_mae: 0.1097
train: {'epoch': 279, 'time_epoch': 2.71734, 'eta': 583.73092, 'eta_hours': 0.16215, 'loss': 0.06273162, 'lr': 0.00048604, 'params': 220085, 'time_iter': 0.01096, 'mae': 0.06273, 'r2': 0.51104, 'spearmanr': 0.70328, 'mse': 0.00965, 'rmse': 0.09826}
val: {'epoch': 279, 'time_epoch': 0.25296, 'loss': 0.12474947, 'lr': 0, 'params': 220085, 'time_iter': 0.00477, 'mae': 0.12475, 'r2': -0.41793, 'spearmanr': 0.11958, 'mse': 0.02634, 'rmse': 0.16231}
test: {'epoch': 279, 'time_epoch': 0.15336, 'loss': 0.12752654, 'lr': 0, 'params': 220085, 'time_iter': 0.00529, 'mae': 0.12753, 'r2': -0.31036, 'spearmanr': 0.24387, 'mse': 0.0257, 'rmse': 0.16032}
> Epoch 279: took 3.1s (avg 3.1s) | Best so far: epoch 55	train_loss: 0.1054 train_mae: 0.1054	val_loss: 0.1114 val_mae: 0.1114	test_loss: 0.1097 test_mae: 0.1097
train: {'epoch': 280, 'time_epoch': 2.92145, 'eta': 581.28657, 'eta_hours': 0.16147, 'loss': 0.0612132, 'lr': 0.00048255, 'params': 220085, 'time_iter': 0.01178, 'mae': 0.06121, 'r2': 0.52739, 'spearmanr': 0.71699, 'mse': 0.00933, 'rmse': 0.0966}
val: {'epoch': 280, 'time_epoch': 0.26664, 'loss': 0.12252795, 'lr': 0, 'params': 220085, 'time_iter': 0.00503, 'mae': 0.12253, 'r2': -0.32897, 'spearmanr': 0.10492, 'mse': 0.02469, 'rmse': 0.15713}
test: {'epoch': 280, 'time_epoch': 0.14901, 'loss': 0.13399866, 'lr': 0, 'params': 220085, 'time_iter': 0.00514, 'mae': 0.134, 'r2': -0.41393, 'spearmanr': 0.2445, 'mse': 0.02773, 'rmse': 0.16653}
> Epoch 280: took 3.3s (avg 3.1s) | Best so far: epoch 55	train_loss: 0.1054 train_mae: 0.1054	val_loss: 0.1114 val_mae: 0.1114	test_loss: 0.1097 test_mae: 0.1097
train: {'epoch': 281, 'time_epoch': 3.33118, 'eta': 579.15557, 'eta_hours': 0.16088, 'loss': 0.06135807, 'lr': 0.00047906, 'params': 220085, 'time_iter': 0.01343, 'mae': 0.06136, 'r2': 0.5189, 'spearmanr': 0.71223, 'mse': 0.0095, 'rmse': 0.09746}
val: {'epoch': 281, 'time_epoch': 0.28382, 'loss': 0.1235701, 'lr': 0, 'params': 220085, 'time_iter': 0.00536, 'mae': 0.12357, 'r2': -0.36926, 'spearmanr': 0.10661, 'mse': 0.02544, 'rmse': 0.1595}
test: {'epoch': 281, 'time_epoch': 0.16488, 'loss': 0.12537906, 'lr': 0, 'params': 220085, 'time_iter': 0.00569, 'mae': 0.12538, 'r2': -0.24089, 'spearmanr': 0.27562, 'mse': 0.02434, 'rmse': 0.15601}
> Epoch 281: took 3.8s (avg 3.1s) | Best so far: epoch 55	train_loss: 0.1054 train_mae: 0.1054	val_loss: 0.1114 val_mae: 0.1114	test_loss: 0.1097 test_mae: 0.1097
train: {'epoch': 282, 'time_epoch': 3.31529, 'eta': 577.00391, 'eta_hours': 0.16028, 'loss': 0.060551, 'lr': 0.00047558, 'params': 220085, 'time_iter': 0.01337, 'mae': 0.06055, 'r2': 0.53019, 'spearmanr': 0.71938, 'mse': 0.00928, 'rmse': 0.09631}
val: {'epoch': 282, 'time_epoch': 0.25671, 'loss': 0.12443956, 'lr': 0, 'params': 220085, 'time_iter': 0.00484, 'mae': 0.12444, 'r2': -0.40602, 'spearmanr': 0.10364, 'mse': 0.02612, 'rmse': 0.16162}
test: {'epoch': 282, 'time_epoch': 0.14806, 'loss': 0.13325023, 'lr': 0, 'params': 220085, 'time_iter': 0.00511, 'mae': 0.13325, 'r2': -0.37578, 'spearmanr': 0.23311, 'mse': 0.02698, 'rmse': 0.16427}
> Epoch 282: took 3.7s (avg 3.1s) | Best so far: epoch 55	train_loss: 0.1054 train_mae: 0.1054	val_loss: 0.1114 val_mae: 0.1114	test_loss: 0.1097 test_mae: 0.1097
train: {'epoch': 283, 'time_epoch': 2.89846, 'eta': 574.52703, 'eta_hours': 0.15959, 'loss': 0.06103011, 'lr': 0.00047209, 'params': 220085, 'time_iter': 0.01169, 'mae': 0.06103, 'r2': 0.52479, 'spearmanr': 0.71714, 'mse': 0.00938, 'rmse': 0.09687}
val: {'epoch': 283, 'time_epoch': 0.27319, 'loss': 0.1274996, 'lr': 0, 'params': 220085, 'time_iter': 0.00515, 'mae': 0.1275, 'r2': -0.47566, 'spearmanr': 0.0959, 'mse': 0.02742, 'rmse': 0.16558}
test: {'epoch': 283, 'time_epoch': 0.15089, 'loss': 0.12263563, 'lr': 0, 'params': 220085, 'time_iter': 0.0052, 'mae': 0.12264, 'r2': -0.21224, 'spearmanr': 0.26792, 'mse': 0.02378, 'rmse': 0.1542}
> Epoch 283: took 3.3s (avg 3.1s) | Best so far: epoch 55	train_loss: 0.1054 train_mae: 0.1054	val_loss: 0.1114 val_mae: 0.1114	test_loss: 0.1097 test_mae: 0.1097
train: {'epoch': 284, 'time_epoch': 2.82393, 'eta': 571.99096, 'eta_hours': 0.15889, 'loss': 0.06175763, 'lr': 0.0004686, 'params': 220085, 'time_iter': 0.01139, 'mae': 0.06176, 'r2': 0.51713, 'spearmanr': 0.71052, 'mse': 0.00953, 'rmse': 0.09764}
val: {'epoch': 284, 'time_epoch': 0.27487, 'loss': 0.12214094, 'lr': 0, 'params': 220085, 'time_iter': 0.00519, 'mae': 0.12214, 'r2': -0.30412, 'spearmanr': 0.12301, 'mse': 0.02423, 'rmse': 0.15566}
test: {'epoch': 284, 'time_epoch': 0.15439, 'loss': 0.13574513, 'lr': 0, 'params': 220085, 'time_iter': 0.00532, 'mae': 0.13575, 'r2': -0.43119, 'spearmanr': 0.23671, 'mse': 0.02807, 'rmse': 0.16755}
> Epoch 284: took 3.3s (avg 3.1s) | Best so far: epoch 55	train_loss: 0.1054 train_mae: 0.1054	val_loss: 0.1114 val_mae: 0.1114	test_loss: 0.1097 test_mae: 0.1097
train: {'epoch': 285, 'time_epoch': 3.1852, 'eta': 569.7232, 'eta_hours': 0.15826, 'loss': 0.0608571, 'lr': 0.00046512, 'params': 220085, 'time_iter': 0.01284, 'mae': 0.06086, 'r2': 0.52492, 'spearmanr': 0.71722, 'mse': 0.00938, 'rmse': 0.09685}
val: {'epoch': 285, 'time_epoch': 0.26479, 'loss': 0.12211163, 'lr': 0, 'params': 220085, 'time_iter': 0.005, 'mae': 0.12211, 'r2': -0.3385, 'spearmanr': 0.11395, 'mse': 0.02487, 'rmse': 0.1577}
test: {'epoch': 285, 'time_epoch': 0.1553, 'loss': 0.11812082, 'lr': 0, 'params': 220085, 'time_iter': 0.00536, 'mae': 0.11812, 'r2': -0.11995, 'spearmanr': 0.29071, 'mse': 0.02197, 'rmse': 0.14821}
> Epoch 285: took 3.6s (avg 3.1s) | Best so far: epoch 55	train_loss: 0.1054 train_mae: 0.1054	val_loss: 0.1114 val_mae: 0.1114	test_loss: 0.1097 test_mae: 0.1097
train: {'epoch': 286, 'time_epoch': 3.1409, 'eta': 567.41617, 'eta_hours': 0.15762, 'loss': 0.06027555, 'lr': 0.00046164, 'params': 220085, 'time_iter': 0.01266, 'mae': 0.06028, 'r2': 0.53186, 'spearmanr': 0.7181, 'mse': 0.00924, 'rmse': 0.09614}
val: {'epoch': 286, 'time_epoch': 0.26973, 'loss': 0.12425784, 'lr': 0, 'params': 220085, 'time_iter': 0.00509, 'mae': 0.12426, 'r2': -0.39052, 'spearmanr': 0.10989, 'mse': 0.02583, 'rmse': 0.16073}
test: {'epoch': 286, 'time_epoch': 0.15795, 'loss': 0.12361403, 'lr': 0, 'params': 220085, 'time_iter': 0.00545, 'mae': 0.12361, 'r2': -0.22595, 'spearmanr': 0.29157, 'mse': 0.02405, 'rmse': 0.15507}
> Epoch 286: took 3.6s (avg 3.1s) | Best so far: epoch 55	train_loss: 0.1054 train_mae: 0.1054	val_loss: 0.1114 val_mae: 0.1114	test_loss: 0.1097 test_mae: 0.1097
train: {'epoch': 287, 'time_epoch': 3.40396, 'eta': 565.29699, 'eta_hours': 0.15703, 'loss': 0.06092573, 'lr': 0.00045816, 'params': 220085, 'time_iter': 0.01373, 'mae': 0.06093, 'r2': 0.52903, 'spearmanr': 0.71833, 'mse': 0.0093, 'rmse': 0.09643}
val: {'epoch': 287, 'time_epoch': 0.29162, 'loss': 0.12397614, 'lr': 0, 'params': 220085, 'time_iter': 0.0055, 'mae': 0.12398, 'r2': -0.39348, 'spearmanr': 0.11601, 'mse': 0.02589, 'rmse': 0.1609}
test: {'epoch': 287, 'time_epoch': 0.14704, 'loss': 0.13612374, 'lr': 0, 'params': 220085, 'time_iter': 0.00507, 'mae': 0.13612, 'r2': -0.41792, 'spearmanr': 0.22392, 'mse': 0.02781, 'rmse': 0.16677}
> Epoch 287: took 3.9s (avg 3.1s) | Best so far: epoch 55	train_loss: 0.1054 train_mae: 0.1054	val_loss: 0.1114 val_mae: 0.1114	test_loss: 0.1097 test_mae: 0.1097
train: {'epoch': 288, 'time_epoch': 3.28873, 'eta': 563.08479, 'eta_hours': 0.15641, 'loss': 0.06066121, 'lr': 0.00045468, 'params': 220085, 'time_iter': 0.01326, 'mae': 0.06066, 'r2': 0.53003, 'spearmanr': 0.71952, 'mse': 0.00928, 'rmse': 0.09633}
val: {'epoch': 288, 'time_epoch': 0.31352, 'loss': 0.12373925, 'lr': 0, 'params': 220085, 'time_iter': 0.00592, 'mae': 0.12374, 'r2': -0.37208, 'spearmanr': 0.11195, 'mse': 0.02549, 'rmse': 0.15966}
test: {'epoch': 288, 'time_epoch': 0.15711, 'loss': 0.12734697, 'lr': 0, 'params': 220085, 'time_iter': 0.00542, 'mae': 0.12735, 'r2': -0.25209, 'spearmanr': 0.24271, 'mse': 0.02456, 'rmse': 0.15671}
> Epoch 288: took 3.8s (avg 3.1s) | Best so far: epoch 55	train_loss: 0.1054 train_mae: 0.1054	val_loss: 0.1114 val_mae: 0.1114	test_loss: 0.1097 test_mae: 0.1097
train: {'epoch': 289, 'time_epoch': 3.21272, 'eta': 560.81013, 'eta_hours': 0.15578, 'loss': 0.06034186, 'lr': 0.00045121, 'params': 220085, 'time_iter': 0.01295, 'mae': 0.06034, 'r2': 0.53099, 'spearmanr': 0.7202, 'mse': 0.00926, 'rmse': 0.09623}
val: {'epoch': 289, 'time_epoch': 0.28089, 'loss': 0.12443983, 'lr': 0, 'params': 220085, 'time_iter': 0.0053, 'mae': 0.12444, 'r2': -0.40836, 'spearmanr': 0.12007, 'mse': 0.02617, 'rmse': 0.16176}
test: {'epoch': 289, 'time_epoch': 0.14465, 'loss': 0.13071431, 'lr': 0, 'params': 220085, 'time_iter': 0.00499, 'mae': 0.13071, 'r2': -0.36857, 'spearmanr': 0.24376, 'mse': 0.02684, 'rmse': 0.16384}
> Epoch 289: took 3.6s (avg 3.1s) | Best so far: epoch 55	train_loss: 0.1054 train_mae: 0.1054	val_loss: 0.1114 val_mae: 0.1114	test_loss: 0.1097 test_mae: 0.1097
train: {'epoch': 290, 'time_epoch': 2.98622, 'eta': 558.36634, 'eta_hours': 0.1551, 'loss': 0.05980846, 'lr': 0.00044774, 'params': 220085, 'time_iter': 0.01204, 'mae': 0.05981, 'r2': 0.53451, 'spearmanr': 0.72495, 'mse': 0.00919, 'rmse': 0.09587}
val: {'epoch': 290, 'time_epoch': 0.26599, 'loss': 0.12467027, 'lr': 0, 'params': 220085, 'time_iter': 0.00502, 'mae': 0.12467, 'r2': -0.40484, 'spearmanr': 0.12066, 'mse': 0.0261, 'rmse': 0.16156}
test: {'epoch': 290, 'time_epoch': 0.14662, 'loss': 0.13402309, 'lr': 0, 'params': 220085, 'time_iter': 0.00506, 'mae': 0.13402, 'r2': -0.37997, 'spearmanr': 0.23484, 'mse': 0.02707, 'rmse': 0.16452}
> Epoch 290: took 3.4s (avg 3.1s) | Best so far: epoch 55	train_loss: 0.1054 train_mae: 0.1054	val_loss: 0.1114 val_mae: 0.1114	test_loss: 0.1097 test_mae: 0.1097
train: {'epoch': 291, 'time_epoch': 2.74315, 'eta': 555.74569, 'eta_hours': 0.15437, 'loss': 0.05946407, 'lr': 0.00044427, 'params': 220085, 'time_iter': 0.01106, 'mae': 0.05946, 'r2': 0.54127, 'spearmanr': 0.72608, 'mse': 0.00906, 'rmse': 0.09517}
val: {'epoch': 291, 'time_epoch': 0.28331, 'loss': 0.12374698, 'lr': 0, 'params': 220085, 'time_iter': 0.00535, 'mae': 0.12375, 'r2': -0.37899, 'spearmanr': 0.11636, 'mse': 0.02562, 'rmse': 0.16006}
test: {'epoch': 291, 'time_epoch': 0.15651, 'loss': 0.13447774, 'lr': 0, 'params': 220085, 'time_iter': 0.0054, 'mae': 0.13448, 'r2': -0.38565, 'spearmanr': 0.2158, 'mse': 0.02718, 'rmse': 0.16486}
> Epoch 291: took 3.2s (avg 3.1s) | Best so far: epoch 55	train_loss: 0.1054 train_mae: 0.1054	val_loss: 0.1114 val_mae: 0.1114	test_loss: 0.1097 test_mae: 0.1097
train: {'epoch': 292, 'time_epoch': 2.89427, 'eta': 553.23097, 'eta_hours': 0.15368, 'loss': 0.05959044, 'lr': 0.0004408, 'params': 220085, 'time_iter': 0.01167, 'mae': 0.05959, 'r2': 0.5423, 'spearmanr': 0.72583, 'mse': 0.00904, 'rmse': 0.09506}
val: {'epoch': 292, 'time_epoch': 0.27135, 'loss': 0.12432016, 'lr': 0, 'params': 220085, 'time_iter': 0.00512, 'mae': 0.12432, 'r2': -0.39443, 'spearmanr': 0.11803, 'mse': 0.02591, 'rmse': 0.16096}
test: {'epoch': 292, 'time_epoch': 0.14102, 'loss': 0.12815784, 'lr': 0, 'params': 220085, 'time_iter': 0.00486, 'mae': 0.12816, 'r2': -0.29482, 'spearmanr': 0.26451, 'mse': 0.0254, 'rmse': 0.15936}
> Epoch 292: took 3.3s (avg 3.1s) | Best so far: epoch 55	train_loss: 0.1054 train_mae: 0.1054	val_loss: 0.1114 val_mae: 0.1114	test_loss: 0.1097 test_mae: 0.1097
train: {'epoch': 293, 'time_epoch': 3.045, 'eta': 550.81928, 'eta_hours': 0.15301, 'loss': 0.06024438, 'lr': 0.00043733, 'params': 220085, 'time_iter': 0.01228, 'mae': 0.06024, 'r2': 0.53646, 'spearmanr': 0.72291, 'mse': 0.00915, 'rmse': 0.09567}
val: {'epoch': 293, 'time_epoch': 0.29176, 'loss': 0.12505166, 'lr': 0, 'params': 220085, 'time_iter': 0.0055, 'mae': 0.12505, 'r2': -0.41579, 'spearmanr': 0.09942, 'mse': 0.0263, 'rmse': 0.16219}
test: {'epoch': 293, 'time_epoch': 0.15625, 'loss': 0.12162967, 'lr': 0, 'params': 220085, 'time_iter': 0.00539, 'mae': 0.12163, 'r2': -0.16682, 'spearmanr': 0.26585, 'mse': 0.02289, 'rmse': 0.15128}
> Epoch 293: took 3.5s (avg 3.1s) | Best so far: epoch 55	train_loss: 0.1054 train_mae: 0.1054	val_loss: 0.1114 val_mae: 0.1114	test_loss: 0.1097 test_mae: 0.1097
train: {'epoch': 294, 'time_epoch': 2.87822, 'eta': 548.2874, 'eta_hours': 0.1523, 'loss': 0.05943076, 'lr': 0.00043387, 'params': 220085, 'time_iter': 0.01161, 'mae': 0.05943, 'r2': 0.53994, 'spearmanr': 0.72764, 'mse': 0.00908, 'rmse': 0.09531}
val: {'epoch': 294, 'time_epoch': 0.26813, 'loss': 0.12585658, 'lr': 0, 'params': 220085, 'time_iter': 0.00506, 'mae': 0.12586, 'r2': -0.43267, 'spearmanr': 0.10803, 'mse': 0.02662, 'rmse': 0.16315}
test: {'epoch': 294, 'time_epoch': 0.14914, 'loss': 0.13359588, 'lr': 0, 'params': 220085, 'time_iter': 0.00514, 'mae': 0.1336, 'r2': -0.40123, 'spearmanr': 0.24325, 'mse': 0.02748, 'rmse': 0.16578}
> Epoch 294: took 3.3s (avg 3.1s) | Best so far: epoch 55	train_loss: 0.1054 train_mae: 0.1054	val_loss: 0.1114 val_mae: 0.1114	test_loss: 0.1097 test_mae: 0.1097
train: {'epoch': 295, 'time_epoch': 2.84255, 'eta': 545.7286, 'eta_hours': 0.15159, 'loss': 0.06045524, 'lr': 0.00043041, 'params': 220085, 'time_iter': 0.01146, 'mae': 0.06046, 'r2': 0.53246, 'spearmanr': 0.72078, 'mse': 0.00923, 'rmse': 0.09608}
val: {'epoch': 295, 'time_epoch': 0.28408, 'loss': 0.12608774, 'lr': 0, 'params': 220085, 'time_iter': 0.00536, 'mae': 0.12609, 'r2': -0.42492, 'spearmanr': 0.1048, 'mse': 0.02647, 'rmse': 0.16271}
test: {'epoch': 295, 'time_epoch': 0.16013, 'loss': 0.13255871, 'lr': 0, 'params': 220085, 'time_iter': 0.00552, 'mae': 0.13256, 'r2': -0.34581, 'spearmanr': 0.23138, 'mse': 0.0264, 'rmse': 0.16247}
> Epoch 295: took 3.3s (avg 3.1s) | Best so far: epoch 55	train_loss: 0.1054 train_mae: 0.1054	val_loss: 0.1114 val_mae: 0.1114	test_loss: 0.1097 test_mae: 0.1097
train: {'epoch': 296, 'time_epoch': 3.16758, 'eta': 543.39004, 'eta_hours': 0.15094, 'loss': 0.05855277, 'lr': 0.00042696, 'params': 220085, 'time_iter': 0.01277, 'mae': 0.05855, 'r2': 0.55376, 'spearmanr': 0.73373, 'mse': 0.00881, 'rmse': 0.09387}
val: {'epoch': 296, 'time_epoch': 0.29025, 'loss': 0.12790292, 'lr': 0, 'params': 220085, 'time_iter': 0.00548, 'mae': 0.1279, 'r2': -0.48571, 'spearmanr': 0.11585, 'mse': 0.0276, 'rmse': 0.16614}
test: {'epoch': 296, 'time_epoch': 0.15479, 'loss': 0.12469704, 'lr': 0, 'params': 220085, 'time_iter': 0.00534, 'mae': 0.1247, 'r2': -0.23462, 'spearmanr': 0.27224, 'mse': 0.02422, 'rmse': 0.15562}
> Epoch 296: took 3.6s (avg 3.1s) | Best so far: epoch 55	train_loss: 0.1054 train_mae: 0.1054	val_loss: 0.1114 val_mae: 0.1114	test_loss: 0.1097 test_mae: 0.1097
train: {'epoch': 297, 'time_epoch': 3.18494, 'eta': 541.05769, 'eta_hours': 0.15029, 'loss': 0.05953209, 'lr': 0.00042351, 'params': 220085, 'time_iter': 0.01284, 'mae': 0.05953, 'r2': 0.53894, 'spearmanr': 0.72513, 'mse': 0.0091, 'rmse': 0.09541}
val: {'epoch': 297, 'time_epoch': 0.26749, 'loss': 0.12360832, 'lr': 0, 'params': 220085, 'time_iter': 0.00505, 'mae': 0.12361, 'r2': -0.35334, 'spearmanr': 0.1119, 'mse': 0.02514, 'rmse': 0.15857}
test: {'epoch': 297, 'time_epoch': 0.14403, 'loss': 0.12958262, 'lr': 0, 'params': 220085, 'time_iter': 0.00497, 'mae': 0.12958, 'r2': -0.28479, 'spearmanr': 0.23684, 'mse': 0.0252, 'rmse': 0.15875}
> Epoch 297: took 3.6s (avg 3.1s) | Best so far: epoch 55	train_loss: 0.1054 train_mae: 0.1054	val_loss: 0.1114 val_mae: 0.1114	test_loss: 0.1097 test_mae: 0.1097
train: {'epoch': 298, 'time_epoch': 3.12876, 'eta': 538.68187, 'eta_hours': 0.14963, 'loss': 0.05913582, 'lr': 0.00042006, 'params': 220085, 'time_iter': 0.01262, 'mae': 0.05914, 'r2': 0.54335, 'spearmanr': 0.72858, 'mse': 0.00902, 'rmse': 0.09496}
val: {'epoch': 298, 'time_epoch': 0.27393, 'loss': 0.127846, 'lr': 0, 'params': 220085, 'time_iter': 0.00517, 'mae': 0.12785, 'r2': -0.49408, 'spearmanr': 0.1138, 'mse': 0.02776, 'rmse': 0.16661}
test: {'epoch': 298, 'time_epoch': 0.15208, 'loss': 0.12958835, 'lr': 0, 'params': 220085, 'time_iter': 0.00524, 'mae': 0.12959, 'r2': -0.33257, 'spearmanr': 0.24262, 'mse': 0.02614, 'rmse': 0.16167}
> Epoch 298: took 3.6s (avg 3.1s) | Best so far: epoch 55	train_loss: 0.1054 train_mae: 0.1054	val_loss: 0.1114 val_mae: 0.1114	test_loss: 0.1097 test_mae: 0.1097
train: {'epoch': 299, 'time_epoch': 2.94701, 'eta': 536.17986, 'eta_hours': 0.14894, 'loss': 0.05906013, 'lr': 0.00041662, 'params': 220085, 'time_iter': 0.01188, 'mae': 0.05906, 'r2': 0.54514, 'spearmanr': 0.73167, 'mse': 0.00898, 'rmse': 0.09477}
val: {'epoch': 299, 'time_epoch': 0.28475, 'loss': 0.12615834, 'lr': 0, 'params': 220085, 'time_iter': 0.00537, 'mae': 0.12616, 'r2': -0.44985, 'spearmanr': 0.10071, 'mse': 0.02694, 'rmse': 0.16412}
test: {'epoch': 299, 'time_epoch': 0.15214, 'loss': 0.13308879, 'lr': 0, 'params': 220085, 'time_iter': 0.00525, 'mae': 0.13309, 'r2': -0.36981, 'spearmanr': 0.26177, 'mse': 0.02687, 'rmse': 0.16391}
> Epoch 299: took 3.4s (avg 3.1s) | Best so far: epoch 55	train_loss: 0.1054 train_mae: 0.1054	val_loss: 0.1114 val_mae: 0.1114	test_loss: 0.1097 test_mae: 0.1097
train: {'epoch': 300, 'time_epoch': 2.80632, 'eta': 533.58188, 'eta_hours': 0.14822, 'loss': 0.05833541, 'lr': 0.00041318, 'params': 220085, 'time_iter': 0.01132, 'mae': 0.05834, 'r2': 0.55047, 'spearmanr': 0.73181, 'mse': 0.00888, 'rmse': 0.09421}
val: {'epoch': 300, 'time_epoch': 0.26365, 'loss': 0.12380289, 'lr': 0, 'params': 220085, 'time_iter': 0.00497, 'mae': 0.1238, 'r2': -0.38031, 'spearmanr': 0.12993, 'mse': 0.02564, 'rmse': 0.16014}
test: {'epoch': 300, 'time_epoch': 0.14775, 'loss': 0.13062633, 'lr': 0, 'params': 220085, 'time_iter': 0.00509, 'mae': 0.13063, 'r2': -0.37258, 'spearmanr': 0.26181, 'mse': 0.02692, 'rmse': 0.16408}
> Epoch 300: took 3.2s (avg 3.1s) | Best so far: epoch 55	train_loss: 0.1054 train_mae: 0.1054	val_loss: 0.1114 val_mae: 0.1114	test_loss: 0.1097 test_mae: 0.1097
train: {'epoch': 301, 'time_epoch': 2.9748, 'eta': 531.09299, 'eta_hours': 0.14753, 'loss': 0.0580803, 'lr': 0.00040974, 'params': 220085, 'time_iter': 0.012, 'mae': 0.05808, 'r2': 0.55555, 'spearmanr': 0.73641, 'mse': 0.00878, 'rmse': 0.09368}
val: {'epoch': 301, 'time_epoch': 0.27725, 'loss': 0.12347256, 'lr': 0, 'params': 220085, 'time_iter': 0.00523, 'mae': 0.12347, 'r2': -0.35816, 'spearmanr': 0.10828, 'mse': 0.02523, 'rmse': 0.15885}
test: {'epoch': 301, 'time_epoch': 0.14129, 'loss': 0.1255796, 'lr': 0, 'params': 220085, 'time_iter': 0.00487, 'mae': 0.12558, 'r2': -0.27084, 'spearmanr': 0.26959, 'mse': 0.02493, 'rmse': 0.15788}
> Epoch 301: took 3.4s (avg 3.1s) | Best so far: epoch 55	train_loss: 0.1054 train_mae: 0.1054	val_loss: 0.1114 val_mae: 0.1114	test_loss: 0.1097 test_mae: 0.1097
train: {'epoch': 302, 'time_epoch': 2.89969, 'eta': 528.55204, 'eta_hours': 0.14682, 'loss': 0.05829462, 'lr': 0.00040631, 'params': 220085, 'time_iter': 0.01169, 'mae': 0.05829, 'r2': 0.55468, 'spearmanr': 0.73378, 'mse': 0.00879, 'rmse': 0.09377}
val: {'epoch': 302, 'time_epoch': 0.265, 'loss': 0.12406531, 'lr': 0, 'params': 220085, 'time_iter': 0.005, 'mae': 0.12407, 'r2': -0.38399, 'spearmanr': 0.11665, 'mse': 0.02571, 'rmse': 0.16035}
test: {'epoch': 302, 'time_epoch': 0.14352, 'loss': 0.13326705, 'lr': 0, 'params': 220085, 'time_iter': 0.00495, 'mae': 0.13327, 'r2': -0.37891, 'spearmanr': 0.22946, 'mse': 0.02705, 'rmse': 0.16446}
> Epoch 302: took 3.3s (avg 3.1s) | Best so far: epoch 55	train_loss: 0.1054 train_mae: 0.1054	val_loss: 0.1114 val_mae: 0.1114	test_loss: 0.1097 test_mae: 0.1097
train: {'epoch': 303, 'time_epoch': 2.78903, 'eta': 525.93739, 'eta_hours': 0.14609, 'loss': 0.05821229, 'lr': 0.00040288, 'params': 220085, 'time_iter': 0.01125, 'mae': 0.05821, 'r2': 0.55266, 'spearmanr': 0.73431, 'mse': 0.00883, 'rmse': 0.09398}
val: {'epoch': 303, 'time_epoch': 0.25686, 'loss': 0.12530508, 'lr': 0, 'params': 220085, 'time_iter': 0.00485, 'mae': 0.12531, 'r2': -0.44204, 'spearmanr': 0.11884, 'mse': 0.02679, 'rmse': 0.16368}
test: {'epoch': 303, 'time_epoch': 0.13658, 'loss': 0.13748276, 'lr': 0, 'params': 220085, 'time_iter': 0.00471, 'mae': 0.13748, 'r2': -0.45686, 'spearmanr': 0.21186, 'mse': 0.02858, 'rmse': 0.16904}
> Epoch 303: took 3.2s (avg 3.1s) | Best so far: epoch 55	train_loss: 0.1054 train_mae: 0.1054	val_loss: 0.1114 val_mae: 0.1114	test_loss: 0.1097 test_mae: 0.1097
train: {'epoch': 304, 'time_epoch': 2.65465, 'eta': 523.23569, 'eta_hours': 0.14534, 'loss': 0.05802452, 'lr': 0.00039946, 'params': 220085, 'time_iter': 0.0107, 'mae': 0.05802, 'r2': 0.55406, 'spearmanr': 0.73452, 'mse': 0.0088, 'rmse': 0.09383}
val: {'epoch': 304, 'time_epoch': 0.25641, 'loss': 0.12558038, 'lr': 0, 'params': 220085, 'time_iter': 0.00484, 'mae': 0.12558, 'r2': -0.42375, 'spearmanr': 0.11691, 'mse': 0.02645, 'rmse': 0.16264}
test: {'epoch': 304, 'time_epoch': 0.13633, 'loss': 0.12777561, 'lr': 0, 'params': 220085, 'time_iter': 0.0047, 'mae': 0.12778, 'r2': -0.25622, 'spearmanr': 0.26122, 'mse': 0.02464, 'rmse': 0.15697}
> Epoch 304: took 3.1s (avg 3.1s) | Best so far: epoch 55	train_loss: 0.1054 train_mae: 0.1054	val_loss: 0.1114 val_mae: 0.1114	test_loss: 0.1097 test_mae: 0.1097
train: {'epoch': 305, 'time_epoch': 2.82511, 'eta': 520.64236, 'eta_hours': 0.14462, 'loss': 0.05794918, 'lr': 0.00039604, 'params': 220085, 'time_iter': 0.01139, 'mae': 0.05795, 'r2': 0.55491, 'spearmanr': 0.73797, 'mse': 0.00879, 'rmse': 0.09375}
val: {'epoch': 305, 'time_epoch': 0.26561, 'loss': 0.12682951, 'lr': 0, 'params': 220085, 'time_iter': 0.00501, 'mae': 0.12683, 'r2': -0.4468, 'spearmanr': 0.09962, 'mse': 0.02688, 'rmse': 0.16395}
test: {'epoch': 305, 'time_epoch': 0.13973, 'loss': 0.13259735, 'lr': 0, 'params': 220085, 'time_iter': 0.00482, 'mae': 0.1326, 'r2': -0.38534, 'spearmanr': 0.24382, 'mse': 0.02717, 'rmse': 0.16484}
> Epoch 305: took 3.2s (avg 3.1s) | Best so far: epoch 55	train_loss: 0.1054 train_mae: 0.1054	val_loss: 0.1114 val_mae: 0.1114	test_loss: 0.1097 test_mae: 0.1097
train: {'epoch': 306, 'time_epoch': 2.86489, 'eta': 518.07253, 'eta_hours': 0.14391, 'loss': 0.05754801, 'lr': 0.00039263, 'params': 220085, 'time_iter': 0.01155, 'mae': 0.05755, 'r2': 0.55905, 'spearmanr': 0.73855, 'mse': 0.00871, 'rmse': 0.09331}
val: {'epoch': 306, 'time_epoch': 0.27858, 'loss': 0.12226955, 'lr': 0, 'params': 220085, 'time_iter': 0.00526, 'mae': 0.12227, 'r2': -0.35373, 'spearmanr': 0.13332, 'mse': 0.02515, 'rmse': 0.15859}
test: {'epoch': 306, 'time_epoch': 0.15332, 'loss': 0.13332484, 'lr': 0, 'params': 220085, 'time_iter': 0.00529, 'mae': 0.13332, 'r2': -0.37787, 'spearmanr': 0.233, 'mse': 0.02703, 'rmse': 0.1644}
> Epoch 306: took 3.3s (avg 3.1s) | Best so far: epoch 55	train_loss: 0.1054 train_mae: 0.1054	val_loss: 0.1114 val_mae: 0.1114	test_loss: 0.1097 test_mae: 0.1097
train: {'epoch': 307, 'time_epoch': 2.91404, 'eta': 515.53142, 'eta_hours': 0.1432, 'loss': 0.05718656, 'lr': 0.00038923, 'params': 220085, 'time_iter': 0.01175, 'mae': 0.05719, 'r2': 0.56129, 'spearmanr': 0.73997, 'mse': 0.00866, 'rmse': 0.09307}
val: {'epoch': 307, 'time_epoch': 0.28506, 'loss': 0.12461321, 'lr': 0, 'params': 220085, 'time_iter': 0.00538, 'mae': 0.12461, 'r2': -0.39038, 'spearmanr': 0.11246, 'mse': 0.02583, 'rmse': 0.16072}
test: {'epoch': 307, 'time_epoch': 0.15792, 'loss': 0.13152937, 'lr': 0, 'params': 220085, 'time_iter': 0.00545, 'mae': 0.13153, 'r2': -0.36131, 'spearmanr': 0.26273, 'mse': 0.0267, 'rmse': 0.1634}
> Epoch 307: took 3.4s (avg 3.1s) | Best so far: epoch 55	train_loss: 0.1054 train_mae: 0.1054	val_loss: 0.1114 val_mae: 0.1114	test_loss: 0.1097 test_mae: 0.1097
train: {'epoch': 308, 'time_epoch': 3.02903, 'eta': 513.05898, 'eta_hours': 0.14252, 'loss': 0.05722634, 'lr': 0.00038582, 'params': 220085, 'time_iter': 0.01221, 'mae': 0.05723, 'r2': 0.56415, 'spearmanr': 0.74082, 'mse': 0.00861, 'rmse': 0.09277}
val: {'epoch': 308, 'time_epoch': 0.26965, 'loss': 0.1269614, 'lr': 0, 'params': 220085, 'time_iter': 0.00509, 'mae': 0.12696, 'r2': -0.47572, 'spearmanr': 0.11161, 'mse': 0.02742, 'rmse': 0.16558}
test: {'epoch': 308, 'time_epoch': 0.16461, 'loss': 0.14179015, 'lr': 0, 'params': 220085, 'time_iter': 0.00568, 'mae': 0.14179, 'r2': -0.55651, 'spearmanr': 0.23163, 'mse': 0.03053, 'rmse': 0.17473}
> Epoch 308: took 3.5s (avg 3.1s) | Best so far: epoch 55	train_loss: 0.1054 train_mae: 0.1054	val_loss: 0.1114 val_mae: 0.1114	test_loss: 0.1097 test_mae: 0.1097
train: {'epoch': 309, 'time_epoch': 3.36295, 'eta': 510.78761, 'eta_hours': 0.14189, 'loss': 0.05735447, 'lr': 0.00038243, 'params': 220085, 'time_iter': 0.01356, 'mae': 0.05735, 'r2': 0.55914, 'spearmanr': 0.73845, 'mse': 0.0087, 'rmse': 0.0933}
val: {'epoch': 309, 'time_epoch': 0.30375, 'loss': 0.1252206, 'lr': 0, 'params': 220085, 'time_iter': 0.00573, 'mae': 0.12522, 'r2': -0.4208, 'spearmanr': 0.11818, 'mse': 0.0264, 'rmse': 0.16247}
test: {'epoch': 309, 'time_epoch': 0.17111, 'loss': 0.13783857, 'lr': 0, 'params': 220085, 'time_iter': 0.0059, 'mae': 0.13784, 'r2': -0.47452, 'spearmanr': 0.23361, 'mse': 0.02892, 'rmse': 0.17006}
> Epoch 309: took 3.8s (avg 3.1s) | Best so far: epoch 55	train_loss: 0.1054 train_mae: 0.1054	val_loss: 0.1114 val_mae: 0.1114	test_loss: 0.1097 test_mae: 0.1097
train: {'epoch': 310, 'time_epoch': 3.10505, 'eta': 508.35249, 'eta_hours': 0.14121, 'loss': 0.05775978, 'lr': 0.00037904, 'params': 220085, 'time_iter': 0.01252, 'mae': 0.05776, 'r2': 0.55489, 'spearmanr': 0.73802, 'mse': 0.00879, 'rmse': 0.09375}
val: {'epoch': 310, 'time_epoch': 0.27325, 'loss': 0.12416745, 'lr': 0, 'params': 220085, 'time_iter': 0.00516, 'mae': 0.12417, 'r2': -0.39722, 'spearmanr': 0.11885, 'mse': 0.02596, 'rmse': 0.16112}
test: {'epoch': 310, 'time_epoch': 0.14459, 'loss': 0.12300043, 'lr': 0, 'params': 220085, 'time_iter': 0.00499, 'mae': 0.123, 'r2': -0.18547, 'spearmanr': 0.28048, 'mse': 0.02325, 'rmse': 0.15249}
> Epoch 310: took 3.5s (avg 3.1s) | Best so far: epoch 55	train_loss: 0.1054 train_mae: 0.1054	val_loss: 0.1114 val_mae: 0.1114	test_loss: 0.1097 test_mae: 0.1097
train: {'epoch': 311, 'time_epoch': 2.89496, 'eta': 505.78648, 'eta_hours': 0.1405, 'loss': 0.05706128, 'lr': 0.00037566, 'params': 220085, 'time_iter': 0.01167, 'mae': 0.05706, 'r2': 0.56429, 'spearmanr': 0.74527, 'mse': 0.0086, 'rmse': 0.09275}
val: {'epoch': 311, 'time_epoch': 0.27134, 'loss': 0.12502076, 'lr': 0, 'params': 220085, 'time_iter': 0.00512, 'mae': 0.12502, 'r2': -0.41985, 'spearmanr': 0.10427, 'mse': 0.02638, 'rmse': 0.16242}
test: {'epoch': 311, 'time_epoch': 0.14556, 'loss': 0.12279765, 'lr': 0, 'params': 220085, 'time_iter': 0.00502, 'mae': 0.1228, 'r2': -0.21671, 'spearmanr': 0.27939, 'mse': 0.02386, 'rmse': 0.15448}
> Epoch 311: took 3.3s (avg 3.1s) | Best so far: epoch 55	train_loss: 0.1054 train_mae: 0.1054	val_loss: 0.1114 val_mae: 0.1114	test_loss: 0.1097 test_mae: 0.1097
train: {'epoch': 312, 'time_epoch': 2.73651, 'eta': 503.1237, 'eta_hours': 0.13976, 'loss': 0.05732576, 'lr': 0.00037228, 'params': 220085, 'time_iter': 0.01103, 'mae': 0.05733, 'r2': 0.56035, 'spearmanr': 0.74033, 'mse': 0.00868, 'rmse': 0.09317}
val: {'epoch': 312, 'time_epoch': 0.25034, 'loss': 0.12662717, 'lr': 0, 'params': 220085, 'time_iter': 0.00472, 'mae': 0.12663, 'r2': -0.45046, 'spearmanr': 0.12354, 'mse': 0.02695, 'rmse': 0.16416}
test: {'epoch': 312, 'time_epoch': 0.14392, 'loss': 0.13072881, 'lr': 0, 'params': 220085, 'time_iter': 0.00496, 'mae': 0.13073, 'r2': -0.33901, 'spearmanr': 0.22555, 'mse': 0.02626, 'rmse': 0.16206}
> Epoch 312: took 3.1s (avg 3.1s) | Best so far: epoch 55	train_loss: 0.1054 train_mae: 0.1054	val_loss: 0.1114 val_mae: 0.1114	test_loss: 0.1097 test_mae: 0.1097
train: {'epoch': 313, 'time_epoch': 2.7406, 'eta': 500.46288, 'eta_hours': 0.13902, 'loss': 0.05641204, 'lr': 0.00036891, 'params': 220085, 'time_iter': 0.01105, 'mae': 0.05641, 'r2': 0.57045, 'spearmanr': 0.74698, 'mse': 0.00848, 'rmse': 0.09209}
val: {'epoch': 313, 'time_epoch': 0.262, 'loss': 0.12700915, 'lr': 0, 'params': 220085, 'time_iter': 0.00494, 'mae': 0.12701, 'r2': -0.46829, 'spearmanr': 0.10043, 'mse': 0.02728, 'rmse': 0.16517}
test: {'epoch': 313, 'time_epoch': 0.15003, 'loss': 0.13789559, 'lr': 0, 'params': 220085, 'time_iter': 0.00517, 'mae': 0.1379, 'r2': -0.48371, 'spearmanr': 0.2317, 'mse': 0.0291, 'rmse': 0.17059}
> Epoch 313: took 3.2s (avg 3.1s) | Best so far: epoch 55	train_loss: 0.1054 train_mae: 0.1054	val_loss: 0.1114 val_mae: 0.1114	test_loss: 0.1097 test_mae: 0.1097
train: {'epoch': 314, 'time_epoch': 2.81085, 'eta': 497.8428, 'eta_hours': 0.13829, 'loss': 0.05611499, 'lr': 0.00036554, 'params': 220085, 'time_iter': 0.01133, 'mae': 0.05611, 'r2': 0.57294, 'spearmanr': 0.74857, 'mse': 0.00843, 'rmse': 0.09183}
val: {'epoch': 314, 'time_epoch': 0.25778, 'loss': 0.12514556, 'lr': 0, 'params': 220085, 'time_iter': 0.00486, 'mae': 0.12515, 'r2': -0.41186, 'spearmanr': 0.11394, 'mse': 0.02623, 'rmse': 0.16196}
test: {'epoch': 314, 'time_epoch': 0.1356, 'loss': 0.13643685, 'lr': 0, 'params': 220085, 'time_iter': 0.00468, 'mae': 0.13644, 'r2': -0.42402, 'spearmanr': 0.21115, 'mse': 0.02793, 'rmse': 0.16713}
> Epoch 314: took 3.2s (avg 3.1s) | Best so far: epoch 55	train_loss: 0.1054 train_mae: 0.1054	val_loss: 0.1114 val_mae: 0.1114	test_loss: 0.1097 test_mae: 0.1097
train: {'epoch': 315, 'time_epoch': 2.6743, 'eta': 495.14201, 'eta_hours': 0.13754, 'loss': 0.0567094, 'lr': 0.00036218, 'params': 220085, 'time_iter': 0.01078, 'mae': 0.05671, 'r2': 0.5674, 'spearmanr': 0.74644, 'mse': 0.00854, 'rmse': 0.09242}
val: {'epoch': 315, 'time_epoch': 0.26423, 'loss': 0.12505224, 'lr': 0, 'params': 220085, 'time_iter': 0.00499, 'mae': 0.12505, 'r2': -0.4023, 'spearmanr': 0.10994, 'mse': 0.02605, 'rmse': 0.16141}
test: {'epoch': 315, 'time_epoch': 0.14868, 'loss': 0.13827146, 'lr': 0, 'params': 220085, 'time_iter': 0.00513, 'mae': 0.13827, 'r2': -0.46667, 'spearmanr': 0.21912, 'mse': 0.02877, 'rmse': 0.16961}
> Epoch 315: took 3.1s (avg 3.1s) | Best so far: epoch 55	train_loss: 0.1054 train_mae: 0.1054	val_loss: 0.1114 val_mae: 0.1114	test_loss: 0.1097 test_mae: 0.1097
train: {'epoch': 316, 'time_epoch': 2.83385, 'eta': 492.53349, 'eta_hours': 0.13681, 'loss': 0.05675675, 'lr': 0.00035883, 'params': 220085, 'time_iter': 0.01143, 'mae': 0.05676, 'r2': 0.56535, 'spearmanr': 0.74335, 'mse': 0.00858, 'rmse': 0.09264}
val: {'epoch': 316, 'time_epoch': 0.24711, 'loss': 0.12085287, 'lr': 0, 'params': 220085, 'time_iter': 0.00466, 'mae': 0.12085, 'r2': -0.29998, 'spearmanr': 0.11841, 'mse': 0.02415, 'rmse': 0.15541}
test: {'epoch': 316, 'time_epoch': 0.13668, 'loss': 0.1289015, 'lr': 0, 'params': 220085, 'time_iter': 0.00471, 'mae': 0.1289, 'r2': -0.27495, 'spearmanr': 0.23428, 'mse': 0.02501, 'rmse': 0.15814}
> Epoch 316: took 3.2s (avg 3.1s) | Best so far: epoch 55	train_loss: 0.1054 train_mae: 0.1054	val_loss: 0.1114 val_mae: 0.1114	test_loss: 0.1097 test_mae: 0.1097
train: {'epoch': 317, 'time_epoch': 2.68222, 'eta': 489.83678, 'eta_hours': 0.13607, 'loss': 0.0558353, 'lr': 0.00035548, 'params': 220085, 'time_iter': 0.01082, 'mae': 0.05584, 'r2': 0.57674, 'spearmanr': 0.75068, 'mse': 0.00836, 'rmse': 0.09142}
val: {'epoch': 317, 'time_epoch': 0.27047, 'loss': 0.12526967, 'lr': 0, 'params': 220085, 'time_iter': 0.0051, 'mae': 0.12527, 'r2': -0.43847, 'spearmanr': 0.12248, 'mse': 0.02673, 'rmse': 0.16348}
test: {'epoch': 317, 'time_epoch': 0.14023, 'loss': 0.13202926, 'lr': 0, 'params': 220085, 'time_iter': 0.00484, 'mae': 0.13203, 'r2': -0.40043, 'spearmanr': 0.24279, 'mse': 0.02747, 'rmse': 0.16574}
> Epoch 317: took 3.1s (avg 3.1s) | Best so far: epoch 55	train_loss: 0.1054 train_mae: 0.1054	val_loss: 0.1114 val_mae: 0.1114	test_loss: 0.1097 test_mae: 0.1097
train: {'epoch': 318, 'time_epoch': 2.73435, 'eta': 487.16973, 'eta_hours': 0.13532, 'loss': 0.05578747, 'lr': 0.00035215, 'params': 220085, 'time_iter': 0.01103, 'mae': 0.05579, 'r2': 0.576, 'spearmanr': 0.75095, 'mse': 0.00837, 'rmse': 0.0915}
val: {'epoch': 318, 'time_epoch': 0.2573, 'loss': 0.12603918, 'lr': 0, 'params': 220085, 'time_iter': 0.00485, 'mae': 0.12604, 'r2': -0.46355, 'spearmanr': 0.13097, 'mse': 0.02719, 'rmse': 0.1649}
test: {'epoch': 318, 'time_epoch': 0.13903, 'loss': 0.13666059, 'lr': 0, 'params': 220085, 'time_iter': 0.00479, 'mae': 0.13666, 'r2': -0.44416, 'spearmanr': 0.22718, 'mse': 0.02833, 'rmse': 0.1683}
> Epoch 318: took 3.1s (avg 3.1s) | Best so far: epoch 55	train_loss: 0.1054 train_mae: 0.1054	val_loss: 0.1114 val_mae: 0.1114	test_loss: 0.1097 test_mae: 0.1097
train: {'epoch': 319, 'time_epoch': 2.73156, 'eta': 484.50069, 'eta_hours': 0.13458, 'loss': 0.0555924, 'lr': 0.00034882, 'params': 220085, 'time_iter': 0.01101, 'mae': 0.05559, 'r2': 0.57708, 'spearmanr': 0.75316, 'mse': 0.00835, 'rmse': 0.09138}
val: {'epoch': 319, 'time_epoch': 0.25097, 'loss': 0.12486096, 'lr': 0, 'params': 220085, 'time_iter': 0.00474, 'mae': 0.12486, 'r2': -0.42782, 'spearmanr': 0.13203, 'mse': 0.02653, 'rmse': 0.16287}
test: {'epoch': 319, 'time_epoch': 0.14474, 'loss': 0.13042491, 'lr': 0, 'params': 220085, 'time_iter': 0.00499, 'mae': 0.13042, 'r2': -0.3231, 'spearmanr': 0.21747, 'mse': 0.02595, 'rmse': 0.16109}
> Epoch 319: took 3.1s (avg 3.1s) | Best so far: epoch 55	train_loss: 0.1054 train_mae: 0.1054	val_loss: 0.1114 val_mae: 0.1114	test_loss: 0.1097 test_mae: 0.1097
train: {'epoch': 320, 'time_epoch': 2.71776, 'eta': 481.82357, 'eta_hours': 0.13384, 'loss': 0.0561577, 'lr': 0.00034549, 'params': 220085, 'time_iter': 0.01096, 'mae': 0.05616, 'r2': 0.57291, 'spearmanr': 0.74606, 'mse': 0.00843, 'rmse': 0.09183}
val: {'epoch': 320, 'time_epoch': 0.25638, 'loss': 0.12482643, 'lr': 0, 'params': 220085, 'time_iter': 0.00484, 'mae': 0.12483, 'r2': -0.4333, 'spearmanr': 0.12511, 'mse': 0.02663, 'rmse': 0.16319}
test: {'epoch': 320, 'time_epoch': 0.13823, 'loss': 0.13337352, 'lr': 0, 'params': 220085, 'time_iter': 0.00477, 'mae': 0.13337, 'r2': -0.38139, 'spearmanr': 0.23509, 'mse': 0.02709, 'rmse': 0.16461}
> Epoch 320: took 3.1s (avg 3.1s) | Best so far: epoch 55	train_loss: 0.1054 train_mae: 0.1054	val_loss: 0.1114 val_mae: 0.1114	test_loss: 0.1097 test_mae: 0.1097
train: {'epoch': 321, 'time_epoch': 2.69978, 'eta': 479.13626, 'eta_hours': 0.13309, 'loss': 0.05569976, 'lr': 0.00034218, 'params': 220085, 'time_iter': 0.01089, 'mae': 0.0557, 'r2': 0.57765, 'spearmanr': 0.74942, 'mse': 0.00834, 'rmse': 0.09132}
val: {'epoch': 321, 'time_epoch': 0.26854, 'loss': 0.12550753, 'lr': 0, 'params': 220085, 'time_iter': 0.00507, 'mae': 0.12551, 'r2': -0.42596, 'spearmanr': 0.11428, 'mse': 0.02649, 'rmse': 0.16277}
test: {'epoch': 321, 'time_epoch': 0.14323, 'loss': 0.12786025, 'lr': 0, 'params': 220085, 'time_iter': 0.00494, 'mae': 0.12786, 'r2': -0.28396, 'spearmanr': 0.25574, 'mse': 0.02518, 'rmse': 0.15869}
> Epoch 321: took 3.1s (avg 3.1s) | Best so far: epoch 55	train_loss: 0.1054 train_mae: 0.1054	val_loss: 0.1114 val_mae: 0.1114	test_loss: 0.1097 test_mae: 0.1097
train: {'epoch': 322, 'time_epoch': 2.82987, 'eta': 476.52016, 'eta_hours': 0.13237, 'loss': 0.05577136, 'lr': 0.00033887, 'params': 220085, 'time_iter': 0.01141, 'mae': 0.05577, 'r2': 0.57719, 'spearmanr': 0.75184, 'mse': 0.00835, 'rmse': 0.09137}
val: {'epoch': 322, 'time_epoch': 0.26382, 'loss': 0.12235236, 'lr': 0, 'params': 220085, 'time_iter': 0.00498, 'mae': 0.12235, 'r2': -0.3187, 'spearmanr': 0.10843, 'mse': 0.0245, 'rmse': 0.15653}
test: {'epoch': 322, 'time_epoch': 0.14745, 'loss': 0.13285733, 'lr': 0, 'params': 220085, 'time_iter': 0.00508, 'mae': 0.13286, 'r2': -0.34914, 'spearmanr': 0.24203, 'mse': 0.02646, 'rmse': 0.16267}
> Epoch 322: took 3.3s (avg 3.1s) | Best so far: epoch 55	train_loss: 0.1054 train_mae: 0.1054	val_loss: 0.1114 val_mae: 0.1114	test_loss: 0.1097 test_mae: 0.1097
train: {'epoch': 323, 'time_epoch': 2.78254, 'eta': 473.87702, 'eta_hours': 0.13163, 'loss': 0.05532884, 'lr': 0.00033557, 'params': 220085, 'time_iter': 0.01122, 'mae': 0.05533, 'r2': 0.57833, 'spearmanr': 0.75177, 'mse': 0.00833, 'rmse': 0.09125}
val: {'epoch': 323, 'time_epoch': 0.24932, 'loss': 0.12380899, 'lr': 0, 'params': 220085, 'time_iter': 0.0047, 'mae': 0.12381, 'r2': -0.38724, 'spearmanr': 0.11635, 'mse': 0.02577, 'rmse': 0.16054}
test: {'epoch': 323, 'time_epoch': 0.14118, 'loss': 0.1258124, 'lr': 0, 'params': 220085, 'time_iter': 0.00487, 'mae': 0.12581, 'r2': -0.22676, 'spearmanr': 0.26349, 'mse': 0.02406, 'rmse': 0.15512}
> Epoch 323: took 3.2s (avg 3.1s) | Best so far: epoch 55	train_loss: 0.1054 train_mae: 0.1054	val_loss: 0.1114 val_mae: 0.1114	test_loss: 0.1097 test_mae: 0.1097
train: {'epoch': 324, 'time_epoch': 2.81804, 'eta': 471.25215, 'eta_hours': 0.1309, 'loss': 0.05536095, 'lr': 0.00033227, 'params': 220085, 'time_iter': 0.01136, 'mae': 0.05536, 'r2': 0.57781, 'spearmanr': 0.75118, 'mse': 0.00834, 'rmse': 0.0913}
val: {'epoch': 324, 'time_epoch': 0.25019, 'loss': 0.12809036, 'lr': 0, 'params': 220085, 'time_iter': 0.00472, 'mae': 0.12809, 'r2': -0.50593, 'spearmanr': 0.1171, 'mse': 0.02798, 'rmse': 0.16727}
test: {'epoch': 324, 'time_epoch': 0.13624, 'loss': 0.13921887, 'lr': 0, 'params': 220085, 'time_iter': 0.0047, 'mae': 0.13922, 'r2': -0.47056, 'spearmanr': 0.21634, 'mse': 0.02884, 'rmse': 0.16984}
> Epoch 324: took 3.2s (avg 3.1s) | Best so far: epoch 55	train_loss: 0.1054 train_mae: 0.1054	val_loss: 0.1114 val_mae: 0.1114	test_loss: 0.1097 test_mae: 0.1097
train: {'epoch': 325, 'time_epoch': 2.66668, 'eta': 468.5453, 'eta_hours': 0.13015, 'loss': 0.05526917, 'lr': 0.00032899, 'params': 220085, 'time_iter': 0.01075, 'mae': 0.05527, 'r2': 0.57866, 'spearmanr': 0.75149, 'mse': 0.00832, 'rmse': 0.09121}
val: {'epoch': 325, 'time_epoch': 0.28667, 'loss': 0.12529004, 'lr': 0, 'params': 220085, 'time_iter': 0.00541, 'mae': 0.12529, 'r2': -0.4157, 'spearmanr': 0.11833, 'mse': 0.0263, 'rmse': 0.16218}
test: {'epoch': 325, 'time_epoch': 0.15986, 'loss': 0.13280531, 'lr': 0, 'params': 220085, 'time_iter': 0.00551, 'mae': 0.13281, 'r2': -0.35941, 'spearmanr': 0.24227, 'mse': 0.02666, 'rmse': 0.16329}
> Epoch 325: took 3.1s (avg 3.1s) | Best so far: epoch 55	train_loss: 0.1054 train_mae: 0.1054	val_loss: 0.1114 val_mae: 0.1114	test_loss: 0.1097 test_mae: 0.1097
train: {'epoch': 326, 'time_epoch': 2.69975, 'eta': 465.8562, 'eta_hours': 0.1294, 'loss': 0.0553656, 'lr': 0.00032571, 'params': 220085, 'time_iter': 0.01089, 'mae': 0.05537, 'r2': 0.57472, 'spearmanr': 0.74902, 'mse': 0.0084, 'rmse': 0.09164}
val: {'epoch': 326, 'time_epoch': 0.26423, 'loss': 0.12512522, 'lr': 0, 'params': 220085, 'time_iter': 0.00499, 'mae': 0.12513, 'r2': -0.41932, 'spearmanr': 0.11725, 'mse': 0.02637, 'rmse': 0.16239}
test: {'epoch': 326, 'time_epoch': 0.1495, 'loss': 0.12608121, 'lr': 0, 'params': 220085, 'time_iter': 0.00516, 'mae': 0.12608, 'r2': -0.22372, 'spearmanr': 0.26618, 'mse': 0.024, 'rmse': 0.15493}
> Epoch 326: took 3.1s (avg 3.1s) | Best so far: epoch 55	train_loss: 0.1054 train_mae: 0.1054	val_loss: 0.1114 val_mae: 0.1114	test_loss: 0.1097 test_mae: 0.1097
train: {'epoch': 327, 'time_epoch': 2.67705, 'eta': 463.15512, 'eta_hours': 0.12865, 'loss': 0.05476915, 'lr': 0.00032245, 'params': 220085, 'time_iter': 0.01079, 'mae': 0.05477, 'r2': 0.58095, 'spearmanr': 0.75384, 'mse': 0.00827, 'rmse': 0.09096}
val: {'epoch': 327, 'time_epoch': 0.25211, 'loss': 0.12524974, 'lr': 0, 'params': 220085, 'time_iter': 0.00476, 'mae': 0.12525, 'r2': -0.4378, 'spearmanr': 0.12731, 'mse': 0.02671, 'rmse': 0.16344}
test: {'epoch': 327, 'time_epoch': 0.14162, 'loss': 0.13834412, 'lr': 0, 'params': 220085, 'time_iter': 0.00488, 'mae': 0.13834, 'r2': -0.45258, 'spearmanr': 0.24836, 'mse': 0.02849, 'rmse': 0.16879}
> Epoch 327: took 3.1s (avg 3.1s) | Best so far: epoch 55	train_loss: 0.1054 train_mae: 0.1054	val_loss: 0.1114 val_mae: 0.1114	test_loss: 0.1097 test_mae: 0.1097
train: {'epoch': 328, 'time_epoch': 2.71534, 'eta': 460.4741, 'eta_hours': 0.12791, 'loss': 0.05493985, 'lr': 0.00031919, 'params': 220085, 'time_iter': 0.01095, 'mae': 0.05494, 'r2': 0.58014, 'spearmanr': 0.75131, 'mse': 0.00829, 'rmse': 0.09105}
val: {'epoch': 328, 'time_epoch': 0.26155, 'loss': 0.12629163, 'lr': 0, 'params': 220085, 'time_iter': 0.00493, 'mae': 0.12629, 'r2': -0.42934, 'spearmanr': 0.1077, 'mse': 0.02656, 'rmse': 0.16296}
test: {'epoch': 328, 'time_epoch': 0.14466, 'loss': 0.12851695, 'lr': 0, 'params': 220085, 'time_iter': 0.00499, 'mae': 0.12852, 'r2': -0.28089, 'spearmanr': 0.25451, 'mse': 0.02512, 'rmse': 0.1585}
> Epoch 328: took 3.1s (avg 3.1s) | Best so far: epoch 55	train_loss: 0.1054 train_mae: 0.1054	val_loss: 0.1114 val_mae: 0.1114	test_loss: 0.1097 test_mae: 0.1097
train: {'epoch': 329, 'time_epoch': 2.72993, 'eta': 457.80038, 'eta_hours': 0.12717, 'loss': 0.05446917, 'lr': 0.00031594, 'params': 220085, 'time_iter': 0.01101, 'mae': 0.05447, 'r2': 0.58345, 'spearmanr': 0.75629, 'mse': 0.00822, 'rmse': 0.09069}
val: {'epoch': 329, 'time_epoch': 0.25888, 'loss': 0.12655842, 'lr': 0, 'params': 220085, 'time_iter': 0.00488, 'mae': 0.12656, 'r2': -0.44935, 'spearmanr': 0.11175, 'mse': 0.02693, 'rmse': 0.1641}
test: {'epoch': 329, 'time_epoch': 0.1419, 'loss': 0.13096668, 'lr': 0, 'params': 220085, 'time_iter': 0.00489, 'mae': 0.13097, 'r2': -0.34559, 'spearmanr': 0.23741, 'mse': 0.02639, 'rmse': 0.16246}
> Epoch 329: took 3.1s (avg 3.1s) | Best so far: epoch 55	train_loss: 0.1054 train_mae: 0.1054	val_loss: 0.1114 val_mae: 0.1114	test_loss: 0.1097 test_mae: 0.1097
train: {'epoch': 330, 'time_epoch': 2.73306, 'eta': 455.12792, 'eta_hours': 0.12642, 'loss': 0.0550802, 'lr': 0.0003127, 'params': 220085, 'time_iter': 0.01102, 'mae': 0.05508, 'r2': 0.57759, 'spearmanr': 0.75138, 'mse': 0.00834, 'rmse': 0.09133}
val: {'epoch': 330, 'time_epoch': 0.25533, 'loss': 0.12417542, 'lr': 0, 'params': 220085, 'time_iter': 0.00482, 'mae': 0.12418, 'r2': -0.37897, 'spearmanr': 0.1121, 'mse': 0.02562, 'rmse': 0.16006}
test: {'epoch': 330, 'time_epoch': 0.14055, 'loss': 0.13276893, 'lr': 0, 'params': 220085, 'time_iter': 0.00485, 'mae': 0.13277, 'r2': -0.35449, 'spearmanr': 0.25503, 'mse': 0.02657, 'rmse': 0.16299}
> Epoch 330: took 3.1s (avg 3.1s) | Best so far: epoch 55	train_loss: 0.1054 train_mae: 0.1054	val_loss: 0.1114 val_mae: 0.1114	test_loss: 0.1097 test_mae: 0.1097
train: {'epoch': 331, 'time_epoch': 2.72909, 'eta': 452.45308, 'eta_hours': 0.12568, 'loss': 0.05395536, 'lr': 0.00030946, 'params': 220085, 'time_iter': 0.011, 'mae': 0.05396, 'r2': 0.58799, 'spearmanr': 0.75747, 'mse': 0.00814, 'rmse': 0.09019}
val: {'epoch': 331, 'time_epoch': 0.27288, 'loss': 0.12672437, 'lr': 0, 'params': 220085, 'time_iter': 0.00515, 'mae': 0.12672, 'r2': -0.45422, 'spearmanr': 0.11837, 'mse': 0.02702, 'rmse': 0.16437}
test: {'epoch': 331, 'time_epoch': 0.15044, 'loss': 0.14033858, 'lr': 0, 'params': 220085, 'time_iter': 0.00519, 'mae': 0.14034, 'r2': -0.50663, 'spearmanr': 0.21952, 'mse': 0.02955, 'rmse': 0.17191}
> Epoch 331: took 3.2s (avg 3.1s) | Best so far: epoch 55	train_loss: 0.1054 train_mae: 0.1054	val_loss: 0.1114 val_mae: 0.1114	test_loss: 0.1097 test_mae: 0.1097
train: {'epoch': 332, 'time_epoch': 2.70657, 'eta': 449.76663, 'eta_hours': 0.12494, 'loss': 0.05460127, 'lr': 0.00030624, 'params': 220085, 'time_iter': 0.01091, 'mae': 0.0546, 'r2': 0.58444, 'spearmanr': 0.7555, 'mse': 0.00821, 'rmse': 0.09058}
val: {'epoch': 332, 'time_epoch': 0.26129, 'loss': 0.12607537, 'lr': 0, 'params': 220085, 'time_iter': 0.00493, 'mae': 0.12608, 'r2': -0.43908, 'spearmanr': 0.11562, 'mse': 0.02674, 'rmse': 0.16351}
test: {'epoch': 332, 'time_epoch': 0.13611, 'loss': 0.12561664, 'lr': 0, 'params': 220085, 'time_iter': 0.00469, 'mae': 0.12562, 'r2': -0.26685, 'spearmanr': 0.25305, 'mse': 0.02485, 'rmse': 0.15763}
> Epoch 332: took 3.1s (avg 3.1s) | Best so far: epoch 55	train_loss: 0.1054 train_mae: 0.1054	val_loss: 0.1114 val_mae: 0.1114	test_loss: 0.1097 test_mae: 0.1097
train: {'epoch': 333, 'time_epoch': 2.73885, 'eta': 447.0961, 'eta_hours': 0.12419, 'loss': 0.05389827, 'lr': 0.00030303, 'params': 220085, 'time_iter': 0.01104, 'mae': 0.0539, 'r2': 0.59135, 'spearmanr': 0.75942, 'mse': 0.00807, 'rmse': 0.08983}
val: {'epoch': 333, 'time_epoch': 0.26242, 'loss': 0.1268869, 'lr': 0, 'params': 220085, 'time_iter': 0.00495, 'mae': 0.12689, 'r2': -0.45328, 'spearmanr': 0.1199, 'mse': 0.027, 'rmse': 0.16432}
test: {'epoch': 333, 'time_epoch': 0.142, 'loss': 0.13028731, 'lr': 0, 'params': 220085, 'time_iter': 0.0049, 'mae': 0.13029, 'r2': -0.33263, 'spearmanr': 0.24242, 'mse': 0.02614, 'rmse': 0.16167}
> Epoch 333: took 3.2s (avg 3.1s) | Best so far: epoch 55	train_loss: 0.1054 train_mae: 0.1054	val_loss: 0.1114 val_mae: 0.1114	test_loss: 0.1097 test_mae: 0.1097
train: {'epoch': 334, 'time_epoch': 2.66334, 'eta': 444.38796, 'eta_hours': 0.12344, 'loss': 0.05354196, 'lr': 0.00029983, 'params': 220085, 'time_iter': 0.01074, 'mae': 0.05354, 'r2': 0.59502, 'spearmanr': 0.75972, 'mse': 0.008, 'rmse': 0.08942}
val: {'epoch': 334, 'time_epoch': 0.25278, 'loss': 0.12859726, 'lr': 0, 'params': 220085, 'time_iter': 0.00477, 'mae': 0.1286, 'r2': -0.50189, 'spearmanr': 0.1147, 'mse': 0.0279, 'rmse': 0.16704}
test: {'epoch': 334, 'time_epoch': 0.13702, 'loss': 0.14082612, 'lr': 0, 'params': 220085, 'time_iter': 0.00472, 'mae': 0.14083, 'r2': -0.52601, 'spearmanr': 0.22372, 'mse': 0.02993, 'rmse': 0.17301}
> Epoch 334: took 3.1s (avg 3.1s) | Best so far: epoch 55	train_loss: 0.1054 train_mae: 0.1054	val_loss: 0.1114 val_mae: 0.1114	test_loss: 0.1097 test_mae: 0.1097
train: {'epoch': 335, 'time_epoch': 2.7085, 'eta': 441.70214, 'eta_hours': 0.1227, 'loss': 0.0542554, 'lr': 0.00029663, 'params': 220085, 'time_iter': 0.01092, 'mae': 0.05426, 'r2': 0.58779, 'spearmanr': 0.76097, 'mse': 0.00814, 'rmse': 0.09022}
val: {'epoch': 335, 'time_epoch': 0.26213, 'loss': 0.12660282, 'lr': 0, 'params': 220085, 'time_iter': 0.00495, 'mae': 0.1266, 'r2': -0.46307, 'spearmanr': 0.11678, 'mse': 0.02718, 'rmse': 0.16487}
test: {'epoch': 335, 'time_epoch': 0.14147, 'loss': 0.13746351, 'lr': 0, 'params': 220085, 'time_iter': 0.00488, 'mae': 0.13746, 'r2': -0.48, 'spearmanr': 0.2221, 'mse': 0.02903, 'rmse': 0.17038}
> Epoch 335: took 3.1s (avg 3.1s) | Best so far: epoch 55	train_loss: 0.1054 train_mae: 0.1054	val_loss: 0.1114 val_mae: 0.1114	test_loss: 0.1097 test_mae: 0.1097
train: {'epoch': 336, 'time_epoch': 2.71751, 'eta': 439.02055, 'eta_hours': 0.12195, 'loss': 0.05400405, 'lr': 0.00029345, 'params': 220085, 'time_iter': 0.01096, 'mae': 0.054, 'r2': 0.58893, 'spearmanr': 0.7587, 'mse': 0.00812, 'rmse': 0.09009}
val: {'epoch': 336, 'time_epoch': 0.2569, 'loss': 0.1262763, 'lr': 0, 'params': 220085, 'time_iter': 0.00485, 'mae': 0.12628, 'r2': -0.43637, 'spearmanr': 0.10888, 'mse': 0.02669, 'rmse': 0.16336}
test: {'epoch': 336, 'time_epoch': 0.14438, 'loss': 0.13079912, 'lr': 0, 'params': 220085, 'time_iter': 0.00498, 'mae': 0.1308, 'r2': -0.36799, 'spearmanr': 0.23187, 'mse': 0.02683, 'rmse': 0.16381}
> Epoch 336: took 3.1s (avg 3.1s) | Best so far: epoch 55	train_loss: 0.1054 train_mae: 0.1054	val_loss: 0.1114 val_mae: 0.1114	test_loss: 0.1097 test_mae: 0.1097
train: {'epoch': 337, 'time_epoch': 2.68783, 'eta': 436.32451, 'eta_hours': 0.1212, 'loss': 0.05383924, 'lr': 0.00029027, 'params': 220085, 'time_iter': 0.01084, 'mae': 0.05384, 'r2': 0.58654, 'spearmanr': 0.75978, 'mse': 0.00816, 'rmse': 0.09035}
val: {'epoch': 337, 'time_epoch': 0.25113, 'loss': 0.1264391, 'lr': 0, 'params': 220085, 'time_iter': 0.00474, 'mae': 0.12644, 'r2': -0.44498, 'spearmanr': 0.12175, 'mse': 0.02685, 'rmse': 0.16385}
test: {'epoch': 337, 'time_epoch': 0.14693, 'loss': 0.12471676, 'lr': 0, 'params': 220085, 'time_iter': 0.00507, 'mae': 0.12472, 'r2': -0.26307, 'spearmanr': 0.28076, 'mse': 0.02477, 'rmse': 0.1574}
> Epoch 337: took 3.1s (avg 3.1s) | Best so far: epoch 55	train_loss: 0.1054 train_mae: 0.1054	val_loss: 0.1114 val_mae: 0.1114	test_loss: 0.1097 test_mae: 0.1097
train: {'epoch': 338, 'time_epoch': 2.73997, 'eta': 433.65328, 'eta_hours': 0.12046, 'loss': 0.05356525, 'lr': 0.00028711, 'params': 220085, 'time_iter': 0.01105, 'mae': 0.05357, 'r2': 0.59644, 'spearmanr': 0.76255, 'mse': 0.00797, 'rmse': 0.08926}
val: {'epoch': 338, 'time_epoch': 0.25022, 'loss': 0.12713301, 'lr': 0, 'params': 220085, 'time_iter': 0.00472, 'mae': 0.12713, 'r2': -0.45858, 'spearmanr': 0.11282, 'mse': 0.0271, 'rmse': 0.16462}
test: {'epoch': 338, 'time_epoch': 0.13838, 'loss': 0.13376671, 'lr': 0, 'params': 220085, 'time_iter': 0.00477, 'mae': 0.13377, 'r2': -0.41016, 'spearmanr': 0.24358, 'mse': 0.02766, 'rmse': 0.16631}
> Epoch 338: took 3.1s (avg 3.1s) | Best so far: epoch 55	train_loss: 0.1054 train_mae: 0.1054	val_loss: 0.1114 val_mae: 0.1114	test_loss: 0.1097 test_mae: 0.1097
train: {'epoch': 339, 'time_epoch': 2.73751, 'eta': 430.98049, 'eta_hours': 0.11972, 'loss': 0.05403248, 'lr': 0.00028396, 'params': 220085, 'time_iter': 0.01104, 'mae': 0.05403, 'r2': 0.58818, 'spearmanr': 0.75847, 'mse': 0.00813, 'rmse': 0.09017}
val: {'epoch': 339, 'time_epoch': 0.27096, 'loss': 0.12560915, 'lr': 0, 'params': 220085, 'time_iter': 0.00511, 'mae': 0.12561, 'r2': -0.43315, 'spearmanr': 0.11917, 'mse': 0.02663, 'rmse': 0.16318}
test: {'epoch': 339, 'time_epoch': 0.14904, 'loss': 0.12935015, 'lr': 0, 'params': 220085, 'time_iter': 0.00514, 'mae': 0.12935, 'r2': -0.32666, 'spearmanr': 0.25439, 'mse': 0.02602, 'rmse': 0.16131}
> Epoch 339: took 3.2s (avg 3.1s) | Best so far: epoch 55	train_loss: 0.1054 train_mae: 0.1054	val_loss: 0.1114 val_mae: 0.1114	test_loss: 0.1097 test_mae: 0.1097
train: {'epoch': 340, 'time_epoch': 2.83951, 'eta': 428.35489, 'eta_hours': 0.11899, 'loss': 0.05394513, 'lr': 0.00028081, 'params': 220085, 'time_iter': 0.01145, 'mae': 0.05395, 'r2': 0.58693, 'spearmanr': 0.75874, 'mse': 0.00816, 'rmse': 0.09031}
val: {'epoch': 340, 'time_epoch': 0.27963, 'loss': 0.12754686, 'lr': 0, 'params': 220085, 'time_iter': 0.00528, 'mae': 0.12755, 'r2': -0.48416, 'spearmanr': 0.11552, 'mse': 0.02757, 'rmse': 0.16606}
test: {'epoch': 340, 'time_epoch': 0.14796, 'loss': 0.13178297, 'lr': 0, 'params': 220085, 'time_iter': 0.0051, 'mae': 0.13178, 'r2': -0.35242, 'spearmanr': 0.24293, 'mse': 0.02653, 'rmse': 0.16287}
> Epoch 340: took 3.3s (avg 3.1s) | Best so far: epoch 55	train_loss: 0.1054 train_mae: 0.1054	val_loss: 0.1114 val_mae: 0.1114	test_loss: 0.1097 test_mae: 0.1097
train: {'epoch': 341, 'time_epoch': 2.78143, 'eta': 425.7012, 'eta_hours': 0.11825, 'loss': 0.0529075, 'lr': 0.00027768, 'params': 220085, 'time_iter': 0.01122, 'mae': 0.05291, 'r2': 0.59801, 'spearmanr': 0.76677, 'mse': 0.00794, 'rmse': 0.08909}
val: {'epoch': 341, 'time_epoch': 0.24834, 'loss': 0.12467182, 'lr': 0, 'params': 220085, 'time_iter': 0.00469, 'mae': 0.12467, 'r2': -0.3952, 'spearmanr': 0.1172, 'mse': 0.02592, 'rmse': 0.161}
test: {'epoch': 341, 'time_epoch': 0.13744, 'loss': 0.13166586, 'lr': 0, 'params': 220085, 'time_iter': 0.00474, 'mae': 0.13167, 'r2': -0.35361, 'spearmanr': 0.25831, 'mse': 0.02655, 'rmse': 0.16294}
> Epoch 341: took 3.2s (avg 3.1s) | Best so far: epoch 55	train_loss: 0.1054 train_mae: 0.1054	val_loss: 0.1114 val_mae: 0.1114	test_loss: 0.1097 test_mae: 0.1097
train: {'epoch': 342, 'time_epoch': 2.91758, 'eta': 423.10909, 'eta_hours': 0.11753, 'loss': 0.05302433, 'lr': 0.00027456, 'params': 220085, 'time_iter': 0.01176, 'mae': 0.05302, 'r2': 0.59908, 'spearmanr': 0.76563, 'mse': 0.00792, 'rmse': 0.08897}
val: {'epoch': 342, 'time_epoch': 0.33325, 'loss': 0.12515511, 'lr': 0, 'params': 220085, 'time_iter': 0.00629, 'mae': 0.12516, 'r2': -0.41004, 'spearmanr': 0.12674, 'mse': 0.0262, 'rmse': 0.16186}
test: {'epoch': 342, 'time_epoch': 0.15727, 'loss': 0.13112183, 'lr': 0, 'params': 220085, 'time_iter': 0.00542, 'mae': 0.13112, 'r2': -0.36897, 'spearmanr': 0.25068, 'mse': 0.02685, 'rmse': 0.16386}
> Epoch 342: took 3.4s (avg 3.1s) | Best so far: epoch 55	train_loss: 0.1054 train_mae: 0.1054	val_loss: 0.1114 val_mae: 0.1114	test_loss: 0.1097 test_mae: 0.1097
train: {'epoch': 343, 'time_epoch': 3.12623, 'eta': 420.6097, 'eta_hours': 0.11684, 'loss': 0.05311665, 'lr': 0.00027145, 'params': 220085, 'time_iter': 0.01261, 'mae': 0.05312, 'r2': 0.59906, 'spearmanr': 0.76532, 'mse': 0.00792, 'rmse': 0.08897}
val: {'epoch': 343, 'time_epoch': 0.25407, 'loss': 0.12425109, 'lr': 0, 'params': 220085, 'time_iter': 0.00479, 'mae': 0.12425, 'r2': -0.39058, 'spearmanr': 0.1067, 'mse': 0.02584, 'rmse': 0.16074}
test: {'epoch': 343, 'time_epoch': 0.14285, 'loss': 0.12788244, 'lr': 0, 'params': 220085, 'time_iter': 0.00493, 'mae': 0.12788, 'r2': -0.27948, 'spearmanr': 0.26524, 'mse': 0.0251, 'rmse': 0.15842}
> Epoch 343: took 3.5s (avg 3.1s) | Best so far: epoch 55	train_loss: 0.1054 train_mae: 0.1054	val_loss: 0.1114 val_mae: 0.1114	test_loss: 0.1097 test_mae: 0.1097
train: {'epoch': 344, 'time_epoch': 2.9429, 'eta': 418.02431, 'eta_hours': 0.11612, 'loss': 0.0529514, 'lr': 0.00026835, 'params': 220085, 'time_iter': 0.01187, 'mae': 0.05295, 'r2': 0.59718, 'spearmanr': 0.76416, 'mse': 0.00795, 'rmse': 0.08918}
val: {'epoch': 344, 'time_epoch': 0.27336, 'loss': 0.12526772, 'lr': 0, 'params': 220085, 'time_iter': 0.00516, 'mae': 0.12527, 'r2': -0.41801, 'spearmanr': 0.11605, 'mse': 0.02635, 'rmse': 0.16231}
test: {'epoch': 344, 'time_epoch': 0.14758, 'loss': 0.12987018, 'lr': 0, 'params': 220085, 'time_iter': 0.00509, 'mae': 0.12987, 'r2': -0.33018, 'spearmanr': 0.24104, 'mse': 0.02609, 'rmse': 0.16153}
> Epoch 344: took 3.4s (avg 3.1s) | Best so far: epoch 55	train_loss: 0.1054 train_mae: 0.1054	val_loss: 0.1114 val_mae: 0.1114	test_loss: 0.1097 test_mae: 0.1097
train: {'epoch': 345, 'time_epoch': 2.84387, 'eta': 415.39278, 'eta_hours': 0.11539, 'loss': 0.05270746, 'lr': 0.00026526, 'params': 220085, 'time_iter': 0.01147, 'mae': 0.05271, 'r2': 0.6016, 'spearmanr': 0.76865, 'mse': 0.00787, 'rmse': 0.08869}
val: {'epoch': 345, 'time_epoch': 0.25654, 'loss': 0.12499031, 'lr': 0, 'params': 220085, 'time_iter': 0.00484, 'mae': 0.12499, 'r2': -0.40398, 'spearmanr': 0.11916, 'mse': 0.02608, 'rmse': 0.16151}
test: {'epoch': 345, 'time_epoch': 0.15405, 'loss': 0.12871058, 'lr': 0, 'params': 220085, 'time_iter': 0.00531, 'mae': 0.12871, 'r2': -0.32496, 'spearmanr': 0.24516, 'mse': 0.02599, 'rmse': 0.16121}
> Epoch 345: took 3.3s (avg 3.1s) | Best so far: epoch 55	train_loss: 0.1054 train_mae: 0.1054	val_loss: 0.1114 val_mae: 0.1114	test_loss: 0.1097 test_mae: 0.1097
train: {'epoch': 346, 'time_epoch': 2.78415, 'eta': 412.7337, 'eta_hours': 0.11465, 'loss': 0.05236238, 'lr': 0.00026219, 'params': 220085, 'time_iter': 0.01123, 'mae': 0.05236, 'r2': 0.6094, 'spearmanr': 0.77007, 'mse': 0.00771, 'rmse': 0.08782}
val: {'epoch': 346, 'time_epoch': 0.25319, 'loss': 0.12691835, 'lr': 0, 'params': 220085, 'time_iter': 0.00478, 'mae': 0.12692, 'r2': -0.4728, 'spearmanr': 0.11341, 'mse': 0.02736, 'rmse': 0.16542}
test: {'epoch': 346, 'time_epoch': 0.1365, 'loss': 0.1335242, 'lr': 0, 'params': 220085, 'time_iter': 0.00471, 'mae': 0.13352, 'r2': -0.38793, 'spearmanr': 0.23049, 'mse': 0.02722, 'rmse': 0.16499}
> Epoch 346: took 3.2s (avg 3.1s) | Best so far: epoch 55	train_loss: 0.1054 train_mae: 0.1054	val_loss: 0.1114 val_mae: 0.1114	test_loss: 0.1097 test_mae: 0.1097
train: {'epoch': 347, 'time_epoch': 2.76623, 'eta': 410.06607, 'eta_hours': 0.11391, 'loss': 0.05266787, 'lr': 0.00025912, 'params': 220085, 'time_iter': 0.01115, 'mae': 0.05267, 'r2': 0.60532, 'spearmanr': 0.76976, 'mse': 0.00779, 'rmse': 0.08828}
val: {'epoch': 347, 'time_epoch': 0.25299, 'loss': 0.12578842, 'lr': 0, 'params': 220085, 'time_iter': 0.00477, 'mae': 0.12579, 'r2': -0.44053, 'spearmanr': 0.11453, 'mse': 0.02676, 'rmse': 0.1636}
test: {'epoch': 347, 'time_epoch': 0.13782, 'loss': 0.13057532, 'lr': 0, 'params': 220085, 'time_iter': 0.00475, 'mae': 0.13058, 'r2': -0.32952, 'spearmanr': 0.25822, 'mse': 0.02608, 'rmse': 0.16149}
> Epoch 347: took 3.2s (avg 3.1s) | Best so far: epoch 55	train_loss: 0.1054 train_mae: 0.1054	val_loss: 0.1114 val_mae: 0.1114	test_loss: 0.1097 test_mae: 0.1097
train: {'epoch': 348, 'time_epoch': 2.69291, 'eta': 407.36615, 'eta_hours': 0.11316, 'loss': 0.05226166, 'lr': 0.00025607, 'params': 220085, 'time_iter': 0.01086, 'mae': 0.05226, 'r2': 0.613, 'spearmanr': 0.77678, 'mse': 0.00764, 'rmse': 0.08741}
val: {'epoch': 348, 'time_epoch': 0.24787, 'loss': 0.12599039, 'lr': 0, 'params': 220085, 'time_iter': 0.00468, 'mae': 0.12599, 'r2': -0.43413, 'spearmanr': 0.11835, 'mse': 0.02664, 'rmse': 0.16323}
test: {'epoch': 348, 'time_epoch': 0.13569, 'loss': 0.13328955, 'lr': 0, 'params': 220085, 'time_iter': 0.00468, 'mae': 0.13329, 'r2': -0.39534, 'spearmanr': 0.23471, 'mse': 0.02737, 'rmse': 0.16543}
> Epoch 348: took 3.1s (avg 3.1s) | Best so far: epoch 55	train_loss: 0.1054 train_mae: 0.1054	val_loss: 0.1114 val_mae: 0.1114	test_loss: 0.1097 test_mae: 0.1097
train: {'epoch': 349, 'time_epoch': 2.62625, 'eta': 404.6377, 'eta_hours': 0.1124, 'loss': 0.05230958, 'lr': 0.00025303, 'params': 220085, 'time_iter': 0.01059, 'mae': 0.05231, 'r2': 0.61147, 'spearmanr': 0.77285, 'mse': 0.00767, 'rmse': 0.08759}
val: {'epoch': 349, 'time_epoch': 0.24725, 'loss': 0.12586798, 'lr': 0, 'params': 220085, 'time_iter': 0.00467, 'mae': 0.12587, 'r2': -0.45037, 'spearmanr': 0.12618, 'mse': 0.02695, 'rmse': 0.16415}
test: {'epoch': 349, 'time_epoch': 0.13437, 'loss': 0.13137556, 'lr': 0, 'params': 220085, 'time_iter': 0.00463, 'mae': 0.13138, 'r2': -0.36487, 'spearmanr': 0.25519, 'mse': 0.02677, 'rmse': 0.16362}
> Epoch 349: took 3.0s (avg 3.1s) | Best so far: epoch 55	train_loss: 0.1054 train_mae: 0.1054	val_loss: 0.1114 val_mae: 0.1114	test_loss: 0.1097 test_mae: 0.1097
train: {'epoch': 350, 'time_epoch': 2.56684, 'eta': 401.88461, 'eta_hours': 0.11163, 'loss': 0.05225716, 'lr': 0.00025, 'params': 220085, 'time_iter': 0.01035, 'mae': 0.05226, 'r2': 0.6091, 'spearmanr': 0.77046, 'mse': 0.00772, 'rmse': 0.08785}
val: {'epoch': 350, 'time_epoch': 0.24731, 'loss': 0.12774009, 'lr': 0, 'params': 220085, 'time_iter': 0.00467, 'mae': 0.12774, 'r2': -0.48008, 'spearmanr': 0.12319, 'mse': 0.0275, 'rmse': 0.16583}
test: {'epoch': 350, 'time_epoch': 0.1356, 'loss': 0.13147698, 'lr': 0, 'params': 220085, 'time_iter': 0.00468, 'mae': 0.13148, 'r2': -0.34031, 'spearmanr': 0.24289, 'mse': 0.02629, 'rmse': 0.16214}
> Epoch 350: took 3.0s (avg 3.1s) | Best so far: epoch 55	train_loss: 0.1054 train_mae: 0.1054	val_loss: 0.1114 val_mae: 0.1114	test_loss: 0.1097 test_mae: 0.1097
train: {'epoch': 351, 'time_epoch': 2.57546, 'eta': 399.13621, 'eta_hours': 0.11087, 'loss': 0.0520854, 'lr': 0.00024698, 'params': 220085, 'time_iter': 0.01038, 'mae': 0.05209, 'r2': 0.60952, 'spearmanr': 0.77166, 'mse': 0.00771, 'rmse': 0.08781}
val: {'epoch': 351, 'time_epoch': 0.24501, 'loss': 0.12625018, 'lr': 0, 'params': 220085, 'time_iter': 0.00462, 'mae': 0.12625, 'r2': -0.45363, 'spearmanr': 0.12744, 'mse': 0.02701, 'rmse': 0.16434}
test: {'epoch': 351, 'time_epoch': 0.13711, 'loss': 0.13482627, 'lr': 0, 'params': 220085, 'time_iter': 0.00473, 'mae': 0.13483, 'r2': -0.4172, 'spearmanr': 0.24617, 'mse': 0.0278, 'rmse': 0.16673}
> Epoch 351: took 3.0s (avg 3.1s) | Best so far: epoch 55	train_loss: 0.1054 train_mae: 0.1054	val_loss: 0.1114 val_mae: 0.1114	test_loss: 0.1097 test_mae: 0.1097
train: {'epoch': 352, 'time_epoch': 2.56959, 'eta': 396.38634, 'eta_hours': 0.11011, 'loss': 0.05244459, 'lr': 0.00024398, 'params': 220085, 'time_iter': 0.01036, 'mae': 0.05244, 'r2': 0.6088, 'spearmanr': 0.77352, 'mse': 0.00772, 'rmse': 0.08789}
val: {'epoch': 352, 'time_epoch': 0.25568, 'loss': 0.12419097, 'lr': 0, 'params': 220085, 'time_iter': 0.00482, 'mae': 0.12419, 'r2': -0.40952, 'spearmanr': 0.12168, 'mse': 0.02619, 'rmse': 0.16183}
test: {'epoch': 352, 'time_epoch': 0.1343, 'loss': 0.13219795, 'lr': 0, 'params': 220085, 'time_iter': 0.00463, 'mae': 0.1322, 'r2': -0.35041, 'spearmanr': 0.24209, 'mse': 0.02649, 'rmse': 0.16275}
> Epoch 352: took 3.0s (avg 3.1s) | Best so far: epoch 55	train_loss: 0.1054 train_mae: 0.1054	val_loss: 0.1114 val_mae: 0.1114	test_loss: 0.1097 test_mae: 0.1097
train: {'epoch': 353, 'time_epoch': 2.77174, 'eta': 393.72087, 'eta_hours': 0.10937, 'loss': 0.05159131, 'lr': 0.00024099, 'params': 220085, 'time_iter': 0.01118, 'mae': 0.05159, 'r2': 0.6124, 'spearmanr': 0.7771, 'mse': 0.00765, 'rmse': 0.08748}
val: {'epoch': 353, 'time_epoch': 0.26194, 'loss': 0.1255251, 'lr': 0, 'params': 220085, 'time_iter': 0.00494, 'mae': 0.12553, 'r2': -0.41274, 'spearmanr': 0.11554, 'mse': 0.02625, 'rmse': 0.16201}
test: {'epoch': 353, 'time_epoch': 0.15495, 'loss': 0.13191039, 'lr': 0, 'params': 220085, 'time_iter': 0.00534, 'mae': 0.13191, 'r2': -0.34312, 'spearmanr': 0.27646, 'mse': 0.02634, 'rmse': 0.16231}
> Epoch 353: took 3.2s (avg 3.1s) | Best so far: epoch 55	train_loss: 0.1054 train_mae: 0.1054	val_loss: 0.1114 val_mae: 0.1114	test_loss: 0.1097 test_mae: 0.1097
train: {'epoch': 354, 'time_epoch': 2.79531, 'eta': 391.06442, 'eta_hours': 0.10863, 'loss': 0.05152897, 'lr': 0.00023801, 'params': 220085, 'time_iter': 0.01127, 'mae': 0.05153, 'r2': 0.61686, 'spearmanr': 0.77608, 'mse': 0.00756, 'rmse': 0.08698}
val: {'epoch': 354, 'time_epoch': 0.26824, 'loss': 0.12421667, 'lr': 0, 'params': 220085, 'time_iter': 0.00506, 'mae': 0.12422, 'r2': -0.39484, 'spearmanr': 0.12366, 'mse': 0.02591, 'rmse': 0.16098}
test: {'epoch': 354, 'time_epoch': 0.13895, 'loss': 0.13619669, 'lr': 0, 'params': 220085, 'time_iter': 0.00479, 'mae': 0.1362, 'r2': -0.44764, 'spearmanr': 0.25161, 'mse': 0.02839, 'rmse': 0.16851}
> Epoch 354: took 3.2s (avg 3.1s) | Best so far: epoch 55	train_loss: 0.1054 train_mae: 0.1054	val_loss: 0.1114 val_mae: 0.1114	test_loss: 0.1097 test_mae: 0.1097
train: {'epoch': 355, 'time_epoch': 2.81353, 'eta': 388.41456, 'eta_hours': 0.10789, 'loss': 0.05158369, 'lr': 0.00023504, 'params': 220085, 'time_iter': 0.01134, 'mae': 0.05158, 'r2': 0.61218, 'spearmanr': 0.77349, 'mse': 0.00766, 'rmse': 0.08751}
val: {'epoch': 355, 'time_epoch': 0.2548, 'loss': 0.12340532, 'lr': 0, 'params': 220085, 'time_iter': 0.00481, 'mae': 0.12341, 'r2': -0.36066, 'spearmanr': 0.11823, 'mse': 0.02528, 'rmse': 0.159}
test: {'epoch': 355, 'time_epoch': 0.13935, 'loss': 0.13457192, 'lr': 0, 'params': 220085, 'time_iter': 0.00481, 'mae': 0.13457, 'r2': -0.42337, 'spearmanr': 0.24416, 'mse': 0.02792, 'rmse': 0.16709}
> Epoch 355: took 3.2s (avg 3.1s) | Best so far: epoch 55	train_loss: 0.1054 train_mae: 0.1054	val_loss: 0.1114 val_mae: 0.1114	test_loss: 0.1097 test_mae: 0.1097
train: {'epoch': 356, 'time_epoch': 2.76908, 'eta': 385.74598, 'eta_hours': 0.10715, 'loss': 0.05171989, 'lr': 0.00023209, 'params': 220085, 'time_iter': 0.01117, 'mae': 0.05172, 'r2': 0.60854, 'spearmanr': 0.77284, 'mse': 0.00773, 'rmse': 0.08792}
val: {'epoch': 356, 'time_epoch': 0.28196, 'loss': 0.12885921, 'lr': 0, 'params': 220085, 'time_iter': 0.00532, 'mae': 0.12886, 'r2': -0.52968, 'spearmanr': 0.10891, 'mse': 0.02842, 'rmse': 0.16858}
test: {'epoch': 356, 'time_epoch': 0.13736, 'loss': 0.13435731, 'lr': 0, 'params': 220085, 'time_iter': 0.00474, 'mae': 0.13436, 'r2': -0.42914, 'spearmanr': 0.22759, 'mse': 0.02803, 'rmse': 0.16743}
> Epoch 356: took 3.2s (avg 3.1s) | Best so far: epoch 55	train_loss: 0.1054 train_mae: 0.1054	val_loss: 0.1114 val_mae: 0.1114	test_loss: 0.1097 test_mae: 0.1097
train: {'epoch': 357, 'time_epoch': 2.85952, 'eta': 383.11271, 'eta_hours': 0.10642, 'loss': 0.05099087, 'lr': 0.00022915, 'params': 220085, 'time_iter': 0.01153, 'mae': 0.05099, 'r2': 0.61832, 'spearmanr': 0.77919, 'mse': 0.00754, 'rmse': 0.08681}
val: {'epoch': 357, 'time_epoch': 0.25793, 'loss': 0.12676227, 'lr': 0, 'params': 220085, 'time_iter': 0.00487, 'mae': 0.12676, 'r2': -0.45763, 'spearmanr': 0.10382, 'mse': 0.02708, 'rmse': 0.16456}
test: {'epoch': 357, 'time_epoch': 0.13943, 'loss': 0.13408463, 'lr': 0, 'params': 220085, 'time_iter': 0.00481, 'mae': 0.13408, 'r2': -0.37919, 'spearmanr': 0.23226, 'mse': 0.02705, 'rmse': 0.16447}
> Epoch 357: took 3.3s (avg 3.1s) | Best so far: epoch 55	train_loss: 0.1054 train_mae: 0.1054	val_loss: 0.1114 val_mae: 0.1114	test_loss: 0.1097 test_mae: 0.1097
train: {'epoch': 358, 'time_epoch': 3.23628, 'eta': 380.62615, 'eta_hours': 0.10573, 'loss': 0.05076666, 'lr': 0.00022622, 'params': 220085, 'time_iter': 0.01305, 'mae': 0.05077, 'r2': 0.62102, 'spearmanr': 0.77849, 'mse': 0.00748, 'rmse': 0.0865}
val: {'epoch': 358, 'time_epoch': 0.2731, 'loss': 0.1272971, 'lr': 0, 'params': 220085, 'time_iter': 0.00515, 'mae': 0.1273, 'r2': -0.478, 'spearmanr': 0.11366, 'mse': 0.02746, 'rmse': 0.16571}
test: {'epoch': 358, 'time_epoch': 0.16022, 'loss': 0.13389944, 'lr': 0, 'params': 220085, 'time_iter': 0.00552, 'mae': 0.1339, 'r2': -0.36894, 'spearmanr': 0.25975, 'mse': 0.02685, 'rmse': 0.16386}
> Epoch 358: took 3.7s (avg 3.1s) | Best so far: epoch 55	train_loss: 0.1054 train_mae: 0.1054	val_loss: 0.1114 val_mae: 0.1114	test_loss: 0.1097 test_mae: 0.1097
train: {'epoch': 359, 'time_epoch': 3.01753, 'eta': 378.05037, 'eta_hours': 0.10501, 'loss': 0.0509969, 'lr': 0.0002233, 'params': 220085, 'time_iter': 0.01217, 'mae': 0.051, 'r2': 0.61404, 'spearmanr': 0.77496, 'mse': 0.00762, 'rmse': 0.0873}
val: {'epoch': 359, 'time_epoch': 0.25251, 'loss': 0.12571828, 'lr': 0, 'params': 220085, 'time_iter': 0.00476, 'mae': 0.12572, 'r2': -0.42647, 'spearmanr': 0.12535, 'mse': 0.0265, 'rmse': 0.1628}
test: {'epoch': 359, 'time_epoch': 0.13893, 'loss': 0.13308783, 'lr': 0, 'params': 220085, 'time_iter': 0.00479, 'mae': 0.13309, 'r2': -0.38196, 'spearmanr': 0.26754, 'mse': 0.02711, 'rmse': 0.16464}
> Epoch 359: took 3.4s (avg 3.1s) | Best so far: epoch 55	train_loss: 0.1054 train_mae: 0.1054	val_loss: 0.1114 val_mae: 0.1114	test_loss: 0.1097 test_mae: 0.1097
train: {'epoch': 360, 'time_epoch': 2.74931, 'eta': 375.36886, 'eta_hours': 0.10427, 'loss': 0.05075856, 'lr': 0.0002204, 'params': 220085, 'time_iter': 0.01109, 'mae': 0.05076, 'r2': 0.61974, 'spearmanr': 0.77824, 'mse': 0.00751, 'rmse': 0.08665}
val: {'epoch': 360, 'time_epoch': 0.2522, 'loss': 0.12442272, 'lr': 0, 'params': 220085, 'time_iter': 0.00476, 'mae': 0.12442, 'r2': -0.40107, 'spearmanr': 0.12731, 'mse': 0.02603, 'rmse': 0.16134}
test: {'epoch': 360, 'time_epoch': 0.13671, 'loss': 0.13284097, 'lr': 0, 'params': 220085, 'time_iter': 0.00471, 'mae': 0.13284, 'r2': -0.38359, 'spearmanr': 0.25972, 'mse': 0.02714, 'rmse': 0.16474}
> Epoch 360: took 3.1s (avg 3.1s) | Best so far: epoch 55	train_loss: 0.1054 train_mae: 0.1054	val_loss: 0.1114 val_mae: 0.1114	test_loss: 0.1097 test_mae: 0.1097
train: {'epoch': 361, 'time_epoch': 2.78433, 'eta': 372.70032, 'eta_hours': 0.10353, 'loss': 0.05088626, 'lr': 0.00021752, 'params': 220085, 'time_iter': 0.01123, 'mae': 0.05089, 'r2': 0.61935, 'spearmanr': 0.77797, 'mse': 0.00752, 'rmse': 0.08669}
val: {'epoch': 361, 'time_epoch': 0.25244, 'loss': 0.12595504, 'lr': 0, 'params': 220085, 'time_iter': 0.00476, 'mae': 0.12596, 'r2': -0.4386, 'spearmanr': 0.12301, 'mse': 0.02673, 'rmse': 0.16349}
test: {'epoch': 361, 'time_epoch': 0.14204, 'loss': 0.13602504, 'lr': 0, 'params': 220085, 'time_iter': 0.0049, 'mae': 0.13603, 'r2': -0.43261, 'spearmanr': 0.24861, 'mse': 0.0281, 'rmse': 0.16763}
> Epoch 361: took 3.2s (avg 3.1s) | Best so far: epoch 55	train_loss: 0.1054 train_mae: 0.1054	val_loss: 0.1114 val_mae: 0.1114	test_loss: 0.1097 test_mae: 0.1097
train: {'epoch': 362, 'time_epoch': 2.74802, 'eta': 370.01744, 'eta_hours': 0.10278, 'loss': 0.05106474, 'lr': 0.00021464, 'params': 220085, 'time_iter': 0.01108, 'mae': 0.05106, 'r2': 0.62061, 'spearmanr': 0.77912, 'mse': 0.00749, 'rmse': 0.08655}
val: {'epoch': 362, 'time_epoch': 0.26476, 'loss': 0.12469494, 'lr': 0, 'params': 220085, 'time_iter': 0.005, 'mae': 0.12469, 'r2': -0.40108, 'spearmanr': 0.12493, 'mse': 0.02603, 'rmse': 0.16134}
test: {'epoch': 362, 'time_epoch': 0.15279, 'loss': 0.13459454, 'lr': 0, 'params': 220085, 'time_iter': 0.00527, 'mae': 0.13459, 'r2': -0.41178, 'spearmanr': 0.2343, 'mse': 0.02769, 'rmse': 0.16641}
> Epoch 362: took 3.2s (avg 3.1s) | Best so far: epoch 55	train_loss: 0.1054 train_mae: 0.1054	val_loss: 0.1114 val_mae: 0.1114	test_loss: 0.1097 test_mae: 0.1097
train: {'epoch': 363, 'time_epoch': 2.77841, 'eta': 367.34556, 'eta_hours': 0.10204, 'loss': 0.0505184, 'lr': 0.00021178, 'params': 220085, 'time_iter': 0.0112, 'mae': 0.05052, 'r2': 0.62376, 'spearmanr': 0.78069, 'mse': 0.00743, 'rmse': 0.08619}
val: {'epoch': 363, 'time_epoch': 0.26283, 'loss': 0.1271586, 'lr': 0, 'params': 220085, 'time_iter': 0.00496, 'mae': 0.12716, 'r2': -0.47407, 'spearmanr': 0.1095, 'mse': 0.02739, 'rmse': 0.16549}
test: {'epoch': 363, 'time_epoch': 0.14416, 'loss': 0.13367659, 'lr': 0, 'params': 220085, 'time_iter': 0.00497, 'mae': 0.13368, 'r2': -0.39388, 'spearmanr': 0.2399, 'mse': 0.02734, 'rmse': 0.16535}
> Epoch 363: took 3.2s (avg 3.1s) | Best so far: epoch 55	train_loss: 0.1054 train_mae: 0.1054	val_loss: 0.1114 val_mae: 0.1114	test_loss: 0.1097 test_mae: 0.1097
train: {'epoch': 364, 'time_epoch': 2.71585, 'eta': 364.64996, 'eta_hours': 0.10129, 'loss': 0.0508088, 'lr': 0.00020894, 'params': 220085, 'time_iter': 0.01095, 'mae': 0.05081, 'r2': 0.61971, 'spearmanr': 0.77936, 'mse': 0.00751, 'rmse': 0.08665}
val: {'epoch': 364, 'time_epoch': 0.26006, 'loss': 0.12422786, 'lr': 0, 'params': 220085, 'time_iter': 0.00491, 'mae': 0.12423, 'r2': -0.39535, 'spearmanr': 0.12193, 'mse': 0.02592, 'rmse': 0.16101}
test: {'epoch': 364, 'time_epoch': 0.13684, 'loss': 0.13001555, 'lr': 0, 'params': 220085, 'time_iter': 0.00472, 'mae': 0.13002, 'r2': -0.30379, 'spearmanr': 0.24178, 'mse': 0.02557, 'rmse': 0.15992}
> Epoch 364: took 3.1s (avg 3.1s) | Best so far: epoch 55	train_loss: 0.1054 train_mae: 0.1054	val_loss: 0.1114 val_mae: 0.1114	test_loss: 0.1097 test_mae: 0.1097
train: {'epoch': 365, 'time_epoch': 2.69371, 'eta': 361.94614, 'eta_hours': 0.10054, 'loss': 0.05035401, 'lr': 0.00020611, 'params': 220085, 'time_iter': 0.01086, 'mae': 0.05035, 'r2': 0.62574, 'spearmanr': 0.78381, 'mse': 0.00739, 'rmse': 0.08596}
val: {'epoch': 365, 'time_epoch': 0.26654, 'loss': 0.12553081, 'lr': 0, 'params': 220085, 'time_iter': 0.00503, 'mae': 0.12553, 'r2': -0.41997, 'spearmanr': 0.11813, 'mse': 0.02638, 'rmse': 0.16242}
test: {'epoch': 365, 'time_epoch': 0.14233, 'loss': 0.13411162, 'lr': 0, 'params': 220085, 'time_iter': 0.00491, 'mae': 0.13411, 'r2': -0.38415, 'spearmanr': 0.25182, 'mse': 0.02715, 'rmse': 0.16477}
> Epoch 365: took 3.1s (avg 3.1s) | Best so far: epoch 55	train_loss: 0.1054 train_mae: 0.1054	val_loss: 0.1114 val_mae: 0.1114	test_loss: 0.1097 test_mae: 0.1097
train: {'epoch': 366, 'time_epoch': 2.77885, 'eta': 359.27323, 'eta_hours': 0.0998, 'loss': 0.05065633, 'lr': 0.00020329, 'params': 220085, 'time_iter': 0.01121, 'mae': 0.05066, 'r2': 0.62195, 'spearmanr': 0.78032, 'mse': 0.00746, 'rmse': 0.0864}
val: {'epoch': 366, 'time_epoch': 0.27393, 'loss': 0.12692952, 'lr': 0, 'params': 220085, 'time_iter': 0.00517, 'mae': 0.12693, 'r2': -0.45695, 'spearmanr': 0.11494, 'mse': 0.02707, 'rmse': 0.16453}
test: {'epoch': 366, 'time_epoch': 0.15462, 'loss': 0.13832171, 'lr': 0, 'params': 220085, 'time_iter': 0.00533, 'mae': 0.13832, 'r2': -0.46358, 'spearmanr': 0.2281, 'mse': 0.02871, 'rmse': 0.16943}
> Epoch 366: took 3.2s (avg 3.1s) | Best so far: epoch 55	train_loss: 0.1054 train_mae: 0.1054	val_loss: 0.1114 val_mae: 0.1114	test_loss: 0.1097 test_mae: 0.1097
train: {'epoch': 367, 'time_epoch': 2.72725, 'eta': 356.58123, 'eta_hours': 0.09905, 'loss': 0.05011898, 'lr': 0.00020049, 'params': 220085, 'time_iter': 0.011, 'mae': 0.05012, 'r2': 0.62457, 'spearmanr': 0.78371, 'mse': 0.00741, 'rmse': 0.0861}
val: {'epoch': 367, 'time_epoch': 0.26598, 'loss': 0.12557901, 'lr': 0, 'params': 220085, 'time_iter': 0.00502, 'mae': 0.12558, 'r2': -0.42153, 'spearmanr': 0.10896, 'mse': 0.02641, 'rmse': 0.16251}
test: {'epoch': 367, 'time_epoch': 0.14474, 'loss': 0.13521038, 'lr': 0, 'params': 220085, 'time_iter': 0.00499, 'mae': 0.13521, 'r2': -0.41622, 'spearmanr': 0.24703, 'mse': 0.02778, 'rmse': 0.16667}
> Epoch 367: took 3.1s (avg 3.1s) | Best so far: epoch 55	train_loss: 0.1054 train_mae: 0.1054	val_loss: 0.1114 val_mae: 0.1114	test_loss: 0.1097 test_mae: 0.1097
train: {'epoch': 368, 'time_epoch': 2.69323, 'eta': 353.87697, 'eta_hours': 0.0983, 'loss': 0.05030532, 'lr': 0.0001977, 'params': 220085, 'time_iter': 0.01086, 'mae': 0.05031, 'r2': 0.62238, 'spearmanr': 0.78163, 'mse': 0.00746, 'rmse': 0.08635}
val: {'epoch': 368, 'time_epoch': 0.26362, 'loss': 0.12621925, 'lr': 0, 'params': 220085, 'time_iter': 0.00497, 'mae': 0.12622, 'r2': -0.45705, 'spearmanr': 0.11337, 'mse': 0.02707, 'rmse': 0.16453}
test: {'epoch': 368, 'time_epoch': 0.1522, 'loss': 0.1305342, 'lr': 0, 'params': 220085, 'time_iter': 0.00525, 'mae': 0.13053, 'r2': -0.32146, 'spearmanr': 0.24168, 'mse': 0.02592, 'rmse': 0.161}
> Epoch 368: took 3.1s (avg 3.1s) | Best so far: epoch 55	train_loss: 0.1054 train_mae: 0.1054	val_loss: 0.1114 val_mae: 0.1114	test_loss: 0.1097 test_mae: 0.1097
train: {'epoch': 369, 'time_epoch': 2.72649, 'eta': 351.18445, 'eta_hours': 0.09755, 'loss': 0.04989503, 'lr': 0.00019493, 'params': 220085, 'time_iter': 0.01099, 'mae': 0.0499, 'r2': 0.63345, 'spearmanr': 0.78958, 'mse': 0.00724, 'rmse': 0.08507}
val: {'epoch': 369, 'time_epoch': 0.24759, 'loss': 0.12650007, 'lr': 0, 'params': 220085, 'time_iter': 0.00467, 'mae': 0.1265, 'r2': -0.45194, 'spearmanr': 0.12429, 'mse': 0.02698, 'rmse': 0.16424}
test: {'epoch': 369, 'time_epoch': 0.13748, 'loss': 0.13062868, 'lr': 0, 'params': 220085, 'time_iter': 0.00474, 'mae': 0.13063, 'r2': -0.32982, 'spearmanr': 0.26275, 'mse': 0.02608, 'rmse': 0.1615}
> Epoch 369: took 3.1s (avg 3.1s) | Best so far: epoch 55	train_loss: 0.1054 train_mae: 0.1054	val_loss: 0.1114 val_mae: 0.1114	test_loss: 0.1097 test_mae: 0.1097
train: {'epoch': 370, 'time_epoch': 2.65638, 'eta': 348.46737, 'eta_hours': 0.0968, 'loss': 0.05007399, 'lr': 0.00019217, 'params': 220085, 'time_iter': 0.01071, 'mae': 0.05007, 'r2': 0.63003, 'spearmanr': 0.78512, 'mse': 0.0073, 'rmse': 0.08547}
val: {'epoch': 370, 'time_epoch': 0.25573, 'loss': 0.12655402, 'lr': 0, 'params': 220085, 'time_iter': 0.00483, 'mae': 0.12655, 'r2': -0.44158, 'spearmanr': 0.10355, 'mse': 0.02678, 'rmse': 0.16366}
test: {'epoch': 370, 'time_epoch': 0.14376, 'loss': 0.13335193, 'lr': 0, 'params': 220085, 'time_iter': 0.00496, 'mae': 0.13335, 'r2': -0.38514, 'spearmanr': 0.26091, 'mse': 0.02717, 'rmse': 0.16483}
> Epoch 370: took 3.1s (avg 3.1s) | Best so far: epoch 55	train_loss: 0.1054 train_mae: 0.1054	val_loss: 0.1114 val_mae: 0.1114	test_loss: 0.1097 test_mae: 0.1097
train: {'epoch': 371, 'time_epoch': 2.69689, 'eta': 345.76456, 'eta_hours': 0.09605, 'loss': 0.05011569, 'lr': 0.00018943, 'params': 220085, 'time_iter': 0.01087, 'mae': 0.05012, 'r2': 0.62676, 'spearmanr': 0.78131, 'mse': 0.00737, 'rmse': 0.08585}
val: {'epoch': 371, 'time_epoch': 0.25395, 'loss': 0.12684561, 'lr': 0, 'params': 220085, 'time_iter': 0.00479, 'mae': 0.12685, 'r2': -0.46377, 'spearmanr': 0.10504, 'mse': 0.0272, 'rmse': 0.16491}
test: {'epoch': 371, 'time_epoch': 0.13506, 'loss': 0.13364284, 'lr': 0, 'params': 220085, 'time_iter': 0.00466, 'mae': 0.13364, 'r2': -0.39388, 'spearmanr': 0.24788, 'mse': 0.02734, 'rmse': 0.16535}
> Epoch 371: took 3.1s (avg 3.1s) | Best so far: epoch 55	train_loss: 0.1054 train_mae: 0.1054	val_loss: 0.1114 val_mae: 0.1114	test_loss: 0.1097 test_mae: 0.1097
train: {'epoch': 372, 'time_epoch': 2.8014, 'eta': 343.09736, 'eta_hours': 0.0953, 'loss': 0.04960235, 'lr': 0.0001867, 'params': 220085, 'time_iter': 0.0113, 'mae': 0.0496, 'r2': 0.63288, 'spearmanr': 0.78758, 'mse': 0.00725, 'rmse': 0.08514}
val: {'epoch': 372, 'time_epoch': 0.28565, 'loss': 0.12590462, 'lr': 0, 'params': 220085, 'time_iter': 0.00539, 'mae': 0.1259, 'r2': -0.44549, 'spearmanr': 0.12127, 'mse': 0.02686, 'rmse': 0.16388}
test: {'epoch': 372, 'time_epoch': 0.13731, 'loss': 0.13153577, 'lr': 0, 'params': 220085, 'time_iter': 0.00473, 'mae': 0.13154, 'r2': -0.36076, 'spearmanr': 0.26168, 'mse': 0.02669, 'rmse': 0.16337}
> Epoch 372: took 3.2s (avg 3.1s) | Best so far: epoch 55	train_loss: 0.1054 train_mae: 0.1054	val_loss: 0.1114 val_mae: 0.1114	test_loss: 0.1097 test_mae: 0.1097
train: {'epoch': 373, 'time_epoch': 2.6966, 'eta': 340.39414, 'eta_hours': 0.09455, 'loss': 0.05004727, 'lr': 0.00018399, 'params': 220085, 'time_iter': 0.01087, 'mae': 0.05005, 'r2': 0.62562, 'spearmanr': 0.78215, 'mse': 0.00739, 'rmse': 0.08598}
val: {'epoch': 373, 'time_epoch': 0.25108, 'loss': 0.12544712, 'lr': 0, 'params': 220085, 'time_iter': 0.00474, 'mae': 0.12545, 'r2': -0.42602, 'spearmanr': 0.10451, 'mse': 0.02649, 'rmse': 0.16277}
test: {'epoch': 373, 'time_epoch': 0.14308, 'loss': 0.12802834, 'lr': 0, 'params': 220085, 'time_iter': 0.00493, 'mae': 0.12803, 'r2': -0.29641, 'spearmanr': 0.25768, 'mse': 0.02543, 'rmse': 0.15946}
> Epoch 373: took 3.1s (avg 3.1s) | Best so far: epoch 55	train_loss: 0.1054 train_mae: 0.1054	val_loss: 0.1114 val_mae: 0.1114	test_loss: 0.1097 test_mae: 0.1097
train: {'epoch': 374, 'time_epoch': 2.68886, 'eta': 337.68837, 'eta_hours': 0.0938, 'loss': 0.0490998, 'lr': 0.00018129, 'params': 220085, 'time_iter': 0.01084, 'mae': 0.0491, 'r2': 0.63618, 'spearmanr': 0.79082, 'mse': 0.00718, 'rmse': 0.08476}
val: {'epoch': 374, 'time_epoch': 0.24549, 'loss': 0.12787937, 'lr': 0, 'params': 220085, 'time_iter': 0.00463, 'mae': 0.12788, 'r2': -0.48276, 'spearmanr': 0.10319, 'mse': 0.02755, 'rmse': 0.16598}
test: {'epoch': 374, 'time_epoch': 0.1356, 'loss': 0.13098041, 'lr': 0, 'params': 220085, 'time_iter': 0.00468, 'mae': 0.13098, 'r2': -0.33704, 'spearmanr': 0.2589, 'mse': 0.02622, 'rmse': 0.16194}
> Epoch 374: took 3.1s (avg 3.1s) | Best so far: epoch 55	train_loss: 0.1054 train_mae: 0.1054	val_loss: 0.1114 val_mae: 0.1114	test_loss: 0.1097 test_mae: 0.1097
train: {'epoch': 375, 'time_epoch': 2.60568, 'eta': 334.95526, 'eta_hours': 0.09304, 'loss': 0.04960029, 'lr': 0.00017861, 'params': 220085, 'time_iter': 0.01051, 'mae': 0.0496, 'r2': 0.63256, 'spearmanr': 0.78542, 'mse': 0.00726, 'rmse': 0.08518}
val: {'epoch': 375, 'time_epoch': 0.25384, 'loss': 0.12673198, 'lr': 0, 'params': 220085, 'time_iter': 0.00479, 'mae': 0.12673, 'r2': -0.45191, 'spearmanr': 0.10533, 'mse': 0.02698, 'rmse': 0.16424}
test: {'epoch': 375, 'time_epoch': 0.13763, 'loss': 0.13141385, 'lr': 0, 'params': 220085, 'time_iter': 0.00475, 'mae': 0.13141, 'r2': -0.33138, 'spearmanr': 0.26579, 'mse': 0.02611, 'rmse': 0.1616}
> Epoch 375: took 3.0s (avg 3.1s) | Best so far: epoch 55	train_loss: 0.1054 train_mae: 0.1054	val_loss: 0.1114 val_mae: 0.1114	test_loss: 0.1097 test_mae: 0.1097
train: {'epoch': 376, 'time_epoch': 2.754, 'eta': 332.27122, 'eta_hours': 0.0923, 'loss': 0.04954192, 'lr': 0.00017594, 'params': 220085, 'time_iter': 0.0111, 'mae': 0.04954, 'r2': 0.63441, 'spearmanr': 0.78916, 'mse': 0.00722, 'rmse': 0.08496}
val: {'epoch': 376, 'time_epoch': 0.25091, 'loss': 0.12582747, 'lr': 0, 'params': 220085, 'time_iter': 0.00473, 'mae': 0.12583, 'r2': -0.42681, 'spearmanr': 0.10888, 'mse': 0.02651, 'rmse': 0.16282}
test: {'epoch': 376, 'time_epoch': 0.1425, 'loss': 0.13237191, 'lr': 0, 'params': 220085, 'time_iter': 0.00491, 'mae': 0.13237, 'r2': -0.3603, 'spearmanr': 0.25454, 'mse': 0.02668, 'rmse': 0.16334}
> Epoch 376: took 3.2s (avg 3.1s) | Best so far: epoch 55	train_loss: 0.1054 train_mae: 0.1054	val_loss: 0.1114 val_mae: 0.1114	test_loss: 0.1097 test_mae: 0.1097
train: {'epoch': 377, 'time_epoch': 2.73344, 'eta': 329.58017, 'eta_hours': 0.09155, 'loss': 0.04899322, 'lr': 0.00017329, 'params': 220085, 'time_iter': 0.01102, 'mae': 0.04899, 'r2': 0.63773, 'spearmanr': 0.78945, 'mse': 0.00715, 'rmse': 0.08458}
val: {'epoch': 377, 'time_epoch': 0.26916, 'loss': 0.12489224, 'lr': 0, 'params': 220085, 'time_iter': 0.00508, 'mae': 0.12489, 'r2': -0.41063, 'spearmanr': 0.10856, 'mse': 0.02621, 'rmse': 0.16189}
test: {'epoch': 377, 'time_epoch': 0.14427, 'loss': 0.13557897, 'lr': 0, 'params': 220085, 'time_iter': 0.00497, 'mae': 0.13558, 'r2': -0.43173, 'spearmanr': 0.24479, 'mse': 0.02808, 'rmse': 0.16758}
> Epoch 377: took 3.2s (avg 3.1s) | Best so far: epoch 55	train_loss: 0.1054 train_mae: 0.1054	val_loss: 0.1114 val_mae: 0.1114	test_loss: 0.1097 test_mae: 0.1097
train: {'epoch': 378, 'time_epoch': 2.65071, 'eta': 326.86249, 'eta_hours': 0.0908, 'loss': 0.0495636, 'lr': 0.00017066, 'params': 220085, 'time_iter': 0.01069, 'mae': 0.04956, 'r2': 0.63589, 'spearmanr': 0.78846, 'mse': 0.00719, 'rmse': 0.08479}
val: {'epoch': 378, 'time_epoch': 0.26202, 'loss': 0.12671807, 'lr': 0, 'params': 220085, 'time_iter': 0.00494, 'mae': 0.12672, 'r2': -0.45745, 'spearmanr': 0.11673, 'mse': 0.02708, 'rmse': 0.16455}
test: {'epoch': 378, 'time_epoch': 0.15421, 'loss': 0.13197644, 'lr': 0, 'params': 220085, 'time_iter': 0.00532, 'mae': 0.13198, 'r2': -0.35633, 'spearmanr': 0.25228, 'mse': 0.0266, 'rmse': 0.16311}
> Epoch 378: took 3.1s (avg 3.1s) | Best so far: epoch 55	train_loss: 0.1054 train_mae: 0.1054	val_loss: 0.1114 val_mae: 0.1114	test_loss: 0.1097 test_mae: 0.1097
train: {'epoch': 379, 'time_epoch': 2.75159, 'eta': 324.17701, 'eta_hours': 0.09005, 'loss': 0.04929555, 'lr': 0.00016804, 'params': 220085, 'time_iter': 0.0111, 'mae': 0.0493, 'r2': 0.63772, 'spearmanr': 0.78729, 'mse': 0.00715, 'rmse': 0.08458}
val: {'epoch': 379, 'time_epoch': 0.26931, 'loss': 0.12659994, 'lr': 0, 'params': 220085, 'time_iter': 0.00508, 'mae': 0.1266, 'r2': -0.44733, 'spearmanr': 0.11218, 'mse': 0.02689, 'rmse': 0.16398}
test: {'epoch': 379, 'time_epoch': 0.14809, 'loss': 0.13219785, 'lr': 0, 'params': 220085, 'time_iter': 0.00511, 'mae': 0.1322, 'r2': -0.35884, 'spearmanr': 0.22225, 'mse': 0.02665, 'rmse': 0.16326}
> Epoch 379: took 3.2s (avg 3.1s) | Best so far: epoch 55	train_loss: 0.1054 train_mae: 0.1054	val_loss: 0.1114 val_mae: 0.1114	test_loss: 0.1097 test_mae: 0.1097
train: {'epoch': 380, 'time_epoch': 2.80333, 'eta': 321.50735, 'eta_hours': 0.08931, 'loss': 0.04928419, 'lr': 0.00016543, 'params': 220085, 'time_iter': 0.0113, 'mae': 0.04928, 'r2': 0.63584, 'spearmanr': 0.78854, 'mse': 0.00719, 'rmse': 0.0848}
val: {'epoch': 380, 'time_epoch': 0.25069, 'loss': 0.12927396, 'lr': 0, 'params': 220085, 'time_iter': 0.00473, 'mae': 0.12927, 'r2': -0.51299, 'spearmanr': 0.10134, 'mse': 0.02811, 'rmse': 0.16766}
test: {'epoch': 380, 'time_epoch': 0.13764, 'loss': 0.13795565, 'lr': 0, 'params': 220085, 'time_iter': 0.00475, 'mae': 0.13796, 'r2': -0.47592, 'spearmanr': 0.2349, 'mse': 0.02895, 'rmse': 0.17014}
> Epoch 380: took 3.2s (avg 3.1s) | Best so far: epoch 55	train_loss: 0.1054 train_mae: 0.1054	val_loss: 0.1114 val_mae: 0.1114	test_loss: 0.1097 test_mae: 0.1097
train: {'epoch': 381, 'time_epoch': 2.67679, 'eta': 318.7979, 'eta_hours': 0.08855, 'loss': 0.04897773, 'lr': 0.00016285, 'params': 220085, 'time_iter': 0.01079, 'mae': 0.04898, 'r2': 0.63898, 'spearmanr': 0.79227, 'mse': 0.00713, 'rmse': 0.08443}
val: {'epoch': 381, 'time_epoch': 0.25056, 'loss': 0.12710259, 'lr': 0, 'params': 220085, 'time_iter': 0.00473, 'mae': 0.1271, 'r2': -0.46307, 'spearmanr': 0.10987, 'mse': 0.02718, 'rmse': 0.16487}
test: {'epoch': 381, 'time_epoch': 0.13823, 'loss': 0.1353534, 'lr': 0, 'params': 220085, 'time_iter': 0.00477, 'mae': 0.13535, 'r2': -0.41325, 'spearmanr': 0.22841, 'mse': 0.02772, 'rmse': 0.16649}
> Epoch 381: took 3.1s (avg 3.1s) | Best so far: epoch 55	train_loss: 0.1054 train_mae: 0.1054	val_loss: 0.1114 val_mae: 0.1114	test_loss: 0.1097 test_mae: 0.1097
train: {'epoch': 382, 'time_epoch': 2.87268, 'eta': 316.14846, 'eta_hours': 0.08782, 'loss': 0.04901, 'lr': 0.00016028, 'params': 220085, 'time_iter': 0.01158, 'mae': 0.04901, 'r2': 0.64225, 'spearmanr': 0.79299, 'mse': 0.00706, 'rmse': 0.08405}
val: {'epoch': 382, 'time_epoch': 0.26789, 'loss': 0.12724544, 'lr': 0, 'params': 220085, 'time_iter': 0.00505, 'mae': 0.12725, 'r2': -0.46403, 'spearmanr': 0.10166, 'mse': 0.0272, 'rmse': 0.16493}
test: {'epoch': 382, 'time_epoch': 0.1385, 'loss': 0.13363715, 'lr': 0, 'params': 220085, 'time_iter': 0.00478, 'mae': 0.13364, 'r2': -0.382, 'spearmanr': 0.25522, 'mse': 0.02711, 'rmse': 0.16464}
> Epoch 382: took 3.3s (avg 3.1s) | Best so far: epoch 55	train_loss: 0.1054 train_mae: 0.1054	val_loss: 0.1114 val_mae: 0.1114	test_loss: 0.1097 test_mae: 0.1097
train: {'epoch': 383, 'time_epoch': 2.74379, 'eta': 313.45892, 'eta_hours': 0.08707, 'loss': 0.04851298, 'lr': 0.00015773, 'params': 220085, 'time_iter': 0.01106, 'mae': 0.04851, 'r2': 0.64454, 'spearmanr': 0.79418, 'mse': 0.00702, 'rmse': 0.08378}
val: {'epoch': 383, 'time_epoch': 0.25416, 'loss': 0.1267712, 'lr': 0, 'params': 220085, 'time_iter': 0.0048, 'mae': 0.12677, 'r2': -0.46123, 'spearmanr': 0.11461, 'mse': 0.02715, 'rmse': 0.16477}
test: {'epoch': 383, 'time_epoch': 0.1382, 'loss': 0.13009017, 'lr': 0, 'params': 220085, 'time_iter': 0.00477, 'mae': 0.13009, 'r2': -0.33586, 'spearmanr': 0.23897, 'mse': 0.0262, 'rmse': 0.16187}
> Epoch 383: took 3.1s (avg 3.1s) | Best so far: epoch 55	train_loss: 0.1054 train_mae: 0.1054	val_loss: 0.1114 val_mae: 0.1114	test_loss: 0.1097 test_mae: 0.1097
train: {'epoch': 384, 'time_epoch': 2.67837, 'eta': 310.74957, 'eta_hours': 0.08632, 'loss': 0.049134, 'lr': 0.00015519, 'params': 220085, 'time_iter': 0.0108, 'mae': 0.04913, 'r2': 0.64009, 'spearmanr': 0.7894, 'mse': 0.00711, 'rmse': 0.0843}
val: {'epoch': 384, 'time_epoch': 0.25538, 'loss': 0.12640742, 'lr': 0, 'params': 220085, 'time_iter': 0.00482, 'mae': 0.12641, 'r2': -0.45034, 'spearmanr': 0.11404, 'mse': 0.02695, 'rmse': 0.16415}
test: {'epoch': 384, 'time_epoch': 0.13798, 'loss': 0.13251802, 'lr': 0, 'params': 220085, 'time_iter': 0.00476, 'mae': 0.13252, 'r2': -0.36626, 'spearmanr': 0.23817, 'mse': 0.0268, 'rmse': 0.1637}
> Epoch 384: took 3.1s (avg 3.1s) | Best so far: epoch 55	train_loss: 0.1054 train_mae: 0.1054	val_loss: 0.1114 val_mae: 0.1114	test_loss: 0.1097 test_mae: 0.1097
train: {'epoch': 385, 'time_epoch': 2.57151, 'eta': 308.00881, 'eta_hours': 0.08556, 'loss': 0.04847148, 'lr': 0.00015267, 'params': 220085, 'time_iter': 0.01037, 'mae': 0.04847, 'r2': 0.63991, 'spearmanr': 0.79143, 'mse': 0.00711, 'rmse': 0.08432}
val: {'epoch': 385, 'time_epoch': 0.25074, 'loss': 0.12628789, 'lr': 0, 'params': 220085, 'time_iter': 0.00473, 'mae': 0.12629, 'r2': -0.44476, 'spearmanr': 0.11577, 'mse': 0.02684, 'rmse': 0.16384}
test: {'epoch': 385, 'time_epoch': 0.1349, 'loss': 0.13183908, 'lr': 0, 'params': 220085, 'time_iter': 0.00465, 'mae': 0.13184, 'r2': -0.35597, 'spearmanr': 0.24056, 'mse': 0.0266, 'rmse': 0.16308}
> Epoch 385: took 3.0s (avg 3.1s) | Best so far: epoch 55	train_loss: 0.1054 train_mae: 0.1054	val_loss: 0.1114 val_mae: 0.1114	test_loss: 0.1097 test_mae: 0.1097
train: {'epoch': 386, 'time_epoch': 2.61726, 'eta': 305.28228, 'eta_hours': 0.0848, 'loss': 0.04894263, 'lr': 0.00015017, 'params': 220085, 'time_iter': 0.01055, 'mae': 0.04894, 'r2': 0.63775, 'spearmanr': 0.78902, 'mse': 0.00715, 'rmse': 0.08457}
val: {'epoch': 386, 'time_epoch': 0.25938, 'loss': 0.12729429, 'lr': 0, 'params': 220085, 'time_iter': 0.00489, 'mae': 0.12729, 'r2': -0.46016, 'spearmanr': 0.11164, 'mse': 0.02713, 'rmse': 0.16471}
test: {'epoch': 386, 'time_epoch': 0.14437, 'loss': 0.12979121, 'lr': 0, 'params': 220085, 'time_iter': 0.00498, 'mae': 0.12979, 'r2': -0.34284, 'spearmanr': 0.24586, 'mse': 0.02634, 'rmse': 0.16229}
> Epoch 386: took 3.0s (avg 3.1s) | Best so far: epoch 55	train_loss: 0.1054 train_mae: 0.1054	val_loss: 0.1114 val_mae: 0.1114	test_loss: 0.1097 test_mae: 0.1097
train: {'epoch': 387, 'time_epoch': 2.63892, 'eta': 302.56257, 'eta_hours': 0.08405, 'loss': 0.04862904, 'lr': 0.00014768, 'params': 220085, 'time_iter': 0.01064, 'mae': 0.04863, 'r2': 0.64083, 'spearmanr': 0.79257, 'mse': 0.00709, 'rmse': 0.08421}
val: {'epoch': 387, 'time_epoch': 0.26435, 'loss': 0.12659341, 'lr': 0, 'params': 220085, 'time_iter': 0.00499, 'mae': 0.12659, 'r2': -0.45543, 'spearmanr': 0.11756, 'mse': 0.02704, 'rmse': 0.16444}
test: {'epoch': 387, 'time_epoch': 0.14941, 'loss': 0.13317998, 'lr': 0, 'params': 220085, 'time_iter': 0.00515, 'mae': 0.13318, 'r2': -0.39967, 'spearmanr': 0.23374, 'mse': 0.02745, 'rmse': 0.16569}
> Epoch 387: took 3.1s (avg 3.1s) | Best so far: epoch 55	train_loss: 0.1054 train_mae: 0.1054	val_loss: 0.1114 val_mae: 0.1114	test_loss: 0.1097 test_mae: 0.1097
train: {'epoch': 388, 'time_epoch': 2.62365, 'eta': 299.83892, 'eta_hours': 0.08329, 'loss': 0.0485028, 'lr': 0.00014521, 'params': 220085, 'time_iter': 0.01058, 'mae': 0.0485, 'r2': 0.64094, 'spearmanr': 0.79231, 'mse': 0.00709, 'rmse': 0.0842}
val: {'epoch': 388, 'time_epoch': 0.25173, 'loss': 0.12692163, 'lr': 0, 'params': 220085, 'time_iter': 0.00475, 'mae': 0.12692, 'r2': -0.44526, 'spearmanr': 0.1033, 'mse': 0.02685, 'rmse': 0.16386}
test: {'epoch': 388, 'time_epoch': 0.13657, 'loss': 0.13049264, 'lr': 0, 'params': 220085, 'time_iter': 0.00471, 'mae': 0.13049, 'r2': -0.32402, 'spearmanr': 0.23887, 'mse': 0.02597, 'rmse': 0.16115}
> Epoch 388: took 3.0s (avg 3.1s) | Best so far: epoch 55	train_loss: 0.1054 train_mae: 0.1054	val_loss: 0.1114 val_mae: 0.1114	test_loss: 0.1097 test_mae: 0.1097
train: {'epoch': 389, 'time_epoch': 2.5701, 'eta': 297.10068, 'eta_hours': 0.08253, 'loss': 0.04867335, 'lr': 0.00014276, 'params': 220085, 'time_iter': 0.01036, 'mae': 0.04867, 'r2': 0.64143, 'spearmanr': 0.79075, 'mse': 0.00708, 'rmse': 0.08414}
val: {'epoch': 389, 'time_epoch': 0.2474, 'loss': 0.12706526, 'lr': 0, 'params': 220085, 'time_iter': 0.00467, 'mae': 0.12707, 'r2': -0.469, 'spearmanr': 0.11245, 'mse': 0.02729, 'rmse': 0.1652}
test: {'epoch': 389, 'time_epoch': 0.13551, 'loss': 0.13693335, 'lr': 0, 'params': 220085, 'time_iter': 0.00467, 'mae': 0.13693, 'r2': -0.45862, 'spearmanr': 0.20807, 'mse': 0.02861, 'rmse': 0.16914}
> Epoch 389: took 3.0s (avg 3.1s) | Best so far: epoch 55	train_loss: 0.1054 train_mae: 0.1054	val_loss: 0.1114 val_mae: 0.1114	test_loss: 0.1097 test_mae: 0.1097
train: {'epoch': 390, 'time_epoch': 2.58235, 'eta': 294.36671, 'eta_hours': 0.08177, 'loss': 0.04836701, 'lr': 0.00014033, 'params': 220085, 'time_iter': 0.01041, 'mae': 0.04837, 'r2': 0.64035, 'spearmanr': 0.79308, 'mse': 0.0071, 'rmse': 0.08427}
val: {'epoch': 390, 'time_epoch': 0.24892, 'loss': 0.12773672, 'lr': 0, 'params': 220085, 'time_iter': 0.0047, 'mae': 0.12774, 'r2': -0.47733, 'spearmanr': 0.11086, 'mse': 0.02745, 'rmse': 0.16567}
test: {'epoch': 390, 'time_epoch': 0.13578, 'loss': 0.13029551, 'lr': 0, 'params': 220085, 'time_iter': 0.00468, 'mae': 0.1303, 'r2': -0.33185, 'spearmanr': 0.23862, 'mse': 0.02612, 'rmse': 0.16163}
> Epoch 390: took 3.0s (avg 3.1s) | Best so far: epoch 55	train_loss: 0.1054 train_mae: 0.1054	val_loss: 0.1114 val_mae: 0.1114	test_loss: 0.1097 test_mae: 0.1097
train: {'epoch': 391, 'time_epoch': 2.57246, 'eta': 291.63079, 'eta_hours': 0.08101, 'loss': 0.04812717, 'lr': 0.00013791, 'params': 220085, 'time_iter': 0.01037, 'mae': 0.04813, 'r2': 0.64589, 'spearmanr': 0.79604, 'mse': 0.00699, 'rmse': 0.08362}
val: {'epoch': 391, 'time_epoch': 0.2484, 'loss': 0.12742254, 'lr': 0, 'params': 220085, 'time_iter': 0.00469, 'mae': 0.12742, 'r2': -0.46517, 'spearmanr': 0.11079, 'mse': 0.02722, 'rmse': 0.16499}
test: {'epoch': 391, 'time_epoch': 0.13487, 'loss': 0.13351606, 'lr': 0, 'params': 220085, 'time_iter': 0.00465, 'mae': 0.13352, 'r2': -0.38737, 'spearmanr': 0.22971, 'mse': 0.02721, 'rmse': 0.16496}
> Epoch 391: took 3.0s (avg 3.1s) | Best so far: epoch 55	train_loss: 0.1054 train_mae: 0.1054	val_loss: 0.1114 val_mae: 0.1114	test_loss: 0.1097 test_mae: 0.1097
train: {'epoch': 392, 'time_epoch': 2.58038, 'eta': 288.89786, 'eta_hours': 0.08025, 'loss': 0.04833534, 'lr': 0.00013552, 'params': 220085, 'time_iter': 0.0104, 'mae': 0.04834, 'r2': 0.64344, 'spearmanr': 0.79245, 'mse': 0.00704, 'rmse': 0.08391}
val: {'epoch': 392, 'time_epoch': 0.24794, 'loss': 0.12631507, 'lr': 0, 'params': 220085, 'time_iter': 0.00468, 'mae': 0.12632, 'r2': -0.44525, 'spearmanr': 0.10743, 'mse': 0.02685, 'rmse': 0.16386}
test: {'epoch': 392, 'time_epoch': 0.13542, 'loss': 0.13361143, 'lr': 0, 'params': 220085, 'time_iter': 0.00467, 'mae': 0.13361, 'r2': -0.38278, 'spearmanr': 0.23628, 'mse': 0.02712, 'rmse': 0.16469}
> Epoch 392: took 3.0s (avg 3.1s) | Best so far: epoch 55	train_loss: 0.1054 train_mae: 0.1054	val_loss: 0.1114 val_mae: 0.1114	test_loss: 0.1097 test_mae: 0.1097
train: {'epoch': 393, 'time_epoch': 2.55729, 'eta': 286.15949, 'eta_hours': 0.07949, 'loss': 0.04823533, 'lr': 0.00013314, 'params': 220085, 'time_iter': 0.01031, 'mae': 0.04824, 'r2': 0.64505, 'spearmanr': 0.79547, 'mse': 0.00701, 'rmse': 0.08372}
val: {'epoch': 393, 'time_epoch': 0.24858, 'loss': 0.12759358, 'lr': 0, 'params': 220085, 'time_iter': 0.00469, 'mae': 0.12759, 'r2': -0.47842, 'spearmanr': 0.11663, 'mse': 0.02747, 'rmse': 0.16573}
test: {'epoch': 393, 'time_epoch': 0.13448, 'loss': 0.12976118, 'lr': 0, 'params': 220085, 'time_iter': 0.00464, 'mae': 0.12976, 'r2': -0.31617, 'spearmanr': 0.2471, 'mse': 0.02582, 'rmse': 0.16067}
> Epoch 393: took 2.9s (avg 3.1s) | Best so far: epoch 55	train_loss: 0.1054 train_mae: 0.1054	val_loss: 0.1114 val_mae: 0.1114	test_loss: 0.1097 test_mae: 0.1097
train: {'epoch': 394, 'time_epoch': 2.56986, 'eta': 283.42538, 'eta_hours': 0.07873, 'loss': 0.04776101, 'lr': 0.00013077, 'params': 220085, 'time_iter': 0.01036, 'mae': 0.04776, 'r2': 0.65226, 'spearmanr': 0.79894, 'mse': 0.00687, 'rmse': 0.08286}
val: {'epoch': 394, 'time_epoch': 0.24774, 'loss': 0.12654967, 'lr': 0, 'params': 220085, 'time_iter': 0.00467, 'mae': 0.12655, 'r2': -0.44426, 'spearmanr': 0.10469, 'mse': 0.02683, 'rmse': 0.16381}
test: {'epoch': 394, 'time_epoch': 0.13469, 'loss': 0.1339165, 'lr': 0, 'params': 220085, 'time_iter': 0.00464, 'mae': 0.13392, 'r2': -0.39006, 'spearmanr': 0.23954, 'mse': 0.02726, 'rmse': 0.16512}
> Epoch 394: took 3.0s (avg 3.1s) | Best so far: epoch 55	train_loss: 0.1054 train_mae: 0.1054	val_loss: 0.1114 val_mae: 0.1114	test_loss: 0.1097 test_mae: 0.1097
train: {'epoch': 395, 'time_epoch': 2.5695, 'eta': 280.692, 'eta_hours': 0.07797, 'loss': 0.04801044, 'lr': 0.00012843, 'params': 220085, 'time_iter': 0.01036, 'mae': 0.04801, 'r2': 0.64801, 'spearmanr': 0.79771, 'mse': 0.00695, 'rmse': 0.08337}
val: {'epoch': 395, 'time_epoch': 0.25003, 'loss': 0.126052, 'lr': 0, 'params': 220085, 'time_iter': 0.00472, 'mae': 0.12605, 'r2': -0.44028, 'spearmanr': 0.11367, 'mse': 0.02676, 'rmse': 0.16358}
test: {'epoch': 395, 'time_epoch': 0.13561, 'loss': 0.13489344, 'lr': 0, 'params': 220085, 'time_iter': 0.00468, 'mae': 0.13489, 'r2': -0.40842, 'spearmanr': 0.22529, 'mse': 0.02763, 'rmse': 0.16621}
> Epoch 395: took 3.0s (avg 3.1s) | Best so far: epoch 55	train_loss: 0.1054 train_mae: 0.1054	val_loss: 0.1114 val_mae: 0.1114	test_loss: 0.1097 test_mae: 0.1097
train: {'epoch': 396, 'time_epoch': 2.73721, 'eta': 278.00296, 'eta_hours': 0.07722, 'loss': 0.04779338, 'lr': 0.0001261, 'params': 220085, 'time_iter': 0.01104, 'mae': 0.04779, 'r2': 0.64903, 'spearmanr': 0.79734, 'mse': 0.00693, 'rmse': 0.08325}
val: {'epoch': 396, 'time_epoch': 0.29344, 'loss': 0.12714883, 'lr': 0, 'params': 220085, 'time_iter': 0.00554, 'mae': 0.12715, 'r2': -0.46201, 'spearmanr': 0.11327, 'mse': 0.02716, 'rmse': 0.16481}
test: {'epoch': 396, 'time_epoch': 0.15639, 'loss': 0.13238667, 'lr': 0, 'params': 220085, 'time_iter': 0.00539, 'mae': 0.13239, 'r2': -0.37341, 'spearmanr': 0.23285, 'mse': 0.02694, 'rmse': 0.16413}
> Epoch 396: took 3.2s (avg 3.1s) | Best so far: epoch 55	train_loss: 0.1054 train_mae: 0.1054	val_loss: 0.1114 val_mae: 0.1114	test_loss: 0.1097 test_mae: 0.1097
train: {'epoch': 397, 'time_epoch': 2.89425, 'eta': 275.35393, 'eta_hours': 0.07649, 'loss': 0.04764636, 'lr': 0.00012379, 'params': 220085, 'time_iter': 0.01167, 'mae': 0.04765, 'r2': 0.65085, 'spearmanr': 0.79872, 'mse': 0.00689, 'rmse': 0.08303}
val: {'epoch': 397, 'time_epoch': 0.3006, 'loss': 0.12748903, 'lr': 0, 'params': 220085, 'time_iter': 0.00567, 'mae': 0.12749, 'r2': -0.47071, 'spearmanr': 0.11218, 'mse': 0.02732, 'rmse': 0.1653}
test: {'epoch': 397, 'time_epoch': 0.16659, 'loss': 0.1357398, 'lr': 0, 'params': 220085, 'time_iter': 0.00574, 'mae': 0.13574, 'r2': -0.43838, 'spearmanr': 0.219, 'mse': 0.02821, 'rmse': 0.16797}
> Epoch 397: took 3.4s (avg 3.1s) | Best so far: epoch 55	train_loss: 0.1054 train_mae: 0.1054	val_loss: 0.1114 val_mae: 0.1114	test_loss: 0.1097 test_mae: 0.1097
train: {'epoch': 398, 'time_epoch': 3.06552, 'eta': 272.74702, 'eta_hours': 0.07576, 'loss': 0.04776668, 'lr': 0.0001215, 'params': 220085, 'time_iter': 0.01236, 'mae': 0.04777, 'r2': 0.65132, 'spearmanr': 0.79866, 'mse': 0.00688, 'rmse': 0.08297}
val: {'epoch': 398, 'time_epoch': 0.25909, 'loss': 0.12741537, 'lr': 0, 'params': 220085, 'time_iter': 0.00489, 'mae': 0.12742, 'r2': -0.45655, 'spearmanr': 0.10747, 'mse': 0.02706, 'rmse': 0.1645}
test: {'epoch': 398, 'time_epoch': 0.14582, 'loss': 0.1321136, 'lr': 0, 'params': 220085, 'time_iter': 0.00503, 'mae': 0.13211, 'r2': -0.37377, 'spearmanr': 0.23349, 'mse': 0.02695, 'rmse': 0.16415}
> Epoch 398: took 3.5s (avg 3.1s) | Best so far: epoch 55	train_loss: 0.1054 train_mae: 0.1054	val_loss: 0.1114 val_mae: 0.1114	test_loss: 0.1097 test_mae: 0.1097
train: {'epoch': 399, 'time_epoch': 2.73562, 'eta': 270.05534, 'eta_hours': 0.07502, 'loss': 0.04757848, 'lr': 0.00011923, 'params': 220085, 'time_iter': 0.01103, 'mae': 0.04758, 'r2': 0.65134, 'spearmanr': 0.79733, 'mse': 0.00688, 'rmse': 0.08297}
val: {'epoch': 399, 'time_epoch': 0.26649, 'loss': 0.12622912, 'lr': 0, 'params': 220085, 'time_iter': 0.00503, 'mae': 0.12623, 'r2': -0.44073, 'spearmanr': 0.11004, 'mse': 0.02677, 'rmse': 0.16361}
test: {'epoch': 399, 'time_epoch': 0.15483, 'loss': 0.13510067, 'lr': 0, 'params': 220085, 'time_iter': 0.00534, 'mae': 0.1351, 'r2': -0.39405, 'spearmanr': 0.23119, 'mse': 0.02734, 'rmse': 0.16536}
> Epoch 399: took 3.2s (avg 3.1s) | Best so far: epoch 55	train_loss: 0.1054 train_mae: 0.1054	val_loss: 0.1114 val_mae: 0.1114	test_loss: 0.1097 test_mae: 0.1097
train: {'epoch': 400, 'time_epoch': 2.77542, 'eta': 267.37327, 'eta_hours': 0.07427, 'loss': 0.04788488, 'lr': 0.00011698, 'params': 220085, 'time_iter': 0.01119, 'mae': 0.04788, 'r2': 0.65273, 'spearmanr': 0.79876, 'mse': 0.00686, 'rmse': 0.08281}
val: {'epoch': 400, 'time_epoch': 0.27467, 'loss': 0.12674599, 'lr': 0, 'params': 220085, 'time_iter': 0.00518, 'mae': 0.12675, 'r2': -0.44739, 'spearmanr': 0.11583, 'mse': 0.02689, 'rmse': 0.16399}
test: {'epoch': 400, 'time_epoch': 0.14771, 'loss': 0.1362083, 'lr': 0, 'params': 220085, 'time_iter': 0.00509, 'mae': 0.13621, 'r2': -0.43072, 'spearmanr': 0.2135, 'mse': 0.02806, 'rmse': 0.16752}
> Epoch 400: took 3.2s (avg 3.1s) | Best so far: epoch 55	train_loss: 0.1054 train_mae: 0.1054	val_loss: 0.1114 val_mae: 0.1114	test_loss: 0.1097 test_mae: 0.1097
train: {'epoch': 401, 'time_epoch': 2.86224, 'eta': 264.7119, 'eta_hours': 0.07353, 'loss': 0.04726554, 'lr': 0.00011474, 'params': 220085, 'time_iter': 0.01154, 'mae': 0.04727, 'r2': 0.65462, 'spearmanr': 0.79895, 'mse': 0.00682, 'rmse': 0.08258}
val: {'epoch': 401, 'time_epoch': 0.26219, 'loss': 0.12672628, 'lr': 0, 'params': 220085, 'time_iter': 0.00495, 'mae': 0.12673, 'r2': -0.45148, 'spearmanr': 0.1174, 'mse': 0.02697, 'rmse': 0.16422}
test: {'epoch': 401, 'time_epoch': 0.13676, 'loss': 0.13456145, 'lr': 0, 'params': 220085, 'time_iter': 0.00472, 'mae': 0.13456, 'r2': -0.39532, 'spearmanr': 0.22996, 'mse': 0.02737, 'rmse': 0.16543}
> Epoch 401: took 3.3s (avg 3.1s) | Best so far: epoch 55	train_loss: 0.1054 train_mae: 0.1054	val_loss: 0.1114 val_mae: 0.1114	test_loss: 0.1097 test_mae: 0.1097
train: {'epoch': 402, 'time_epoch': 2.72489, 'eta': 262.01648, 'eta_hours': 0.07278, 'loss': 0.04751518, 'lr': 0.00011253, 'params': 220085, 'time_iter': 0.01099, 'mae': 0.04752, 'r2': 0.65333, 'spearmanr': 0.80063, 'mse': 0.00684, 'rmse': 0.08273}
val: {'epoch': 402, 'time_epoch': 0.26292, 'loss': 0.12630543, 'lr': 0, 'params': 220085, 'time_iter': 0.00496, 'mae': 0.12631, 'r2': -0.44158, 'spearmanr': 0.11269, 'mse': 0.02678, 'rmse': 0.16366}
test: {'epoch': 402, 'time_epoch': 0.15418, 'loss': 0.13200888, 'lr': 0, 'params': 220085, 'time_iter': 0.00532, 'mae': 0.13201, 'r2': -0.35498, 'spearmanr': 0.23925, 'mse': 0.02658, 'rmse': 0.16302}
> Epoch 402: took 3.2s (avg 3.1s) | Best so far: epoch 55	train_loss: 0.1054 train_mae: 0.1054	val_loss: 0.1114 val_mae: 0.1114	test_loss: 0.1097 test_mae: 0.1097
train: {'epoch': 403, 'time_epoch': 2.73806, 'eta': 259.32404, 'eta_hours': 0.07203, 'loss': 0.04718477, 'lr': 0.00011033, 'params': 220085, 'time_iter': 0.01104, 'mae': 0.04718, 'r2': 0.6557, 'spearmanr': 0.79932, 'mse': 0.0068, 'rmse': 0.08245}
val: {'epoch': 403, 'time_epoch': 0.24693, 'loss': 0.12677214, 'lr': 0, 'params': 220085, 'time_iter': 0.00466, 'mae': 0.12677, 'r2': -0.45601, 'spearmanr': 0.11182, 'mse': 0.02705, 'rmse': 0.16447}
test: {'epoch': 403, 'time_epoch': 0.13627, 'loss': 0.13596129, 'lr': 0, 'params': 220085, 'time_iter': 0.0047, 'mae': 0.13596, 'r2': -0.42378, 'spearmanr': 0.21253, 'mse': 0.02793, 'rmse': 0.16711}
> Epoch 403: took 3.1s (avg 3.1s) | Best so far: epoch 55	train_loss: 0.1054 train_mae: 0.1054	val_loss: 0.1114 val_mae: 0.1114	test_loss: 0.1097 test_mae: 0.1097
train: {'epoch': 404, 'time_epoch': 2.78544, 'eta': 256.64248, 'eta_hours': 0.07129, 'loss': 0.04696814, 'lr': 0.00010815, 'params': 220085, 'time_iter': 0.01123, 'mae': 0.04697, 'r2': 0.65655, 'spearmanr': 0.80128, 'mse': 0.00678, 'rmse': 0.08235}
val: {'epoch': 404, 'time_epoch': 0.25285, 'loss': 0.12610464, 'lr': 0, 'params': 220085, 'time_iter': 0.00477, 'mae': 0.1261, 'r2': -0.44635, 'spearmanr': 0.1114, 'mse': 0.02687, 'rmse': 0.16393}
test: {'epoch': 404, 'time_epoch': 0.14532, 'loss': 0.13404643, 'lr': 0, 'params': 220085, 'time_iter': 0.00501, 'mae': 0.13405, 'r2': -0.3837, 'spearmanr': 0.21263, 'mse': 0.02714, 'rmse': 0.16474}
> Epoch 404: took 3.2s (avg 3.1s) | Best so far: epoch 55	train_loss: 0.1054 train_mae: 0.1054	val_loss: 0.1114 val_mae: 0.1114	test_loss: 0.1097 test_mae: 0.1097
train: {'epoch': 405, 'time_epoch': 2.6551, 'eta': 253.93024, 'eta_hours': 0.07054, 'loss': 0.04667504, 'lr': 0.00010599, 'params': 220085, 'time_iter': 0.01071, 'mae': 0.04668, 'r2': 0.65861, 'spearmanr': 0.80106, 'mse': 0.00674, 'rmse': 0.0821}
val: {'epoch': 405, 'time_epoch': 0.24542, 'loss': 0.12596829, 'lr': 0, 'params': 220085, 'time_iter': 0.00463, 'mae': 0.12597, 'r2': -0.44553, 'spearmanr': 0.11523, 'mse': 0.02686, 'rmse': 0.16388}
test: {'epoch': 405, 'time_epoch': 0.13455, 'loss': 0.13520205, 'lr': 0, 'params': 220085, 'time_iter': 0.00464, 'mae': 0.1352, 'r2': -0.4046, 'spearmanr': 0.22043, 'mse': 0.02755, 'rmse': 0.16598}
> Epoch 405: took 3.0s (avg 3.1s) | Best so far: epoch 55	train_loss: 0.1054 train_mae: 0.1054	val_loss: 0.1114 val_mae: 0.1114	test_loss: 0.1097 test_mae: 0.1097
train: {'epoch': 406, 'time_epoch': 3.1406, 'eta': 251.32921, 'eta_hours': 0.06981, 'loss': 0.0472691, 'lr': 0.00010386, 'params': 220085, 'time_iter': 0.01266, 'mae': 0.04727, 'r2': 0.65172, 'spearmanr': 0.79875, 'mse': 0.00688, 'rmse': 0.08293}
val: {'epoch': 406, 'time_epoch': 0.30765, 'loss': 0.1259543, 'lr': 0, 'params': 220085, 'time_iter': 0.0058, 'mae': 0.12595, 'r2': -0.45022, 'spearmanr': 0.12532, 'mse': 0.02694, 'rmse': 0.16415}
test: {'epoch': 406, 'time_epoch': 0.16125, 'loss': 0.13379596, 'lr': 0, 'params': 220085, 'time_iter': 0.00556, 'mae': 0.1338, 'r2': -0.381, 'spearmanr': 0.22222, 'mse': 0.02709, 'rmse': 0.16458}
> Epoch 406: took 3.6s (avg 3.1s) | Best so far: epoch 55	train_loss: 0.1054 train_mae: 0.1054	val_loss: 0.1114 val_mae: 0.1114	test_loss: 0.1097 test_mae: 0.1097
train: {'epoch': 407, 'time_epoch': 3.01453, 'eta': 248.69712, 'eta_hours': 0.06908, 'loss': 0.04773062, 'lr': 0.00010174, 'params': 220085, 'time_iter': 0.01216, 'mae': 0.04773, 'r2': 0.6521, 'spearmanr': 0.7986, 'mse': 0.00687, 'rmse': 0.08288}
val: {'epoch': 407, 'time_epoch': 0.27398, 'loss': 0.12647407, 'lr': 0, 'params': 220085, 'time_iter': 0.00517, 'mae': 0.12647, 'r2': -0.46033, 'spearmanr': 0.12057, 'mse': 0.02713, 'rmse': 0.16472}
test: {'epoch': 407, 'time_epoch': 0.13735, 'loss': 0.13455819, 'lr': 0, 'params': 220085, 'time_iter': 0.00474, 'mae': 0.13456, 'r2': -0.3914, 'spearmanr': 0.22468, 'mse': 0.02729, 'rmse': 0.1652}
> Epoch 407: took 3.4s (avg 3.1s) | Best so far: epoch 55	train_loss: 0.1054 train_mae: 0.1054	val_loss: 0.1114 val_mae: 0.1114	test_loss: 0.1097 test_mae: 0.1097
train: {'epoch': 408, 'time_epoch': 2.81382, 'eta': 246.01849, 'eta_hours': 0.06834, 'loss': 0.0472136, 'lr': 9.963e-05, 'params': 220085, 'time_iter': 0.01135, 'mae': 0.04721, 'r2': 0.65619, 'spearmanr': 0.79963, 'mse': 0.00679, 'rmse': 0.08239}
val: {'epoch': 408, 'time_epoch': 0.26901, 'loss': 0.12580274, 'lr': 0, 'params': 220085, 'time_iter': 0.00508, 'mae': 0.1258, 'r2': -0.43262, 'spearmanr': 0.11551, 'mse': 0.02662, 'rmse': 0.16315}
test: {'epoch': 408, 'time_epoch': 0.1378, 'loss': 0.13393101, 'lr': 0, 'params': 220085, 'time_iter': 0.00475, 'mae': 0.13393, 'r2': -0.38301, 'spearmanr': 0.24161, 'mse': 0.02713, 'rmse': 0.1647}
> Epoch 408: took 3.2s (avg 3.1s) | Best so far: epoch 55	train_loss: 0.1054 train_mae: 0.1054	val_loss: 0.1114 val_mae: 0.1114	test_loss: 0.1097 test_mae: 0.1097
train: {'epoch': 409, 'time_epoch': 2.72906, 'eta': 243.32061, 'eta_hours': 0.06759, 'loss': 0.04679229, 'lr': 9.755e-05, 'params': 220085, 'time_iter': 0.011, 'mae': 0.04679, 'r2': 0.66178, 'spearmanr': 0.80282, 'mse': 0.00668, 'rmse': 0.08172}
val: {'epoch': 409, 'time_epoch': 0.27738, 'loss': 0.12614391, 'lr': 0, 'params': 220085, 'time_iter': 0.00523, 'mae': 0.12614, 'r2': -0.45148, 'spearmanr': 0.10957, 'mse': 0.02697, 'rmse': 0.16422}
test: {'epoch': 409, 'time_epoch': 0.13589, 'loss': 0.13864517, 'lr': 0, 'params': 220085, 'time_iter': 0.00469, 'mae': 0.13865, 'r2': -0.48261, 'spearmanr': 0.21848, 'mse': 0.02908, 'rmse': 0.17053}
> Epoch 409: took 3.2s (avg 3.1s) | Best so far: epoch 55	train_loss: 0.1054 train_mae: 0.1054	val_loss: 0.1114 val_mae: 0.1114	test_loss: 0.1097 test_mae: 0.1097
train: {'epoch': 410, 'time_epoch': 2.94842, 'eta': 240.67007, 'eta_hours': 0.06685, 'loss': 0.04733207, 'lr': 9.549e-05, 'params': 220085, 'time_iter': 0.01189, 'mae': 0.04733, 'r2': 0.65232, 'spearmanr': 0.79805, 'mse': 0.00686, 'rmse': 0.08285}
val: {'epoch': 410, 'time_epoch': 0.2496, 'loss': 0.12561961, 'lr': 0, 'params': 220085, 'time_iter': 0.00471, 'mae': 0.12562, 'r2': -0.432, 'spearmanr': 0.11473, 'mse': 0.02661, 'rmse': 0.16311}
test: {'epoch': 410, 'time_epoch': 0.14025, 'loss': 0.13085943, 'lr': 0, 'params': 220085, 'time_iter': 0.00484, 'mae': 0.13086, 'r2': -0.33789, 'spearmanr': 0.24328, 'mse': 0.02624, 'rmse': 0.16199}
> Epoch 410: took 3.3s (avg 3.1s) | Best so far: epoch 55	train_loss: 0.1054 train_mae: 0.1054	val_loss: 0.1114 val_mae: 0.1114	test_loss: 0.1097 test_mae: 0.1097
train: {'epoch': 411, 'time_epoch': 2.70827, 'eta': 237.96679, 'eta_hours': 0.0661, 'loss': 0.04652491, 'lr': 9.345e-05, 'params': 220085, 'time_iter': 0.01092, 'mae': 0.04652, 'r2': 0.66232, 'spearmanr': 0.80483, 'mse': 0.00667, 'rmse': 0.08165}
val: {'epoch': 411, 'time_epoch': 0.26457, 'loss': 0.1258707, 'lr': 0, 'params': 220085, 'time_iter': 0.00499, 'mae': 0.12587, 'r2': -0.43484, 'spearmanr': 0.1099, 'mse': 0.02666, 'rmse': 0.16327}
test: {'epoch': 411, 'time_epoch': 0.13877, 'loss': 0.13061229, 'lr': 0, 'params': 220085, 'time_iter': 0.00479, 'mae': 0.13061, 'r2': -0.32862, 'spearmanr': 0.24201, 'mse': 0.02606, 'rmse': 0.16143}
> Epoch 411: took 3.1s (avg 3.1s) | Best so far: epoch 55	train_loss: 0.1054 train_mae: 0.1054	val_loss: 0.1114 val_mae: 0.1114	test_loss: 0.1097 test_mae: 0.1097
train: {'epoch': 412, 'time_epoch': 2.6472, 'eta': 235.25062, 'eta_hours': 0.06535, 'loss': 0.04643832, 'lr': 9.143e-05, 'params': 220085, 'time_iter': 0.01067, 'mae': 0.04644, 'r2': 0.66063, 'spearmanr': 0.80179, 'mse': 0.0067, 'rmse': 0.08186}
val: {'epoch': 412, 'time_epoch': 0.24652, 'loss': 0.12695575, 'lr': 0, 'params': 220085, 'time_iter': 0.00465, 'mae': 0.12696, 'r2': -0.45063, 'spearmanr': 0.11361, 'mse': 0.02695, 'rmse': 0.16417}
test: {'epoch': 412, 'time_epoch': 0.13521, 'loss': 0.13742102, 'lr': 0, 'params': 220085, 'time_iter': 0.00466, 'mae': 0.13742, 'r2': -0.44283, 'spearmanr': 0.21937, 'mse': 0.0283, 'rmse': 0.16823}
> Epoch 412: took 3.0s (avg 3.1s) | Best so far: epoch 55	train_loss: 0.1054 train_mae: 0.1054	val_loss: 0.1114 val_mae: 0.1114	test_loss: 0.1097 test_mae: 0.1097
train: {'epoch': 413, 'time_epoch': 2.68271, 'eta': 232.54216, 'eta_hours': 0.0646, 'loss': 0.04654598, 'lr': 8.943e-05, 'params': 220085, 'time_iter': 0.01082, 'mae': 0.04655, 'r2': 0.66006, 'spearmanr': 0.80403, 'mse': 0.00671, 'rmse': 0.08193}
val: {'epoch': 413, 'time_epoch': 0.25553, 'loss': 0.1272914, 'lr': 0, 'params': 220085, 'time_iter': 0.00482, 'mae': 0.12729, 'r2': -0.47091, 'spearmanr': 0.11132, 'mse': 0.02733, 'rmse': 0.16531}
test: {'epoch': 413, 'time_epoch': 0.14117, 'loss': 0.13134712, 'lr': 0, 'params': 220085, 'time_iter': 0.00487, 'mae': 0.13135, 'r2': -0.3585, 'spearmanr': 0.24208, 'mse': 0.02665, 'rmse': 0.16324}
> Epoch 413: took 3.1s (avg 3.1s) | Best so far: epoch 55	train_loss: 0.1054 train_mae: 0.1054	val_loss: 0.1114 val_mae: 0.1114	test_loss: 0.1097 test_mae: 0.1097
train: {'epoch': 414, 'time_epoch': 2.68317, 'eta': 229.83392, 'eta_hours': 0.06384, 'loss': 0.04688051, 'lr': 8.744e-05, 'params': 220085, 'time_iter': 0.01082, 'mae': 0.04688, 'r2': 0.65844, 'spearmanr': 0.80477, 'mse': 0.00674, 'rmse': 0.08212}
val: {'epoch': 414, 'time_epoch': 0.25172, 'loss': 0.1255868, 'lr': 0, 'params': 220085, 'time_iter': 0.00475, 'mae': 0.12559, 'r2': -0.4165, 'spearmanr': 0.1094, 'mse': 0.02632, 'rmse': 0.16223}
test: {'epoch': 414, 'time_epoch': 0.13517, 'loss': 0.1319096, 'lr': 0, 'params': 220085, 'time_iter': 0.00466, 'mae': 0.13191, 'r2': -0.35922, 'spearmanr': 0.24153, 'mse': 0.02666, 'rmse': 0.16328}
> Epoch 414: took 3.1s (avg 3.1s) | Best so far: epoch 55	train_loss: 0.1054 train_mae: 0.1054	val_loss: 0.1114 val_mae: 0.1114	test_loss: 0.1097 test_mae: 0.1097
train: {'epoch': 415, 'time_epoch': 2.7616, 'eta': 227.14164, 'eta_hours': 0.06309, 'loss': 0.04615868, 'lr': 8.548e-05, 'params': 220085, 'time_iter': 0.01114, 'mae': 0.04616, 'r2': 0.66613, 'spearmanr': 0.80728, 'mse': 0.00659, 'rmse': 0.08119}
val: {'epoch': 415, 'time_epoch': 0.25635, 'loss': 0.12673374, 'lr': 0, 'params': 220085, 'time_iter': 0.00484, 'mae': 0.12673, 'r2': -0.45541, 'spearmanr': 0.1079, 'mse': 0.02704, 'rmse': 0.16444}
test: {'epoch': 415, 'time_epoch': 0.14142, 'loss': 0.13117324, 'lr': 0, 'params': 220085, 'time_iter': 0.00488, 'mae': 0.13117, 'r2': -0.35858, 'spearmanr': 0.24338, 'mse': 0.02665, 'rmse': 0.16324}
> Epoch 415: took 3.2s (avg 3.1s) | Best so far: epoch 55	train_loss: 0.1054 train_mae: 0.1054	val_loss: 0.1114 val_mae: 0.1114	test_loss: 0.1097 test_mae: 0.1097
train: {'epoch': 416, 'time_epoch': 2.68574, 'eta': 224.43392, 'eta_hours': 0.06234, 'loss': 0.04639683, 'lr': 8.354e-05, 'params': 220085, 'time_iter': 0.01083, 'mae': 0.0464, 'r2': 0.66143, 'spearmanr': 0.803, 'mse': 0.00668, 'rmse': 0.08176}
val: {'epoch': 416, 'time_epoch': 0.25654, 'loss': 0.12777957, 'lr': 0, 'params': 220085, 'time_iter': 0.00484, 'mae': 0.12778, 'r2': -0.48822, 'spearmanr': 0.1073, 'mse': 0.02765, 'rmse': 0.16628}
test: {'epoch': 416, 'time_epoch': 0.13583, 'loss': 0.13172459, 'lr': 0, 'params': 220085, 'time_iter': 0.00468, 'mae': 0.13172, 'r2': -0.35969, 'spearmanr': 0.23824, 'mse': 0.02667, 'rmse': 0.16331}
> Epoch 416: took 3.1s (avg 3.1s) | Best so far: epoch 55	train_loss: 0.1054 train_mae: 0.1054	val_loss: 0.1114 val_mae: 0.1114	test_loss: 0.1097 test_mae: 0.1097
train: {'epoch': 417, 'time_epoch': 2.61892, 'eta': 221.7132, 'eta_hours': 0.06159, 'loss': 0.04624003, 'lr': 8.162e-05, 'params': 220085, 'time_iter': 0.01056, 'mae': 0.04624, 'r2': 0.66384, 'spearmanr': 0.80516, 'mse': 0.00664, 'rmse': 0.08147}
val: {'epoch': 417, 'time_epoch': 0.24731, 'loss': 0.12651675, 'lr': 0, 'params': 220085, 'time_iter': 0.00467, 'mae': 0.12652, 'r2': -0.44378, 'spearmanr': 0.10312, 'mse': 0.02682, 'rmse': 0.16378}
test: {'epoch': 417, 'time_epoch': 0.13652, 'loss': 0.13235489, 'lr': 0, 'params': 220085, 'time_iter': 0.00471, 'mae': 0.13235, 'r2': -0.37587, 'spearmanr': 0.2394, 'mse': 0.02699, 'rmse': 0.16428}
> Epoch 417: took 3.0s (avg 3.1s) | Best so far: epoch 55	train_loss: 0.1054 train_mae: 0.1054	val_loss: 0.1114 val_mae: 0.1114	test_loss: 0.1097 test_mae: 0.1097
train: {'epoch': 418, 'time_epoch': 2.66021, 'eta': 219.00095, 'eta_hours': 0.06083, 'loss': 0.04640943, 'lr': 7.972e-05, 'params': 220085, 'time_iter': 0.01073, 'mae': 0.04641, 'r2': 0.66378, 'spearmanr': 0.80635, 'mse': 0.00664, 'rmse': 0.08148}
val: {'epoch': 418, 'time_epoch': 0.2644, 'loss': 0.12798422, 'lr': 0, 'params': 220085, 'time_iter': 0.00499, 'mae': 0.12798, 'r2': -0.48472, 'spearmanr': 0.11344, 'mse': 0.02758, 'rmse': 0.16609}
test: {'epoch': 418, 'time_epoch': 0.14306, 'loss': 0.13421655, 'lr': 0, 'params': 220085, 'time_iter': 0.00493, 'mae': 0.13422, 'r2': -0.39951, 'spearmanr': 0.23889, 'mse': 0.02745, 'rmse': 0.16568}
> Epoch 418: took 3.1s (avg 3.1s) | Best so far: epoch 55	train_loss: 0.1054 train_mae: 0.1054	val_loss: 0.1114 val_mae: 0.1114	test_loss: 0.1097 test_mae: 0.1097
train: {'epoch': 419, 'time_epoch': 2.76364, 'eta': 216.30865, 'eta_hours': 0.06009, 'loss': 0.04695813, 'lr': 7.784e-05, 'params': 220085, 'time_iter': 0.01114, 'mae': 0.04696, 'r2': 0.65878, 'spearmanr': 0.80279, 'mse': 0.00674, 'rmse': 0.08208}
val: {'epoch': 419, 'time_epoch': 0.26581, 'loss': 0.12717734, 'lr': 0, 'params': 220085, 'time_iter': 0.00502, 'mae': 0.12718, 'r2': -0.4606, 'spearmanr': 0.11301, 'mse': 0.02714, 'rmse': 0.16473}
test: {'epoch': 419, 'time_epoch': 0.1461, 'loss': 0.13432514, 'lr': 0, 'params': 220085, 'time_iter': 0.00504, 'mae': 0.13433, 'r2': -0.40114, 'spearmanr': 0.23738, 'mse': 0.02748, 'rmse': 0.16578}
> Epoch 419: took 3.2s (avg 3.1s) | Best so far: epoch 55	train_loss: 0.1054 train_mae: 0.1054	val_loss: 0.1114 val_mae: 0.1114	test_loss: 0.1097 test_mae: 0.1097
train: {'epoch': 420, 'time_epoch': 2.92913, 'eta': 213.64707, 'eta_hours': 0.05935, 'loss': 0.04578634, 'lr': 7.598e-05, 'params': 220085, 'time_iter': 0.01181, 'mae': 0.04579, 'r2': 0.6658, 'spearmanr': 0.809, 'mse': 0.0066, 'rmse': 0.08123}
val: {'epoch': 420, 'time_epoch': 0.25334, 'loss': 0.12739776, 'lr': 0, 'params': 220085, 'time_iter': 0.00478, 'mae': 0.1274, 'r2': -0.46832, 'spearmanr': 0.11311, 'mse': 0.02728, 'rmse': 0.16517}
test: {'epoch': 420, 'time_epoch': 0.13608, 'loss': 0.13207585, 'lr': 0, 'params': 220085, 'time_iter': 0.00469, 'mae': 0.13208, 'r2': -0.3588, 'spearmanr': 0.23529, 'mse': 0.02665, 'rmse': 0.16325}
> Epoch 420: took 3.3s (avg 3.1s) | Best so far: epoch 55	train_loss: 0.1054 train_mae: 0.1054	val_loss: 0.1114 val_mae: 0.1114	test_loss: 0.1097 test_mae: 0.1097
train: {'epoch': 421, 'time_epoch': 2.76077, 'eta': 210.95309, 'eta_hours': 0.0586, 'loss': 0.04613683, 'lr': 7.414e-05, 'params': 220085, 'time_iter': 0.01113, 'mae': 0.04614, 'r2': 0.66458, 'spearmanr': 0.80566, 'mse': 0.00662, 'rmse': 0.08138}
val: {'epoch': 421, 'time_epoch': 0.28531, 'loss': 0.12655171, 'lr': 0, 'params': 220085, 'time_iter': 0.00538, 'mae': 0.12655, 'r2': -0.44264, 'spearmanr': 0.10371, 'mse': 0.0268, 'rmse': 0.16372}
test: {'epoch': 421, 'time_epoch': 0.15872, 'loss': 0.13381469, 'lr': 0, 'params': 220085, 'time_iter': 0.00547, 'mae': 0.13381, 'r2': -0.39462, 'spearmanr': 0.22319, 'mse': 0.02735, 'rmse': 0.16539}
> Epoch 421: took 3.2s (avg 3.1s) | Best so far: epoch 55	train_loss: 0.1054 train_mae: 0.1054	val_loss: 0.1114 val_mae: 0.1114	test_loss: 0.1097 test_mae: 0.1097
train: {'epoch': 422, 'time_epoch': 2.87036, 'eta': 208.27875, 'eta_hours': 0.05786, 'loss': 0.04570551, 'lr': 7.232e-05, 'params': 220085, 'time_iter': 0.01157, 'mae': 0.04571, 'r2': 0.67004, 'spearmanr': 0.80904, 'mse': 0.00651, 'rmse': 0.08072}
val: {'epoch': 422, 'time_epoch': 0.28521, 'loss': 0.12714666, 'lr': 0, 'params': 220085, 'time_iter': 0.00538, 'mae': 0.12715, 'r2': -0.46433, 'spearmanr': 0.11478, 'mse': 0.02721, 'rmse': 0.16494}
test: {'epoch': 422, 'time_epoch': 0.14701, 'loss': 0.13531377, 'lr': 0, 'params': 220085, 'time_iter': 0.00507, 'mae': 0.13531, 'r2': -0.41307, 'spearmanr': 0.22805, 'mse': 0.02772, 'rmse': 0.16648}
> Epoch 422: took 3.3s (avg 3.1s) | Best so far: epoch 55	train_loss: 0.1054 train_mae: 0.1054	val_loss: 0.1114 val_mae: 0.1114	test_loss: 0.1097 test_mae: 0.1097
train: {'epoch': 423, 'time_epoch': 2.86948, 'eta': 205.60333, 'eta_hours': 0.05711, 'loss': 0.04598973, 'lr': 7.052e-05, 'params': 220085, 'time_iter': 0.01157, 'mae': 0.04599, 'r2': 0.66664, 'spearmanr': 0.80699, 'mse': 0.00658, 'rmse': 0.08113}
val: {'epoch': 423, 'time_epoch': 0.25653, 'loss': 0.12573257, 'lr': 0, 'params': 220085, 'time_iter': 0.00484, 'mae': 0.12573, 'r2': -0.42459, 'spearmanr': 0.11626, 'mse': 0.02647, 'rmse': 0.16269}
test: {'epoch': 423, 'time_epoch': 0.14076, 'loss': 0.13226295, 'lr': 0, 'params': 220085, 'time_iter': 0.00485, 'mae': 0.13226, 'r2': -0.35322, 'spearmanr': 0.23739, 'mse': 0.02654, 'rmse': 0.16292}
> Epoch 423: took 3.3s (avg 3.1s) | Best so far: epoch 55	train_loss: 0.1054 train_mae: 0.1054	val_loss: 0.1114 val_mae: 0.1114	test_loss: 0.1097 test_mae: 0.1097
train: {'epoch': 424, 'time_epoch': 2.75993, 'eta': 202.90766, 'eta_hours': 0.05636, 'loss': 0.04622122, 'lr': 6.874e-05, 'params': 220085, 'time_iter': 0.01113, 'mae': 0.04622, 'r2': 0.66439, 'spearmanr': 0.80578, 'mse': 0.00663, 'rmse': 0.0814}
val: {'epoch': 424, 'time_epoch': 0.25962, 'loss': 0.12727134, 'lr': 0, 'params': 220085, 'time_iter': 0.0049, 'mae': 0.12727, 'r2': -0.46825, 'spearmanr': 0.11665, 'mse': 0.02728, 'rmse': 0.16516}
test: {'epoch': 424, 'time_epoch': 0.13941, 'loss': 0.13160325, 'lr': 0, 'params': 220085, 'time_iter': 0.00481, 'mae': 0.1316, 'r2': -0.35326, 'spearmanr': 0.24024, 'mse': 0.02654, 'rmse': 0.16292}
> Epoch 424: took 3.2s (avg 3.1s) | Best so far: epoch 55	train_loss: 0.1054 train_mae: 0.1054	val_loss: 0.1114 val_mae: 0.1114	test_loss: 0.1097 test_mae: 0.1097
train: {'epoch': 425, 'time_epoch': 2.75345, 'eta': 200.21057, 'eta_hours': 0.05561, 'loss': 0.04611365, 'lr': 6.699e-05, 'params': 220085, 'time_iter': 0.0111, 'mae': 0.04611, 'r2': 0.66658, 'spearmanr': 0.80773, 'mse': 0.00658, 'rmse': 0.08114}
val: {'epoch': 425, 'time_epoch': 0.26601, 'loss': 0.12733689, 'lr': 0, 'params': 220085, 'time_iter': 0.00502, 'mae': 0.12734, 'r2': -0.46315, 'spearmanr': 0.11946, 'mse': 0.02718, 'rmse': 0.16488}
test: {'epoch': 425, 'time_epoch': 0.14998, 'loss': 0.13298737, 'lr': 0, 'params': 220085, 'time_iter': 0.00517, 'mae': 0.13299, 'r2': -0.36691, 'spearmanr': 0.23604, 'mse': 0.02681, 'rmse': 0.16374}
> Epoch 425: took 3.2s (avg 3.1s) | Best so far: epoch 55	train_loss: 0.1054 train_mae: 0.1054	val_loss: 0.1114 val_mae: 0.1114	test_loss: 0.1097 test_mae: 0.1097
train: {'epoch': 426, 'time_epoch': 2.7007, 'eta': 197.50419, 'eta_hours': 0.05486, 'loss': 0.04610506, 'lr': 6.525e-05, 'params': 220085, 'time_iter': 0.01089, 'mae': 0.04611, 'r2': 0.66414, 'spearmanr': 0.80643, 'mse': 0.00663, 'rmse': 0.08143}
val: {'epoch': 426, 'time_epoch': 0.2643, 'loss': 0.12665663, 'lr': 0, 'params': 220085, 'time_iter': 0.00499, 'mae': 0.12666, 'r2': -0.45869, 'spearmanr': 0.11948, 'mse': 0.0271, 'rmse': 0.16462}
test: {'epoch': 426, 'time_epoch': 0.14356, 'loss': 0.13520794, 'lr': 0, 'params': 220085, 'time_iter': 0.00495, 'mae': 0.13521, 'r2': -0.401, 'spearmanr': 0.22475, 'mse': 0.02748, 'rmse': 0.16577}
> Epoch 426: took 3.1s (avg 3.1s) | Best so far: epoch 55	train_loss: 0.1054 train_mae: 0.1054	val_loss: 0.1114 val_mae: 0.1114	test_loss: 0.1097 test_mae: 0.1097
train: {'epoch': 427, 'time_epoch': 2.91723, 'eta': 194.83427, 'eta_hours': 0.05412, 'loss': 0.0456766, 'lr': 6.354e-05, 'params': 220085, 'time_iter': 0.01176, 'mae': 0.04568, 'r2': 0.67038, 'spearmanr': 0.80765, 'mse': 0.00651, 'rmse': 0.08067}
val: {'epoch': 427, 'time_epoch': 0.26597, 'loss': 0.12657404, 'lr': 0, 'params': 220085, 'time_iter': 0.00502, 'mae': 0.12657, 'r2': -0.44181, 'spearmanr': 0.11263, 'mse': 0.02679, 'rmse': 0.16367}
test: {'epoch': 427, 'time_epoch': 0.14621, 'loss': 0.13584958, 'lr': 0, 'params': 220085, 'time_iter': 0.00504, 'mae': 0.13585, 'r2': -0.42402, 'spearmanr': 0.22972, 'mse': 0.02793, 'rmse': 0.16713}
> Epoch 427: took 3.3s (avg 3.1s) | Best so far: epoch 55	train_loss: 0.1054 train_mae: 0.1054	val_loss: 0.1114 val_mae: 0.1114	test_loss: 0.1097 test_mae: 0.1097
train: {'epoch': 428, 'time_epoch': 2.63385, 'eta': 192.11629, 'eta_hours': 0.05337, 'loss': 0.04530924, 'lr': 6.185e-05, 'params': 220085, 'time_iter': 0.01062, 'mae': 0.04531, 'r2': 0.67027, 'spearmanr': 0.81117, 'mse': 0.00651, 'rmse': 0.08069}
val: {'epoch': 428, 'time_epoch': 0.25354, 'loss': 0.12685816, 'lr': 0, 'params': 220085, 'time_iter': 0.00478, 'mae': 0.12686, 'r2': -0.45612, 'spearmanr': 0.11114, 'mse': 0.02705, 'rmse': 0.16448}
test: {'epoch': 428, 'time_epoch': 0.13821, 'loss': 0.13399556, 'lr': 0, 'params': 220085, 'time_iter': 0.00477, 'mae': 0.134, 'r2': -0.39176, 'spearmanr': 0.22228, 'mse': 0.0273, 'rmse': 0.16522}
> Epoch 428: took 3.0s (avg 3.1s) | Best so far: epoch 55	train_loss: 0.1054 train_mae: 0.1054	val_loss: 0.1114 val_mae: 0.1114	test_loss: 0.1097 test_mae: 0.1097
train: {'epoch': 429, 'time_epoch': 2.63631, 'eta': 189.3991, 'eta_hours': 0.05261, 'loss': 0.04583338, 'lr': 6.018e-05, 'params': 220085, 'time_iter': 0.01063, 'mae': 0.04583, 'r2': 0.66765, 'spearmanr': 0.80816, 'mse': 0.00656, 'rmse': 0.08101}
val: {'epoch': 429, 'time_epoch': 0.25651, 'loss': 0.12713661, 'lr': 0, 'params': 220085, 'time_iter': 0.00484, 'mae': 0.12714, 'r2': -0.46972, 'spearmanr': 0.11587, 'mse': 0.02731, 'rmse': 0.16525}
test: {'epoch': 429, 'time_epoch': 0.13867, 'loss': 0.13225736, 'lr': 0, 'params': 220085, 'time_iter': 0.00478, 'mae': 0.13226, 'r2': -0.3518, 'spearmanr': 0.23371, 'mse': 0.02651, 'rmse': 0.16283}
> Epoch 429: took 3.0s (avg 3.1s) | Best so far: epoch 55	train_loss: 0.1054 train_mae: 0.1054	val_loss: 0.1114 val_mae: 0.1114	test_loss: 0.1097 test_mae: 0.1097
train: {'epoch': 430, 'time_epoch': 2.6821, 'eta': 186.68962, 'eta_hours': 0.05186, 'loss': 0.04625335, 'lr': 5.853e-05, 'params': 220085, 'time_iter': 0.01081, 'mae': 0.04625, 'r2': 0.66244, 'spearmanr': 0.80773, 'mse': 0.00667, 'rmse': 0.08164}
val: {'epoch': 430, 'time_epoch': 0.25604, 'loss': 0.12642455, 'lr': 0, 'params': 220085, 'time_iter': 0.00483, 'mae': 0.12642, 'r2': -0.43494, 'spearmanr': 0.11388, 'mse': 0.02666, 'rmse': 0.16328}
test: {'epoch': 430, 'time_epoch': 0.13645, 'loss': 0.13515495, 'lr': 0, 'params': 220085, 'time_iter': 0.00471, 'mae': 0.13515, 'r2': -0.39628, 'spearmanr': 0.22361, 'mse': 0.02739, 'rmse': 0.16549}
> Epoch 430: took 3.1s (avg 3.1s) | Best so far: epoch 55	train_loss: 0.1054 train_mae: 0.1054	val_loss: 0.1114 val_mae: 0.1114	test_loss: 0.1097 test_mae: 0.1097
train: {'epoch': 431, 'time_epoch': 2.64715, 'eta': 183.97477, 'eta_hours': 0.0511, 'loss': 0.04584924, 'lr': 5.69e-05, 'params': 220085, 'time_iter': 0.01067, 'mae': 0.04585, 'r2': 0.669, 'spearmanr': 0.80842, 'mse': 0.00654, 'rmse': 0.08084}
val: {'epoch': 431, 'time_epoch': 0.25133, 'loss': 0.12662121, 'lr': 0, 'params': 220085, 'time_iter': 0.00474, 'mae': 0.12662, 'r2': -0.46482, 'spearmanr': 0.12288, 'mse': 0.02722, 'rmse': 0.16497}
test: {'epoch': 431, 'time_epoch': 0.13847, 'loss': 0.13370225, 'lr': 0, 'params': 220085, 'time_iter': 0.00477, 'mae': 0.1337, 'r2': -0.38161, 'spearmanr': 0.2269, 'mse': 0.0271, 'rmse': 0.16462}
> Epoch 431: took 3.0s (avg 3.1s) | Best so far: epoch 55	train_loss: 0.1054 train_mae: 0.1054	val_loss: 0.1114 val_mae: 0.1114	test_loss: 0.1097 test_mae: 0.1097
train: {'epoch': 432, 'time_epoch': 2.70147, 'eta': 181.26863, 'eta_hours': 0.05035, 'loss': 0.04529329, 'lr': 5.529e-05, 'params': 220085, 'time_iter': 0.01089, 'mae': 0.04529, 'r2': 0.67253, 'spearmanr': 0.81181, 'mse': 0.00647, 'rmse': 0.08041}
val: {'epoch': 432, 'time_epoch': 0.27121, 'loss': 0.1262866, 'lr': 0, 'params': 220085, 'time_iter': 0.00512, 'mae': 0.12629, 'r2': -0.44924, 'spearmanr': 0.11207, 'mse': 0.02693, 'rmse': 0.16409}
test: {'epoch': 432, 'time_epoch': 0.13995, 'loss': 0.13218547, 'lr': 0, 'params': 220085, 'time_iter': 0.00483, 'mae': 0.13219, 'r2': -0.3676, 'spearmanr': 0.23165, 'mse': 0.02682, 'rmse': 0.16378}
> Epoch 432: took 3.1s (avg 3.1s) | Best so far: epoch 55	train_loss: 0.1054 train_mae: 0.1054	val_loss: 0.1114 val_mae: 0.1114	test_loss: 0.1097 test_mae: 0.1097
train: {'epoch': 433, 'time_epoch': 2.64533, 'eta': 178.55398, 'eta_hours': 0.0496, 'loss': 0.04564208, 'lr': 5.371e-05, 'params': 220085, 'time_iter': 0.01067, 'mae': 0.04564, 'r2': 0.66685, 'spearmanr': 0.80687, 'mse': 0.00658, 'rmse': 0.08111}
val: {'epoch': 433, 'time_epoch': 0.25347, 'loss': 0.12756861, 'lr': 0, 'params': 220085, 'time_iter': 0.00478, 'mae': 0.12757, 'r2': -0.48662, 'spearmanr': 0.1191, 'mse': 0.02762, 'rmse': 0.16619}
test: {'epoch': 433, 'time_epoch': 0.13697, 'loss': 0.13204472, 'lr': 0, 'params': 220085, 'time_iter': 0.00472, 'mae': 0.13204, 'r2': -0.34581, 'spearmanr': 0.23327, 'mse': 0.0264, 'rmse': 0.16247}
> Epoch 433: took 3.0s (avg 3.1s) | Best so far: epoch 55	train_loss: 0.1054 train_mae: 0.1054	val_loss: 0.1114 val_mae: 0.1114	test_loss: 0.1097 test_mae: 0.1097
train: {'epoch': 434, 'time_epoch': 2.72101, 'eta': 175.85095, 'eta_hours': 0.04885, 'loss': 0.04497641, 'lr': 5.214e-05, 'params': 220085, 'time_iter': 0.01097, 'mae': 0.04498, 'r2': 0.67333, 'spearmanr': 0.81348, 'mse': 0.00645, 'rmse': 0.08031}
val: {'epoch': 434, 'time_epoch': 0.25859, 'loss': 0.1276336, 'lr': 0, 'params': 220085, 'time_iter': 0.00488, 'mae': 0.12763, 'r2': -0.49302, 'spearmanr': 0.1176, 'mse': 0.02774, 'rmse': 0.16655}
test: {'epoch': 434, 'time_epoch': 0.14989, 'loss': 0.13512516, 'lr': 0, 'params': 220085, 'time_iter': 0.00517, 'mae': 0.13513, 'r2': -0.40699, 'spearmanr': 0.21861, 'mse': 0.0276, 'rmse': 0.16612}
> Epoch 434: took 3.1s (avg 3.1s) | Best so far: epoch 55	train_loss: 0.1054 train_mae: 0.1054	val_loss: 0.1114 val_mae: 0.1114	test_loss: 0.1097 test_mae: 0.1097
train: {'epoch': 435, 'time_epoch': 2.65945, 'eta': 173.13881, 'eta_hours': 0.04809, 'loss': 0.04530609, 'lr': 5.06e-05, 'params': 220085, 'time_iter': 0.01072, 'mae': 0.04531, 'r2': 0.66994, 'spearmanr': 0.81103, 'mse': 0.00652, 'rmse': 0.08073}
val: {'epoch': 435, 'time_epoch': 0.26533, 'loss': 0.12675095, 'lr': 0, 'params': 220085, 'time_iter': 0.00501, 'mae': 0.12675, 'r2': -0.46188, 'spearmanr': 0.11195, 'mse': 0.02716, 'rmse': 0.1648}
test: {'epoch': 435, 'time_epoch': 0.14387, 'loss': 0.13396573, 'lr': 0, 'params': 220085, 'time_iter': 0.00496, 'mae': 0.13397, 'r2': -0.3846, 'spearmanr': 0.22945, 'mse': 0.02716, 'rmse': 0.1648}
> Epoch 435: took 3.1s (avg 3.1s) | Best so far: epoch 55	train_loss: 0.1054 train_mae: 0.1054	val_loss: 0.1114 val_mae: 0.1114	test_loss: 0.1097 test_mae: 0.1097
train: {'epoch': 436, 'time_epoch': 2.63779, 'eta': 170.42379, 'eta_hours': 0.04734, 'loss': 0.0453701, 'lr': 4.908e-05, 'params': 220085, 'time_iter': 0.01064, 'mae': 0.04537, 'r2': 0.67309, 'spearmanr': 0.81167, 'mse': 0.00645, 'rmse': 0.08034}
val: {'epoch': 436, 'time_epoch': 0.2556, 'loss': 0.12746186, 'lr': 0, 'params': 220085, 'time_iter': 0.00482, 'mae': 0.12746, 'r2': -0.47498, 'spearmanr': 0.11675, 'mse': 0.0274, 'rmse': 0.16554}
test: {'epoch': 436, 'time_epoch': 0.13812, 'loss': 0.13427097, 'lr': 0, 'params': 220085, 'time_iter': 0.00476, 'mae': 0.13427, 'r2': -0.40506, 'spearmanr': 0.22837, 'mse': 0.02756, 'rmse': 0.16601}
> Epoch 436: took 3.0s (avg 3.1s) | Best so far: epoch 55	train_loss: 0.1054 train_mae: 0.1054	val_loss: 0.1114 val_mae: 0.1114	test_loss: 0.1097 test_mae: 0.1097
train: {'epoch': 437, 'time_epoch': 2.64431, 'eta': 167.71004, 'eta_hours': 0.04659, 'loss': 0.04554838, 'lr': 4.759e-05, 'params': 220085, 'time_iter': 0.01066, 'mae': 0.04555, 'r2': 0.66645, 'spearmanr': 0.80854, 'mse': 0.00659, 'rmse': 0.08115}
val: {'epoch': 437, 'time_epoch': 0.25025, 'loss': 0.12778105, 'lr': 0, 'params': 220085, 'time_iter': 0.00472, 'mae': 0.12778, 'r2': -0.47038, 'spearmanr': 0.11059, 'mse': 0.02732, 'rmse': 0.16528}
test: {'epoch': 437, 'time_epoch': 0.13833, 'loss': 0.13704534, 'lr': 0, 'params': 220085, 'time_iter': 0.00477, 'mae': 0.13705, 'r2': -0.45506, 'spearmanr': 0.2251, 'mse': 0.02854, 'rmse': 0.16894}
> Epoch 437: took 3.0s (avg 3.1s) | Best so far: epoch 55	train_loss: 0.1054 train_mae: 0.1054	val_loss: 0.1114 val_mae: 0.1114	test_loss: 0.1097 test_mae: 0.1097
train: {'epoch': 438, 'time_epoch': 2.74095, 'eta': 165.01003, 'eta_hours': 0.04584, 'loss': 0.04492441, 'lr': 4.611e-05, 'params': 220085, 'time_iter': 0.01105, 'mae': 0.04492, 'r2': 0.67518, 'spearmanr': 0.81194, 'mse': 0.00641, 'rmse': 0.08008}
val: {'epoch': 438, 'time_epoch': 0.25657, 'loss': 0.12802129, 'lr': 0, 'params': 220085, 'time_iter': 0.00484, 'mae': 0.12802, 'r2': -0.49637, 'spearmanr': 0.11607, 'mse': 0.0278, 'rmse': 0.16674}
test: {'epoch': 438, 'time_epoch': 0.14203, 'loss': 0.13305126, 'lr': 0, 'params': 220085, 'time_iter': 0.0049, 'mae': 0.13305, 'r2': -0.37864, 'spearmanr': 0.23539, 'mse': 0.02704, 'rmse': 0.16444}
> Epoch 438: took 3.1s (avg 3.1s) | Best so far: epoch 55	train_loss: 0.1054 train_mae: 0.1054	val_loss: 0.1114 val_mae: 0.1114	test_loss: 0.1097 test_mae: 0.1097
train: {'epoch': 439, 'time_epoch': 2.73753, 'eta': 162.30937, 'eta_hours': 0.04509, 'loss': 0.04493265, 'lr': 4.466e-05, 'params': 220085, 'time_iter': 0.01104, 'mae': 0.04493, 'r2': 0.67492, 'spearmanr': 0.81373, 'mse': 0.00642, 'rmse': 0.08012}
val: {'epoch': 439, 'time_epoch': 0.2642, 'loss': 0.12680118, 'lr': 0, 'params': 220085, 'time_iter': 0.00498, 'mae': 0.1268, 'r2': -0.45753, 'spearmanr': 0.11732, 'mse': 0.02708, 'rmse': 0.16456}
test: {'epoch': 439, 'time_epoch': 0.14328, 'loss': 0.13316447, 'lr': 0, 'params': 220085, 'time_iter': 0.00494, 'mae': 0.13316, 'r2': -0.38125, 'spearmanr': 0.2341, 'mse': 0.02709, 'rmse': 0.1646}
> Epoch 439: took 3.2s (avg 3.1s) | Best so far: epoch 55	train_loss: 0.1054 train_mae: 0.1054	val_loss: 0.1114 val_mae: 0.1114	test_loss: 0.1097 test_mae: 0.1097
train: {'epoch': 440, 'time_epoch': 2.85157, 'eta': 159.6238, 'eta_hours': 0.04434, 'loss': 0.0453797, 'lr': 4.323e-05, 'params': 220085, 'time_iter': 0.0115, 'mae': 0.04538, 'r2': 0.67152, 'spearmanr': 0.81278, 'mse': 0.00649, 'rmse': 0.08053}
val: {'epoch': 440, 'time_epoch': 0.26525, 'loss': 0.12719005, 'lr': 0, 'params': 220085, 'time_iter': 0.005, 'mae': 0.12719, 'r2': -0.46008, 'spearmanr': 0.11263, 'mse': 0.02713, 'rmse': 0.1647}
test: {'epoch': 440, 'time_epoch': 0.14815, 'loss': 0.13572584, 'lr': 0, 'params': 220085, 'time_iter': 0.00511, 'mae': 0.13573, 'r2': -0.41147, 'spearmanr': 0.22732, 'mse': 0.02768, 'rmse': 0.16639}
> Epoch 440: took 3.3s (avg 3.1s) | Best so far: epoch 55	train_loss: 0.1054 train_mae: 0.1054	val_loss: 0.1114 val_mae: 0.1114	test_loss: 0.1097 test_mae: 0.1097
train: {'epoch': 441, 'time_epoch': 2.68638, 'eta': 156.91581, 'eta_hours': 0.04359, 'loss': 0.04516794, 'lr': 4.182e-05, 'params': 220085, 'time_iter': 0.01083, 'mae': 0.04517, 'r2': 0.67147, 'spearmanr': 0.8103, 'mse': 0.00649, 'rmse': 0.08054}
val: {'epoch': 441, 'time_epoch': 0.25572, 'loss': 0.12693905, 'lr': 0, 'params': 220085, 'time_iter': 0.00482, 'mae': 0.12694, 'r2': -0.459, 'spearmanr': 0.11845, 'mse': 0.02711, 'rmse': 0.16464}
test: {'epoch': 441, 'time_epoch': 0.13672, 'loss': 0.13705603, 'lr': 0, 'params': 220085, 'time_iter': 0.00471, 'mae': 0.13706, 'r2': -0.4456, 'spearmanr': 0.23012, 'mse': 0.02835, 'rmse': 0.16839}
> Epoch 441: took 3.1s (avg 3.1s) | Best so far: epoch 55	train_loss: 0.1054 train_mae: 0.1054	val_loss: 0.1114 val_mae: 0.1114	test_loss: 0.1097 test_mae: 0.1097
train: {'epoch': 442, 'time_epoch': 2.68693, 'eta': 154.20798, 'eta_hours': 0.04284, 'loss': 0.04540656, 'lr': 4.043e-05, 'params': 220085, 'time_iter': 0.01083, 'mae': 0.04541, 'r2': 0.67314, 'spearmanr': 0.81109, 'mse': 0.00645, 'rmse': 0.08034}
val: {'epoch': 442, 'time_epoch': 0.25278, 'loss': 0.12690915, 'lr': 0, 'params': 220085, 'time_iter': 0.00477, 'mae': 0.12691, 'r2': -0.4584, 'spearmanr': 0.1205, 'mse': 0.0271, 'rmse': 0.16461}
test: {'epoch': 442, 'time_epoch': 0.13647, 'loss': 0.13626437, 'lr': 0, 'params': 220085, 'time_iter': 0.00471, 'mae': 0.13626, 'r2': -0.43277, 'spearmanr': 0.22547, 'mse': 0.0281, 'rmse': 0.16764}
> Epoch 442: took 3.1s (avg 3.1s) | Best so far: epoch 55	train_loss: 0.1054 train_mae: 0.1054	val_loss: 0.1114 val_mae: 0.1114	test_loss: 0.1097 test_mae: 0.1097
train: {'epoch': 443, 'time_epoch': 2.78813, 'eta': 151.51301, 'eta_hours': 0.04209, 'loss': 0.045256, 'lr': 3.907e-05, 'params': 220085, 'time_iter': 0.01124, 'mae': 0.04526, 'r2': 0.67123, 'spearmanr': 0.81175, 'mse': 0.00649, 'rmse': 0.08057}
val: {'epoch': 443, 'time_epoch': 0.26237, 'loss': 0.12755443, 'lr': 0, 'params': 220085, 'time_iter': 0.00495, 'mae': 0.12755, 'r2': -0.47149, 'spearmanr': 0.11498, 'mse': 0.02734, 'rmse': 0.16535}
test: {'epoch': 443, 'time_epoch': 0.13951, 'loss': 0.13423621, 'lr': 0, 'params': 220085, 'time_iter': 0.00481, 'mae': 0.13424, 'r2': -0.39937, 'spearmanr': 0.23144, 'mse': 0.02745, 'rmse': 0.16567}
> Epoch 443: took 3.2s (avg 3.1s) | Best so far: epoch 55	train_loss: 0.1054 train_mae: 0.1054	val_loss: 0.1114 val_mae: 0.1114	test_loss: 0.1097 test_mae: 0.1097
train: {'epoch': 444, 'time_epoch': 2.82038, 'eta': 148.82161, 'eta_hours': 0.04134, 'loss': 0.04441061, 'lr': 3.773e-05, 'params': 220085, 'time_iter': 0.01137, 'mae': 0.04441, 'r2': 0.67689, 'spearmanr': 0.81397, 'mse': 0.00638, 'rmse': 0.07987}
val: {'epoch': 444, 'time_epoch': 0.26275, 'loss': 0.12727874, 'lr': 0, 'params': 220085, 'time_iter': 0.00496, 'mae': 0.12728, 'r2': -0.46457, 'spearmanr': 0.11381, 'mse': 0.02721, 'rmse': 0.16496}
test: {'epoch': 444, 'time_epoch': 0.13767, 'loss': 0.13513718, 'lr': 0, 'params': 220085, 'time_iter': 0.00475, 'mae': 0.13514, 'r2': -0.4102, 'spearmanr': 0.22957, 'mse': 0.02766, 'rmse': 0.16631}
> Epoch 444: took 3.2s (avg 3.1s) | Best so far: epoch 55	train_loss: 0.1054 train_mae: 0.1054	val_loss: 0.1114 val_mae: 0.1114	test_loss: 0.1097 test_mae: 0.1097
train: {'epoch': 445, 'time_epoch': 2.83903, 'eta': 146.13189, 'eta_hours': 0.04059, 'loss': 0.0450351, 'lr': 3.641e-05, 'params': 220085, 'time_iter': 0.01145, 'mae': 0.04504, 'r2': 0.67382, 'spearmanr': 0.81324, 'mse': 0.00644, 'rmse': 0.08025}
val: {'epoch': 445, 'time_epoch': 0.26839, 'loss': 0.127321, 'lr': 0, 'params': 220085, 'time_iter': 0.00506, 'mae': 0.12732, 'r2': -0.46927, 'spearmanr': 0.1144, 'mse': 0.0273, 'rmse': 0.16522}
test: {'epoch': 445, 'time_epoch': 0.14561, 'loss': 0.13461154, 'lr': 0, 'params': 220085, 'time_iter': 0.00502, 'mae': 0.13461, 'r2': -0.39526, 'spearmanr': 0.23611, 'mse': 0.02737, 'rmse': 0.16543}
> Epoch 445: took 3.3s (avg 3.1s) | Best so far: epoch 55	train_loss: 0.1054 train_mae: 0.1054	val_loss: 0.1114 val_mae: 0.1114	test_loss: 0.1097 test_mae: 0.1097
train: {'epoch': 446, 'time_epoch': 2.84267, 'eta': 143.44193, 'eta_hours': 0.03984, 'loss': 0.04515173, 'lr': 3.511e-05, 'params': 220085, 'time_iter': 0.01146, 'mae': 0.04515, 'r2': 0.67363, 'spearmanr': 0.81214, 'mse': 0.00644, 'rmse': 0.08027}
val: {'epoch': 446, 'time_epoch': 0.25005, 'loss': 0.12796256, 'lr': 0, 'params': 220085, 'time_iter': 0.00472, 'mae': 0.12796, 'r2': -0.48249, 'spearmanr': 0.11475, 'mse': 0.02754, 'rmse': 0.16596}
test: {'epoch': 446, 'time_epoch': 0.13843, 'loss': 0.13460512, 'lr': 0, 'params': 220085, 'time_iter': 0.00477, 'mae': 0.13461, 'r2': -0.39712, 'spearmanr': 0.22957, 'mse': 0.0274, 'rmse': 0.16554}
> Epoch 446: took 3.2s (avg 3.1s) | Best so far: epoch 55	train_loss: 0.1054 train_mae: 0.1054	val_loss: 0.1114 val_mae: 0.1114	test_loss: 0.1097 test_mae: 0.1097
train: {'epoch': 447, 'time_epoch': 2.69922, 'eta': 140.73464, 'eta_hours': 0.03909, 'loss': 0.04479879, 'lr': 3.384e-05, 'params': 220085, 'time_iter': 0.01088, 'mae': 0.0448, 'r2': 0.6785, 'spearmanr': 0.81544, 'mse': 0.00635, 'rmse': 0.07967}
val: {'epoch': 447, 'time_epoch': 0.25333, 'loss': 0.12739535, 'lr': 0, 'params': 220085, 'time_iter': 0.00478, 'mae': 0.1274, 'r2': -0.4623, 'spearmanr': 0.10518, 'mse': 0.02717, 'rmse': 0.16483}
test: {'epoch': 447, 'time_epoch': 0.13548, 'loss': 0.13600042, 'lr': 0, 'params': 220085, 'time_iter': 0.00467, 'mae': 0.136, 'r2': -0.43264, 'spearmanr': 0.22373, 'mse': 0.0281, 'rmse': 0.16763}
> Epoch 447: took 3.1s (avg 3.1s) | Best so far: epoch 55	train_loss: 0.1054 train_mae: 0.1054	val_loss: 0.1114 val_mae: 0.1114	test_loss: 0.1097 test_mae: 0.1097
train: {'epoch': 448, 'time_epoch': 2.83795, 'eta': 138.04314, 'eta_hours': 0.03835, 'loss': 0.04523243, 'lr': 3.259e-05, 'params': 220085, 'time_iter': 0.01144, 'mae': 0.04523, 'r2': 0.67099, 'spearmanr': 0.8106, 'mse': 0.0065, 'rmse': 0.0806}
val: {'epoch': 448, 'time_epoch': 0.24923, 'loss': 0.12785744, 'lr': 0, 'params': 220085, 'time_iter': 0.0047, 'mae': 0.12786, 'r2': -0.49141, 'spearmanr': 0.11877, 'mse': 0.02771, 'rmse': 0.16646}
test: {'epoch': 448, 'time_epoch': 0.13368, 'loss': 0.1346689, 'lr': 0, 'params': 220085, 'time_iter': 0.00461, 'mae': 0.13467, 'r2': -0.40612, 'spearmanr': 0.22505, 'mse': 0.02758, 'rmse': 0.16607}
> Epoch 448: took 3.2s (avg 3.1s) | Best so far: epoch 55	train_loss: 0.1054 train_mae: 0.1054	val_loss: 0.1114 val_mae: 0.1114	test_loss: 0.1097 test_mae: 0.1097
train: {'epoch': 449, 'time_epoch': 2.77304, 'eta': 135.34378, 'eta_hours': 0.0376, 'loss': 0.04489044, 'lr': 3.136e-05, 'params': 220085, 'time_iter': 0.01118, 'mae': 0.04489, 'r2': 0.67525, 'spearmanr': 0.81432, 'mse': 0.00641, 'rmse': 0.08008}
val: {'epoch': 449, 'time_epoch': 0.25014, 'loss': 0.12644915, 'lr': 0, 'params': 220085, 'time_iter': 0.00472, 'mae': 0.12645, 'r2': -0.46005, 'spearmanr': 0.11275, 'mse': 0.02713, 'rmse': 0.1647}
test: {'epoch': 449, 'time_epoch': 0.14135, 'loss': 0.13390273, 'lr': 0, 'params': 220085, 'time_iter': 0.00487, 'mae': 0.1339, 'r2': -0.39013, 'spearmanr': 0.24104, 'mse': 0.02727, 'rmse': 0.16513}
> Epoch 449: took 3.2s (avg 3.1s) | Best so far: epoch 55	train_loss: 0.1054 train_mae: 0.1054	val_loss: 0.1114 val_mae: 0.1114	test_loss: 0.1097 test_mae: 0.1097
train: {'epoch': 450, 'time_epoch': 2.75195, 'eta': 132.6418, 'eta_hours': 0.03684, 'loss': 0.04474322, 'lr': 3.015e-05, 'params': 220085, 'time_iter': 0.0111, 'mae': 0.04474, 'r2': 0.67607, 'spearmanr': 0.81383, 'mse': 0.0064, 'rmse': 0.07997}
val: {'epoch': 450, 'time_epoch': 0.26466, 'loss': 0.12673915, 'lr': 0, 'params': 220085, 'time_iter': 0.00499, 'mae': 0.12674, 'r2': -0.45941, 'spearmanr': 0.1132, 'mse': 0.02711, 'rmse': 0.16466}
test: {'epoch': 450, 'time_epoch': 0.15488, 'loss': 0.13313608, 'lr': 0, 'params': 220085, 'time_iter': 0.00534, 'mae': 0.13314, 'r2': -0.37219, 'spearmanr': 0.22567, 'mse': 0.02691, 'rmse': 0.16406}
> Epoch 450: took 3.2s (avg 3.1s) | Best so far: epoch 55	train_loss: 0.1054 train_mae: 0.1054	val_loss: 0.1114 val_mae: 0.1114	test_loss: 0.1097 test_mae: 0.1097
train: {'epoch': 451, 'time_epoch': 2.71611, 'eta': 129.9358, 'eta_hours': 0.03609, 'loss': 0.04497559, 'lr': 2.897e-05, 'params': 220085, 'time_iter': 0.01095, 'mae': 0.04498, 'r2': 0.67372, 'spearmanr': 0.81111, 'mse': 0.00644, 'rmse': 0.08026}
val: {'epoch': 451, 'time_epoch': 0.2518, 'loss': 0.12710831, 'lr': 0, 'params': 220085, 'time_iter': 0.00475, 'mae': 0.12711, 'r2': -0.46899, 'spearmanr': 0.11846, 'mse': 0.02729, 'rmse': 0.1652}
test: {'epoch': 451, 'time_epoch': 0.13651, 'loss': 0.13372789, 'lr': 0, 'params': 220085, 'time_iter': 0.00471, 'mae': 0.13373, 'r2': -0.39656, 'spearmanr': 0.23142, 'mse': 0.02739, 'rmse': 0.16551}
> Epoch 451: took 3.1s (avg 3.1s) | Best so far: epoch 55	train_loss: 0.1054 train_mae: 0.1054	val_loss: 0.1114 val_mae: 0.1114	test_loss: 0.1097 test_mae: 0.1097
train: {'epoch': 452, 'time_epoch': 2.66643, 'eta': 127.22459, 'eta_hours': 0.03534, 'loss': 0.04476976, 'lr': 2.781e-05, 'params': 220085, 'time_iter': 0.01075, 'mae': 0.04477, 'r2': 0.67436, 'spearmanr': 0.81381, 'mse': 0.00643, 'rmse': 0.08019}
val: {'epoch': 452, 'time_epoch': 0.24722, 'loss': 0.12678206, 'lr': 0, 'params': 220085, 'time_iter': 0.00466, 'mae': 0.12678, 'r2': -0.4673, 'spearmanr': 0.11726, 'mse': 0.02726, 'rmse': 0.16511}
test: {'epoch': 452, 'time_epoch': 0.13833, 'loss': 0.13386964, 'lr': 0, 'params': 220085, 'time_iter': 0.00477, 'mae': 0.13387, 'r2': -0.37818, 'spearmanr': 0.23381, 'mse': 0.02703, 'rmse': 0.16441}
> Epoch 452: took 3.1s (avg 3.1s) | Best so far: epoch 55	train_loss: 0.1054 train_mae: 0.1054	val_loss: 0.1114 val_mae: 0.1114	test_loss: 0.1097 test_mae: 0.1097
train: {'epoch': 453, 'time_epoch': 2.79325, 'eta': 124.52644, 'eta_hours': 0.03459, 'loss': 0.04473985, 'lr': 2.668e-05, 'params': 220085, 'time_iter': 0.01126, 'mae': 0.04474, 'r2': 0.67691, 'spearmanr': 0.81508, 'mse': 0.00638, 'rmse': 0.07987}
val: {'epoch': 453, 'time_epoch': 0.2495, 'loss': 0.1277965, 'lr': 0, 'params': 220085, 'time_iter': 0.00471, 'mae': 0.1278, 'r2': -0.48608, 'spearmanr': 0.11466, 'mse': 0.02761, 'rmse': 0.16616}
test: {'epoch': 453, 'time_epoch': 0.13824, 'loss': 0.13558818, 'lr': 0, 'params': 220085, 'time_iter': 0.00477, 'mae': 0.13559, 'r2': -0.43046, 'spearmanr': 0.22625, 'mse': 0.02806, 'rmse': 0.1675}
> Epoch 453: took 3.2s (avg 3.1s) | Best so far: epoch 55	train_loss: 0.1054 train_mae: 0.1054	val_loss: 0.1114 val_mae: 0.1114	test_loss: 0.1097 test_mae: 0.1097
train: {'epoch': 454, 'time_epoch': 2.66415, 'eta': 121.81509, 'eta_hours': 0.03384, 'loss': 0.04454429, 'lr': 2.556e-05, 'params': 220085, 'time_iter': 0.01074, 'mae': 0.04454, 'r2': 0.68157, 'spearmanr': 0.81743, 'mse': 0.00629, 'rmse': 0.07929}
val: {'epoch': 454, 'time_epoch': 0.27375, 'loss': 0.12644948, 'lr': 0, 'params': 220085, 'time_iter': 0.00517, 'mae': 0.12645, 'r2': -0.44044, 'spearmanr': 0.11616, 'mse': 0.02676, 'rmse': 0.16359}
test: {'epoch': 454, 'time_epoch': 0.15105, 'loss': 0.13297658, 'lr': 0, 'params': 220085, 'time_iter': 0.00521, 'mae': 0.13298, 'r2': -0.38009, 'spearmanr': 0.2398, 'mse': 0.02707, 'rmse': 0.16453}
> Epoch 454: took 3.1s (avg 3.1s) | Best so far: epoch 55	train_loss: 0.1054 train_mae: 0.1054	val_loss: 0.1114 val_mae: 0.1114	test_loss: 0.1097 test_mae: 0.1097
train: {'epoch': 455, 'time_epoch': 2.66095, 'eta': 119.10365, 'eta_hours': 0.03308, 'loss': 0.04482786, 'lr': 2.447e-05, 'params': 220085, 'time_iter': 0.01073, 'mae': 0.04483, 'r2': 0.6764, 'spearmanr': 0.81395, 'mse': 0.00639, 'rmse': 0.07993}
val: {'epoch': 455, 'time_epoch': 0.25355, 'loss': 0.12646408, 'lr': 0, 'params': 220085, 'time_iter': 0.00478, 'mae': 0.12646, 'r2': -0.44727, 'spearmanr': 0.11962, 'mse': 0.02689, 'rmse': 0.16398}
test: {'epoch': 455, 'time_epoch': 0.1393, 'loss': 0.13517737, 'lr': 0, 'params': 220085, 'time_iter': 0.0048, 'mae': 0.13518, 'r2': -0.40999, 'spearmanr': 0.23229, 'mse': 0.02766, 'rmse': 0.1663}
> Epoch 455: took 3.1s (avg 3.1s) | Best so far: epoch 55	train_loss: 0.1054 train_mae: 0.1054	val_loss: 0.1114 val_mae: 0.1114	test_loss: 0.1097 test_mae: 0.1097
train: {'epoch': 456, 'time_epoch': 2.70607, 'eta': 116.39667, 'eta_hours': 0.03233, 'loss': 0.04474958, 'lr': 2.34e-05, 'params': 220085, 'time_iter': 0.01091, 'mae': 0.04475, 'r2': 0.67615, 'spearmanr': 0.81377, 'mse': 0.00639, 'rmse': 0.07996}
val: {'epoch': 456, 'time_epoch': 0.24808, 'loss': 0.1270908, 'lr': 0, 'params': 220085, 'time_iter': 0.00468, 'mae': 0.12709, 'r2': -0.47102, 'spearmanr': 0.11965, 'mse': 0.02733, 'rmse': 0.16532}
test: {'epoch': 456, 'time_epoch': 0.13549, 'loss': 0.13386873, 'lr': 0, 'params': 220085, 'time_iter': 0.00467, 'mae': 0.13387, 'r2': -0.39504, 'spearmanr': 0.23427, 'mse': 0.02736, 'rmse': 0.16542}
> Epoch 456: took 3.1s (avg 3.1s) | Best so far: epoch 55	train_loss: 0.1054 train_mae: 0.1054	val_loss: 0.1114 val_mae: 0.1114	test_loss: 0.1097 test_mae: 0.1097
train: {'epoch': 457, 'time_epoch': 2.81533, 'eta': 113.69971, 'eta_hours': 0.03158, 'loss': 0.04464285, 'lr': 2.236e-05, 'params': 220085, 'time_iter': 0.01135, 'mae': 0.04464, 'r2': 0.6762, 'spearmanr': 0.81395, 'mse': 0.00639, 'rmse': 0.07996}
val: {'epoch': 457, 'time_epoch': 0.26122, 'loss': 0.12646377, 'lr': 0, 'params': 220085, 'time_iter': 0.00493, 'mae': 0.12646, 'r2': -0.44496, 'spearmanr': 0.10919, 'mse': 0.02685, 'rmse': 0.16385}
test: {'epoch': 457, 'time_epoch': 0.13841, 'loss': 0.13437917, 'lr': 0, 'params': 220085, 'time_iter': 0.00477, 'mae': 0.13438, 'r2': -0.40074, 'spearmanr': 0.23585, 'mse': 0.02747, 'rmse': 0.16575}
> Epoch 457: took 3.2s (avg 3.1s) | Best so far: epoch 55	train_loss: 0.1054 train_mae: 0.1054	val_loss: 0.1114 val_mae: 0.1114	test_loss: 0.1097 test_mae: 0.1097
train: {'epoch': 458, 'time_epoch': 2.73965, 'eta': 110.99548, 'eta_hours': 0.03083, 'loss': 0.04444144, 'lr': 2.134e-05, 'params': 220085, 'time_iter': 0.01105, 'mae': 0.04444, 'r2': 0.68049, 'spearmanr': 0.81765, 'mse': 0.00631, 'rmse': 0.07943}
val: {'epoch': 458, 'time_epoch': 0.24944, 'loss': 0.12704087, 'lr': 0, 'params': 220085, 'time_iter': 0.00471, 'mae': 0.12704, 'r2': -0.46401, 'spearmanr': 0.11385, 'mse': 0.0272, 'rmse': 0.16492}
test: {'epoch': 458, 'time_epoch': 0.13467, 'loss': 0.13433558, 'lr': 0, 'params': 220085, 'time_iter': 0.00464, 'mae': 0.13434, 'r2': -0.40898, 'spearmanr': 0.23679, 'mse': 0.02764, 'rmse': 0.16624}
> Epoch 458: took 3.1s (avg 3.1s) | Best so far: epoch 55	train_loss: 0.1054 train_mae: 0.1054	val_loss: 0.1114 val_mae: 0.1114	test_loss: 0.1097 test_mae: 0.1097
train: {'epoch': 459, 'time_epoch': 2.75007, 'eta': 108.292, 'eta_hours': 0.03008, 'loss': 0.04493162, 'lr': 2.034e-05, 'params': 220085, 'time_iter': 0.01109, 'mae': 0.04493, 'r2': 0.67546, 'spearmanr': 0.81338, 'mse': 0.00641, 'rmse': 0.08005}
val: {'epoch': 459, 'time_epoch': 0.24965, 'loss': 0.12728393, 'lr': 0, 'params': 220085, 'time_iter': 0.00471, 'mae': 0.12728, 'r2': -0.46986, 'spearmanr': 0.11595, 'mse': 0.02731, 'rmse': 0.16525}
test: {'epoch': 459, 'time_epoch': 0.13571, 'loss': 0.13473224, 'lr': 0, 'params': 220085, 'time_iter': 0.00468, 'mae': 0.13473, 'r2': -0.40659, 'spearmanr': 0.22359, 'mse': 0.02759, 'rmse': 0.1661}
> Epoch 459: took 3.1s (avg 3.1s) | Best so far: epoch 55	train_loss: 0.1054 train_mae: 0.1054	val_loss: 0.1114 val_mae: 0.1114	test_loss: 0.1097 test_mae: 0.1097
train: {'epoch': 460, 'time_epoch': 2.91703, 'eta': 105.60244, 'eta_hours': 0.02933, 'loss': 0.04449633, 'lr': 1.937e-05, 'params': 220085, 'time_iter': 0.01176, 'mae': 0.0445, 'r2': 0.67805, 'spearmanr': 0.81488, 'mse': 0.00636, 'rmse': 0.07973}
val: {'epoch': 460, 'time_epoch': 0.27338, 'loss': 0.12700934, 'lr': 0, 'params': 220085, 'time_iter': 0.00516, 'mae': 0.12701, 'r2': -0.4618, 'spearmanr': 0.11512, 'mse': 0.02716, 'rmse': 0.1648}
test: {'epoch': 460, 'time_epoch': 0.14512, 'loss': 0.13551186, 'lr': 0, 'params': 220085, 'time_iter': 0.005, 'mae': 0.13551, 'r2': -0.42553, 'spearmanr': 0.22976, 'mse': 0.02796, 'rmse': 0.16721}
> Epoch 460: took 3.3s (avg 3.1s) | Best so far: epoch 55	train_loss: 0.1054 train_mae: 0.1054	val_loss: 0.1114 val_mae: 0.1114	test_loss: 0.1097 test_mae: 0.1097
train: {'epoch': 461, 'time_epoch': 2.9615, 'eta': 102.91556, 'eta_hours': 0.02859, 'loss': 0.04430165, 'lr': 1.842e-05, 'params': 220085, 'time_iter': 0.01194, 'mae': 0.0443, 'r2': 0.67771, 'spearmanr': 0.81647, 'mse': 0.00636, 'rmse': 0.07977}
val: {'epoch': 461, 'time_epoch': 0.26518, 'loss': 0.12700601, 'lr': 0, 'params': 220085, 'time_iter': 0.005, 'mae': 0.12701, 'r2': -0.45995, 'spearmanr': 0.11604, 'mse': 0.02712, 'rmse': 0.1647}
test: {'epoch': 461, 'time_epoch': 0.14705, 'loss': 0.13478589, 'lr': 0, 'params': 220085, 'time_iter': 0.00507, 'mae': 0.13479, 'r2': -0.41515, 'spearmanr': 0.2284, 'mse': 0.02776, 'rmse': 0.1666}
> Epoch 461: took 3.4s (avg 3.1s) | Best so far: epoch 55	train_loss: 0.1054 train_mae: 0.1054	val_loss: 0.1114 val_mae: 0.1114	test_loss: 0.1097 test_mae: 0.1097
train: {'epoch': 462, 'time_epoch': 2.78607, 'eta': 100.21347, 'eta_hours': 0.02784, 'loss': 0.04446866, 'lr': 1.749e-05, 'params': 220085, 'time_iter': 0.01123, 'mae': 0.04447, 'r2': 0.67593, 'spearmanr': 0.81331, 'mse': 0.0064, 'rmse': 0.07999}
val: {'epoch': 462, 'time_epoch': 0.2513, 'loss': 0.12708128, 'lr': 0, 'params': 220085, 'time_iter': 0.00474, 'mae': 0.12708, 'r2': -0.46969, 'spearmanr': 0.11591, 'mse': 0.02731, 'rmse': 0.16524}
test: {'epoch': 462, 'time_epoch': 0.13739, 'loss': 0.13682414, 'lr': 0, 'params': 220085, 'time_iter': 0.00474, 'mae': 0.13682, 'r2': -0.44031, 'spearmanr': 0.22394, 'mse': 0.02825, 'rmse': 0.16808}
> Epoch 462: took 3.2s (avg 3.1s) | Best so far: epoch 55	train_loss: 0.1054 train_mae: 0.1054	val_loss: 0.1114 val_mae: 0.1114	test_loss: 0.1097 test_mae: 0.1097
train: {'epoch': 463, 'time_epoch': 2.71634, 'eta': 97.50561, 'eta_hours': 0.02708, 'loss': 0.04430458, 'lr': 1.659e-05, 'params': 220085, 'time_iter': 0.01095, 'mae': 0.0443, 'r2': 0.68136, 'spearmanr': 0.81694, 'mse': 0.00629, 'rmse': 0.07932}
val: {'epoch': 463, 'time_epoch': 0.25265, 'loss': 0.12716093, 'lr': 0, 'params': 220085, 'time_iter': 0.00477, 'mae': 0.12716, 'r2': -0.47003, 'spearmanr': 0.11872, 'mse': 0.02731, 'rmse': 0.16526}
test: {'epoch': 463, 'time_epoch': 0.13651, 'loss': 0.13246665, 'lr': 0, 'params': 220085, 'time_iter': 0.00471, 'mae': 0.13247, 'r2': -0.37392, 'spearmanr': 0.24082, 'mse': 0.02695, 'rmse': 0.16416}
> Epoch 463: took 3.1s (avg 3.1s) | Best so far: epoch 55	train_loss: 0.1054 train_mae: 0.1054	val_loss: 0.1114 val_mae: 0.1114	test_loss: 0.1097 test_mae: 0.1097
train: {'epoch': 464, 'time_epoch': 2.75266, 'eta': 94.80044, 'eta_hours': 0.02633, 'loss': 0.04476036, 'lr': 1.571e-05, 'params': 220085, 'time_iter': 0.0111, 'mae': 0.04476, 'r2': 0.6767, 'spearmanr': 0.81347, 'mse': 0.00638, 'rmse': 0.0799}
val: {'epoch': 464, 'time_epoch': 0.24656, 'loss': 0.12661715, 'lr': 0, 'params': 220085, 'time_iter': 0.00465, 'mae': 0.12662, 'r2': -0.45825, 'spearmanr': 0.11848, 'mse': 0.02709, 'rmse': 0.1646}
test: {'epoch': 464, 'time_epoch': 0.14269, 'loss': 0.13363039, 'lr': 0, 'params': 220085, 'time_iter': 0.00492, 'mae': 0.13363, 'r2': -0.39718, 'spearmanr': 0.22921, 'mse': 0.0274, 'rmse': 0.16554}
> Epoch 464: took 3.2s (avg 3.1s) | Best so far: epoch 55	train_loss: 0.1054 train_mae: 0.1054	val_loss: 0.1114 val_mae: 0.1114	test_loss: 0.1097 test_mae: 0.1097
train: {'epoch': 465, 'time_epoch': 2.83239, 'eta': 92.10089, 'eta_hours': 0.02558, 'loss': 0.04484425, 'lr': 1.485e-05, 'params': 220085, 'time_iter': 0.01142, 'mae': 0.04484, 'r2': 0.67745, 'spearmanr': 0.81433, 'mse': 0.00637, 'rmse': 0.0798}
val: {'epoch': 465, 'time_epoch': 0.26579, 'loss': 0.12677836, 'lr': 0, 'params': 220085, 'time_iter': 0.00501, 'mae': 0.12678, 'r2': -0.457, 'spearmanr': 0.11549, 'mse': 0.02707, 'rmse': 0.16453}
test: {'epoch': 465, 'time_epoch': 0.14439, 'loss': 0.13363554, 'lr': 0, 'params': 220085, 'time_iter': 0.00498, 'mae': 0.13364, 'r2': -0.38459, 'spearmanr': 0.23881, 'mse': 0.02716, 'rmse': 0.1648}
> Epoch 465: took 3.3s (avg 3.1s) | Best so far: epoch 55	train_loss: 0.1054 train_mae: 0.1054	val_loss: 0.1114 val_mae: 0.1114	test_loss: 0.1097 test_mae: 0.1097
train: {'epoch': 466, 'time_epoch': 2.91909, 'eta': 89.4069, 'eta_hours': 0.02484, 'loss': 0.04474433, 'lr': 1.402e-05, 'params': 220085, 'time_iter': 0.01177, 'mae': 0.04474, 'r2': 0.67438, 'spearmanr': 0.81274, 'mse': 0.00643, 'rmse': 0.08018}
val: {'epoch': 466, 'time_epoch': 0.27665, 'loss': 0.12604085, 'lr': 0, 'params': 220085, 'time_iter': 0.00522, 'mae': 0.12604, 'r2': -0.43999, 'spearmanr': 0.11862, 'mse': 0.02675, 'rmse': 0.16357}
test: {'epoch': 466, 'time_epoch': 0.14508, 'loss': 0.13304023, 'lr': 0, 'params': 220085, 'time_iter': 0.005, 'mae': 0.13304, 'r2': -0.37297, 'spearmanr': 0.24047, 'mse': 0.02693, 'rmse': 0.1641}
> Epoch 466: took 3.4s (avg 3.1s) | Best so far: epoch 55	train_loss: 0.1054 train_mae: 0.1054	val_loss: 0.1114 val_mae: 0.1114	test_loss: 0.1097 test_mae: 0.1097
train: {'epoch': 467, 'time_epoch': 2.92829, 'eta': 86.71257, 'eta_hours': 0.02409, 'loss': 0.04478031, 'lr': 1.321e-05, 'params': 220085, 'time_iter': 0.01181, 'mae': 0.04478, 'r2': 0.67588, 'spearmanr': 0.81365, 'mse': 0.0064, 'rmse': 0.08}
val: {'epoch': 467, 'time_epoch': 0.27121, 'loss': 0.12665304, 'lr': 0, 'params': 220085, 'time_iter': 0.00512, 'mae': 0.12665, 'r2': -0.45819, 'spearmanr': 0.1175, 'mse': 0.02709, 'rmse': 0.1646}
test: {'epoch': 467, 'time_epoch': 0.14605, 'loss': 0.13241835, 'lr': 0, 'params': 220085, 'time_iter': 0.00504, 'mae': 0.13242, 'r2': -0.37589, 'spearmanr': 0.24032, 'mse': 0.02699, 'rmse': 0.16428}
> Epoch 467: took 3.4s (avg 3.1s) | Best so far: epoch 55	train_loss: 0.1054 train_mae: 0.1054	val_loss: 0.1114 val_mae: 0.1114	test_loss: 0.1097 test_mae: 0.1097
train: {'epoch': 468, 'time_epoch': 2.98528, 'eta': 84.02102, 'eta_hours': 0.02334, 'loss': 0.04492483, 'lr': 1.243e-05, 'params': 220085, 'time_iter': 0.01204, 'mae': 0.04492, 'r2': 0.67553, 'spearmanr': 0.81138, 'mse': 0.00641, 'rmse': 0.08004}
val: {'epoch': 468, 'time_epoch': 0.28951, 'loss': 0.12700605, 'lr': 0, 'params': 220085, 'time_iter': 0.00546, 'mae': 0.12701, 'r2': -0.45845, 'spearmanr': 0.1171, 'mse': 0.0271, 'rmse': 0.16461}
test: {'epoch': 468, 'time_epoch': 0.15098, 'loss': 0.1325027, 'lr': 0, 'params': 220085, 'time_iter': 0.00521, 'mae': 0.1325, 'r2': -0.37036, 'spearmanr': 0.23768, 'mse': 0.02688, 'rmse': 0.16395}
> Epoch 468: took 3.4s (avg 3.1s) | Best so far: epoch 55	train_loss: 0.1054 train_mae: 0.1054	val_loss: 0.1114 val_mae: 0.1114	test_loss: 0.1097 test_mae: 0.1097
train: {'epoch': 469, 'time_epoch': 2.91379, 'eta': 81.32365, 'eta_hours': 0.02259, 'loss': 0.04442056, 'lr': 1.166e-05, 'params': 220085, 'time_iter': 0.01175, 'mae': 0.04442, 'r2': 0.68058, 'spearmanr': 0.81482, 'mse': 0.00631, 'rmse': 0.07942}
val: {'epoch': 469, 'time_epoch': 0.25812, 'loss': 0.12730089, 'lr': 0, 'params': 220085, 'time_iter': 0.00487, 'mae': 0.1273, 'r2': -0.47168, 'spearmanr': 0.11351, 'mse': 0.02734, 'rmse': 0.16536}
test: {'epoch': 469, 'time_epoch': 0.13814, 'loss': 0.13358492, 'lr': 0, 'params': 220085, 'time_iter': 0.00476, 'mae': 0.13358, 'r2': -0.38808, 'spearmanr': 0.23338, 'mse': 0.02723, 'rmse': 0.165}
> Epoch 469: took 3.3s (avg 3.1s) | Best so far: epoch 55	train_loss: 0.1054 train_mae: 0.1054	val_loss: 0.1114 val_mae: 0.1114	test_loss: 0.1097 test_mae: 0.1097
train: {'epoch': 470, 'time_epoch': 2.77391, 'eta': 78.61674, 'eta_hours': 0.02184, 'loss': 0.04466532, 'lr': 1.093e-05, 'params': 220085, 'time_iter': 0.01119, 'mae': 0.04467, 'r2': 0.67749, 'spearmanr': 0.81477, 'mse': 0.00637, 'rmse': 0.0798}
val: {'epoch': 470, 'time_epoch': 0.25071, 'loss': 0.12747133, 'lr': 0, 'params': 220085, 'time_iter': 0.00473, 'mae': 0.12747, 'r2': -0.47661, 'spearmanr': 0.11803, 'mse': 0.02743, 'rmse': 0.16563}
test: {'epoch': 470, 'time_epoch': 0.13623, 'loss': 0.13245913, 'lr': 0, 'params': 220085, 'time_iter': 0.0047, 'mae': 0.13246, 'r2': -0.37366, 'spearmanr': 0.236, 'mse': 0.02694, 'rmse': 0.16414}
> Epoch 470: took 3.2s (avg 3.1s) | Best so far: epoch 55	train_loss: 0.1054 train_mae: 0.1054	val_loss: 0.1114 val_mae: 0.1114	test_loss: 0.1097 test_mae: 0.1097
train: {'epoch': 471, 'time_epoch': 2.68308, 'eta': 75.90417, 'eta_hours': 0.02108, 'loss': 0.04480197, 'lr': 1.021e-05, 'params': 220085, 'time_iter': 0.01082, 'mae': 0.0448, 'r2': 0.6737, 'spearmanr': 0.81315, 'mse': 0.00644, 'rmse': 0.08027}
val: {'epoch': 471, 'time_epoch': 0.2504, 'loss': 0.12729573, 'lr': 0, 'params': 220085, 'time_iter': 0.00472, 'mae': 0.1273, 'r2': -0.47186, 'spearmanr': 0.11572, 'mse': 0.02735, 'rmse': 0.16537}
test: {'epoch': 471, 'time_epoch': 0.14352, 'loss': 0.1319532, 'lr': 0, 'params': 220085, 'time_iter': 0.00495, 'mae': 0.13195, 'r2': -0.35284, 'spearmanr': 0.24698, 'mse': 0.02653, 'rmse': 0.1629}
> Epoch 471: took 3.1s (avg 3.1s) | Best so far: epoch 55	train_loss: 0.1054 train_mae: 0.1054	val_loss: 0.1114 val_mae: 0.1114	test_loss: 0.1097 test_mae: 0.1097
train: {'epoch': 472, 'time_epoch': 2.57956, 'eta': 73.18581, 'eta_hours': 0.02033, 'loss': 0.04420283, 'lr': 9.52e-06, 'params': 220085, 'time_iter': 0.0104, 'mae': 0.0442, 'r2': 0.67808, 'spearmanr': 0.81474, 'mse': 0.00636, 'rmse': 0.07973}
val: {'epoch': 472, 'time_epoch': 0.24606, 'loss': 0.12709712, 'lr': 0, 'params': 220085, 'time_iter': 0.00464, 'mae': 0.1271, 'r2': -0.47098, 'spearmanr': 0.11778, 'mse': 0.02733, 'rmse': 0.16532}
test: {'epoch': 472, 'time_epoch': 0.13444, 'loss': 0.13501819, 'lr': 0, 'params': 220085, 'time_iter': 0.00464, 'mae': 0.13502, 'r2': -0.40538, 'spearmanr': 0.23327, 'mse': 0.02757, 'rmse': 0.16603}
> Epoch 472: took 3.0s (avg 3.1s) | Best so far: epoch 55	train_loss: 0.1054 train_mae: 0.1054	val_loss: 0.1114 val_mae: 0.1114	test_loss: 0.1097 test_mae: 0.1097
train: {'epoch': 473, 'time_epoch': 2.73204, 'eta': 70.4764, 'eta_hours': 0.01958, 'loss': 0.04420869, 'lr': 8.86e-06, 'params': 220085, 'time_iter': 0.01102, 'mae': 0.04421, 'r2': 0.67919, 'spearmanr': 0.81573, 'mse': 0.00633, 'rmse': 0.07959}
val: {'epoch': 473, 'time_epoch': 0.26732, 'loss': 0.12727054, 'lr': 0, 'params': 220085, 'time_iter': 0.00504, 'mae': 0.12727, 'r2': -0.47918, 'spearmanr': 0.11787, 'mse': 0.02748, 'rmse': 0.16578}
test: {'epoch': 473, 'time_epoch': 0.14685, 'loss': 0.13481326, 'lr': 0, 'params': 220085, 'time_iter': 0.00506, 'mae': 0.13481, 'r2': -0.41614, 'spearmanr': 0.23036, 'mse': 0.02778, 'rmse': 0.16666}
> Epoch 473: took 3.2s (avg 3.1s) | Best so far: epoch 55	train_loss: 0.1054 train_mae: 0.1054	val_loss: 0.1114 val_mae: 0.1114	test_loss: 0.1097 test_mae: 0.1097
train: {'epoch': 474, 'time_epoch': 3.19654, 'eta': 67.79135, 'eta_hours': 0.01883, 'loss': 0.04471902, 'lr': 8.21e-06, 'params': 220085, 'time_iter': 0.01289, 'mae': 0.04472, 'r2': 0.67674, 'spearmanr': 0.81388, 'mse': 0.00638, 'rmse': 0.07989}
val: {'epoch': 474, 'time_epoch': 0.30155, 'loss': 0.12761663, 'lr': 0, 'params': 220085, 'time_iter': 0.00569, 'mae': 0.12762, 'r2': -0.47441, 'spearmanr': 0.11315, 'mse': 0.02739, 'rmse': 0.16551}
test: {'epoch': 474, 'time_epoch': 0.15336, 'loss': 0.13486259, 'lr': 0, 'params': 220085, 'time_iter': 0.00529, 'mae': 0.13486, 'r2': -0.41631, 'spearmanr': 0.23204, 'mse': 0.02778, 'rmse': 0.16667}
> Epoch 474: took 3.7s (avg 3.1s) | Best so far: epoch 55	train_loss: 0.1054 train_mae: 0.1054	val_loss: 0.1114 val_mae: 0.1114	test_loss: 0.1097 test_mae: 0.1097
train: {'epoch': 475, 'time_epoch': 2.78549, 'eta': 65.08342, 'eta_hours': 0.01808, 'loss': 0.04428221, 'lr': 7.6e-06, 'params': 220085, 'time_iter': 0.01123, 'mae': 0.04428, 'r2': 0.68018, 'spearmanr': 0.8163, 'mse': 0.00631, 'rmse': 0.07947}
val: {'epoch': 475, 'time_epoch': 0.25522, 'loss': 0.12657475, 'lr': 0, 'params': 220085, 'time_iter': 0.00482, 'mae': 0.12657, 'r2': -0.45054, 'spearmanr': 0.11205, 'mse': 0.02695, 'rmse': 0.16416}
test: {'epoch': 475, 'time_epoch': 0.14086, 'loss': 0.13449967, 'lr': 0, 'params': 220085, 'time_iter': 0.00486, 'mae': 0.1345, 'r2': -0.3993, 'spearmanr': 0.23179, 'mse': 0.02745, 'rmse': 0.16567}
> Epoch 475: took 3.2s (avg 3.1s) | Best so far: epoch 55	train_loss: 0.1054 train_mae: 0.1054	val_loss: 0.1114 val_mae: 0.1114	test_loss: 0.1097 test_mae: 0.1097
train: {'epoch': 476, 'time_epoch': 2.92621, 'eta': 62.38194, 'eta_hours': 0.01733, 'loss': 0.04455874, 'lr': 7e-06, 'params': 220085, 'time_iter': 0.0118, 'mae': 0.04456, 'r2': 0.67716, 'spearmanr': 0.81313, 'mse': 0.00637, 'rmse': 0.07984}
val: {'epoch': 476, 'time_epoch': 0.24854, 'loss': 0.12688605, 'lr': 0, 'params': 220085, 'time_iter': 0.00469, 'mae': 0.12689, 'r2': -0.45749, 'spearmanr': 0.11525, 'mse': 0.02708, 'rmse': 0.16456}
test: {'epoch': 476, 'time_epoch': 0.13781, 'loss': 0.13267552, 'lr': 0, 'params': 220085, 'time_iter': 0.00475, 'mae': 0.13268, 'r2': -0.37515, 'spearmanr': 0.23479, 'mse': 0.02697, 'rmse': 0.16423}
> Epoch 476: took 3.3s (avg 3.1s) | Best so far: epoch 55	train_loss: 0.1054 train_mae: 0.1054	val_loss: 0.1114 val_mae: 0.1114	test_loss: 0.1097 test_mae: 0.1097
train: {'epoch': 477, 'time_epoch': 2.83718, 'eta': 59.67544, 'eta_hours': 0.01658, 'loss': 0.04445746, 'lr': 6.43e-06, 'params': 220085, 'time_iter': 0.01144, 'mae': 0.04446, 'r2': 0.68154, 'spearmanr': 0.81687, 'mse': 0.00629, 'rmse': 0.0793}
val: {'epoch': 477, 'time_epoch': 0.2703, 'loss': 0.1268867, 'lr': 0, 'params': 220085, 'time_iter': 0.0051, 'mae': 0.12689, 'r2': -0.46066, 'spearmanr': 0.11861, 'mse': 0.02714, 'rmse': 0.16474}
test: {'epoch': 477, 'time_epoch': 0.14245, 'loss': 0.13455205, 'lr': 0, 'params': 220085, 'time_iter': 0.00491, 'mae': 0.13455, 'r2': -0.40218, 'spearmanr': 0.23723, 'mse': 0.0275, 'rmse': 0.16584}
> Epoch 477: took 3.3s (avg 3.1s) | Best so far: epoch 55	train_loss: 0.1054 train_mae: 0.1054	val_loss: 0.1114 val_mae: 0.1114	test_loss: 0.1097 test_mae: 0.1097
train: {'epoch': 478, 'time_epoch': 2.65808, 'eta': 56.96053, 'eta_hours': 0.01582, 'loss': 0.04429047, 'lr': 5.89e-06, 'params': 220085, 'time_iter': 0.01072, 'mae': 0.04429, 'r2': 0.68012, 'spearmanr': 0.81433, 'mse': 0.00632, 'rmse': 0.07947}
val: {'epoch': 478, 'time_epoch': 0.27852, 'loss': 0.12715725, 'lr': 0, 'params': 220085, 'time_iter': 0.00526, 'mae': 0.12716, 'r2': -0.46855, 'spearmanr': 0.1161, 'mse': 0.02728, 'rmse': 0.16518}
test: {'epoch': 478, 'time_epoch': 0.14873, 'loss': 0.13362615, 'lr': 0, 'params': 220085, 'time_iter': 0.00513, 'mae': 0.13363, 'r2': -0.38924, 'spearmanr': 0.23915, 'mse': 0.02725, 'rmse': 0.16507}
> Epoch 478: took 3.1s (avg 3.1s) | Best so far: epoch 55	train_loss: 0.1054 train_mae: 0.1054	val_loss: 0.1114 val_mae: 0.1114	test_loss: 0.1097 test_mae: 0.1097
train: {'epoch': 479, 'time_epoch': 2.63187, 'eta': 54.24477, 'eta_hours': 0.01507, 'loss': 0.04451945, 'lr': 5.36e-06, 'params': 220085, 'time_iter': 0.01061, 'mae': 0.04452, 'r2': 0.67818, 'spearmanr': 0.81625, 'mse': 0.00635, 'rmse': 0.07971}
val: {'epoch': 479, 'time_epoch': 0.25188, 'loss': 0.12757373, 'lr': 0, 'params': 220085, 'time_iter': 0.00475, 'mae': 0.12757, 'r2': -0.47014, 'spearmanr': 0.11088, 'mse': 0.02731, 'rmse': 0.16527}
test: {'epoch': 479, 'time_epoch': 0.14322, 'loss': 0.13145678, 'lr': 0, 'params': 220085, 'time_iter': 0.00494, 'mae': 0.13146, 'r2': -0.34284, 'spearmanr': 0.24505, 'mse': 0.02634, 'rmse': 0.16229}
> Epoch 479: took 3.0s (avg 3.1s) | Best so far: epoch 55	train_loss: 0.1054 train_mae: 0.1054	val_loss: 0.1114 val_mae: 0.1114	test_loss: 0.1097 test_mae: 0.1097
train: {'epoch': 480, 'time_epoch': 2.72064, 'eta': 51.53286, 'eta_hours': 0.01431, 'loss': 0.04375561, 'lr': 4.87e-06, 'params': 220085, 'time_iter': 0.01097, 'mae': 0.04376, 'r2': 0.68494, 'spearmanr': 0.81922, 'mse': 0.00622, 'rmse': 0.07887}
val: {'epoch': 480, 'time_epoch': 0.25837, 'loss': 0.12704666, 'lr': 0, 'params': 220085, 'time_iter': 0.00487, 'mae': 0.12705, 'r2': -0.46616, 'spearmanr': 0.1168, 'mse': 0.02724, 'rmse': 0.16505}
test: {'epoch': 480, 'time_epoch': 0.13683, 'loss': 0.13533737, 'lr': 0, 'params': 220085, 'time_iter': 0.00472, 'mae': 0.13534, 'r2': -0.41475, 'spearmanr': 0.22752, 'mse': 0.02775, 'rmse': 0.16658}
> Epoch 480: took 3.1s (avg 3.1s) | Best so far: epoch 55	train_loss: 0.1054 train_mae: 0.1054	val_loss: 0.1114 val_mae: 0.1114	test_loss: 0.1097 test_mae: 0.1097
train: {'epoch': 481, 'time_epoch': 2.64925, 'eta': 48.81825, 'eta_hours': 0.01356, 'loss': 0.04406493, 'lr': 4.39e-06, 'params': 220085, 'time_iter': 0.01068, 'mae': 0.04406, 'r2': 0.68493, 'spearmanr': 0.81935, 'mse': 0.00622, 'rmse': 0.07887}
val: {'epoch': 481, 'time_epoch': 0.25489, 'loss': 0.12646175, 'lr': 0, 'params': 220085, 'time_iter': 0.00481, 'mae': 0.12646, 'r2': -0.44729, 'spearmanr': 0.12028, 'mse': 0.02689, 'rmse': 0.16398}
test: {'epoch': 481, 'time_epoch': 0.14361, 'loss': 0.13443715, 'lr': 0, 'params': 220085, 'time_iter': 0.00495, 'mae': 0.13444, 'r2': -0.38866, 'spearmanr': 0.23394, 'mse': 0.02724, 'rmse': 0.16504}
> Epoch 481: took 3.1s (avg 3.1s) | Best so far: epoch 55	train_loss: 0.1054 train_mae: 0.1054	val_loss: 0.1114 val_mae: 0.1114	test_loss: 0.1097 test_mae: 0.1097
train: {'epoch': 482, 'time_epoch': 2.67363, 'eta': 46.10477, 'eta_hours': 0.01281, 'loss': 0.04376284, 'lr': 3.94e-06, 'params': 220085, 'time_iter': 0.01078, 'mae': 0.04376, 'r2': 0.68793, 'spearmanr': 0.82137, 'mse': 0.00616, 'rmse': 0.0785}
val: {'epoch': 482, 'time_epoch': 0.25415, 'loss': 0.12700485, 'lr': 0, 'params': 220085, 'time_iter': 0.0048, 'mae': 0.127, 'r2': -0.45904, 'spearmanr': 0.11773, 'mse': 0.02711, 'rmse': 0.16464}
test: {'epoch': 482, 'time_epoch': 0.14458, 'loss': 0.13426548, 'lr': 0, 'params': 220085, 'time_iter': 0.00499, 'mae': 0.13427, 'r2': -0.38486, 'spearmanr': 0.23053, 'mse': 0.02716, 'rmse': 0.16481}
> Epoch 482: took 3.1s (avg 3.1s) | Best so far: epoch 55	train_loss: 0.1054 train_mae: 0.1054	val_loss: 0.1114 val_mae: 0.1114	test_loss: 0.1097 test_mae: 0.1097
train: {'epoch': 483, 'time_epoch': 2.54476, 'eta': 43.3872, 'eta_hours': 0.01205, 'loss': 0.04387389, 'lr': 3.52e-06, 'params': 220085, 'time_iter': 0.01026, 'mae': 0.04387, 'r2': 0.68383, 'spearmanr': 0.81913, 'mse': 0.00624, 'rmse': 0.07901}
val: {'epoch': 483, 'time_epoch': 0.2493, 'loss': 0.12724159, 'lr': 0, 'params': 220085, 'time_iter': 0.0047, 'mae': 0.12724, 'r2': -0.46267, 'spearmanr': 0.11803, 'mse': 0.02718, 'rmse': 0.16485}
test: {'epoch': 483, 'time_epoch': 0.13595, 'loss': 0.134828, 'lr': 0, 'params': 220085, 'time_iter': 0.00469, 'mae': 0.13483, 'r2': -0.40339, 'spearmanr': 0.22491, 'mse': 0.02753, 'rmse': 0.16591}
> Epoch 483: took 2.9s (avg 3.1s) | Best so far: epoch 55	train_loss: 0.1054 train_mae: 0.1054	val_loss: 0.1114 val_mae: 0.1114	test_loss: 0.1097 test_mae: 0.1097
train: {'epoch': 484, 'time_epoch': 2.65385, 'eta': 40.67371, 'eta_hours': 0.0113, 'loss': 0.04411508, 'lr': 3.12e-06, 'params': 220085, 'time_iter': 0.0107, 'mae': 0.04412, 'r2': 0.68357, 'spearmanr': 0.81776, 'mse': 0.00625, 'rmse': 0.07904}
val: {'epoch': 484, 'time_epoch': 0.2535, 'loss': 0.1272198, 'lr': 0, 'params': 220085, 'time_iter': 0.00478, 'mae': 0.12722, 'r2': -0.4696, 'spearmanr': 0.11501, 'mse': 0.0273, 'rmse': 0.16524}
test: {'epoch': 484, 'time_epoch': 0.13474, 'loss': 0.13313663, 'lr': 0, 'params': 220085, 'time_iter': 0.00465, 'mae': 0.13314, 'r2': -0.37912, 'spearmanr': 0.23716, 'mse': 0.02705, 'rmse': 0.16447}
> Epoch 484: took 3.1s (avg 3.1s) | Best so far: epoch 55	train_loss: 0.1054 train_mae: 0.1054	val_loss: 0.1114 val_mae: 0.1114	test_loss: 0.1097 test_mae: 0.1097
train: {'epoch': 485, 'time_epoch': 2.63539, 'eta': 37.95993, 'eta_hours': 0.01054, 'loss': 0.04419472, 'lr': 2.74e-06, 'params': 220085, 'time_iter': 0.01063, 'mae': 0.04419, 'r2': 0.68376, 'spearmanr': 0.81768, 'mse': 0.00624, 'rmse': 0.07902}
val: {'epoch': 485, 'time_epoch': 0.2625, 'loss': 0.12720684, 'lr': 0, 'params': 220085, 'time_iter': 0.00495, 'mae': 0.12721, 'r2': -0.46178, 'spearmanr': 0.11325, 'mse': 0.02716, 'rmse': 0.1648}
test: {'epoch': 485, 'time_epoch': 0.13673, 'loss': 0.13446455, 'lr': 0, 'params': 220085, 'time_iter': 0.00471, 'mae': 0.13446, 'r2': -0.39678, 'spearmanr': 0.23307, 'mse': 0.0274, 'rmse': 0.16552}
> Epoch 485: took 3.0s (avg 3.1s) | Best so far: epoch 55	train_loss: 0.1054 train_mae: 0.1054	val_loss: 0.1114 val_mae: 0.1114	test_loss: 0.1097 test_mae: 0.1097
train: {'epoch': 486, 'time_epoch': 2.57246, 'eta': 35.2448, 'eta_hours': 0.00979, 'loss': 0.04412996, 'lr': 2.39e-06, 'params': 220085, 'time_iter': 0.01037, 'mae': 0.04413, 'r2': 0.68036, 'spearmanr': 0.817, 'mse': 0.00631, 'rmse': 0.07944}
val: {'epoch': 486, 'time_epoch': 0.24861, 'loss': 0.12690978, 'lr': 0, 'params': 220085, 'time_iter': 0.00469, 'mae': 0.12691, 'r2': -0.45911, 'spearmanr': 0.11668, 'mse': 0.02711, 'rmse': 0.16465}
test: {'epoch': 486, 'time_epoch': 0.1355, 'loss': 0.13423822, 'lr': 0, 'params': 220085, 'time_iter': 0.00467, 'mae': 0.13424, 'r2': -0.39646, 'spearmanr': 0.22718, 'mse': 0.02739, 'rmse': 0.1655}
> Epoch 486: took 3.0s (avg 3.1s) | Best so far: epoch 55	train_loss: 0.1054 train_mae: 0.1054	val_loss: 0.1114 val_mae: 0.1114	test_loss: 0.1097 test_mae: 0.1097
train: {'epoch': 487, 'time_epoch': 2.60901, 'eta': 32.53115, 'eta_hours': 0.00904, 'loss': 0.04439998, 'lr': 2.06e-06, 'params': 220085, 'time_iter': 0.01052, 'mae': 0.0444, 'r2': 0.68013, 'spearmanr': 0.81547, 'mse': 0.00632, 'rmse': 0.07947}
val: {'epoch': 487, 'time_epoch': 0.2516, 'loss': 0.12705211, 'lr': 0, 'params': 220085, 'time_iter': 0.00475, 'mae': 0.12705, 'r2': -0.4562, 'spearmanr': 0.11606, 'mse': 0.02705, 'rmse': 0.16448}
test: {'epoch': 487, 'time_epoch': 0.13769, 'loss': 0.13438549, 'lr': 0, 'params': 220085, 'time_iter': 0.00475, 'mae': 0.13439, 'r2': -0.40161, 'spearmanr': 0.22796, 'mse': 0.02749, 'rmse': 0.16581}
> Epoch 487: took 3.0s (avg 3.1s) | Best so far: epoch 55	train_loss: 0.1054 train_mae: 0.1054	val_loss: 0.1114 val_mae: 0.1114	test_loss: 0.1097 test_mae: 0.1097
train: {'epoch': 488, 'time_epoch': 2.57413, 'eta': 29.81714, 'eta_hours': 0.00828, 'loss': 0.04430035, 'lr': 1.75e-06, 'params': 220085, 'time_iter': 0.01038, 'mae': 0.0443, 'r2': 0.67999, 'spearmanr': 0.81708, 'mse': 0.00632, 'rmse': 0.07949}
val: {'epoch': 488, 'time_epoch': 0.25018, 'loss': 0.12670892, 'lr': 0, 'params': 220085, 'time_iter': 0.00472, 'mae': 0.12671, 'r2': -0.45189, 'spearmanr': 0.11756, 'mse': 0.02697, 'rmse': 0.16424}
test: {'epoch': 488, 'time_epoch': 0.13803, 'loss': 0.13255316, 'lr': 0, 'params': 220085, 'time_iter': 0.00476, 'mae': 0.13255, 'r2': -0.36509, 'spearmanr': 0.23476, 'mse': 0.02678, 'rmse': 0.16363}
> Epoch 488: took 3.0s (avg 3.1s) | Best so far: epoch 55	train_loss: 0.1054 train_mae: 0.1054	val_loss: 0.1114 val_mae: 0.1114	test_loss: 0.1097 test_mae: 0.1097
train: {'epoch': 489, 'time_epoch': 2.58527, 'eta': 27.10394, 'eta_hours': 0.00753, 'loss': 0.0447551, 'lr': 1.47e-06, 'params': 220085, 'time_iter': 0.01042, 'mae': 0.04476, 'r2': 0.67512, 'spearmanr': 0.81381, 'mse': 0.00641, 'rmse': 0.08009}
val: {'epoch': 489, 'time_epoch': 0.24898, 'loss': 0.12671349, 'lr': 0, 'params': 220085, 'time_iter': 0.0047, 'mae': 0.12671, 'r2': -0.45255, 'spearmanr': 0.11539, 'mse': 0.02699, 'rmse': 0.16428}
test: {'epoch': 489, 'time_epoch': 0.13944, 'loss': 0.13639171, 'lr': 0, 'params': 220085, 'time_iter': 0.00481, 'mae': 0.13639, 'r2': -0.4334, 'spearmanr': 0.22758, 'mse': 0.02812, 'rmse': 0.16768}
> Epoch 489: took 3.0s (avg 3.1s) | Best so far: epoch 55	train_loss: 0.1054 train_mae: 0.1054	val_loss: 0.1114 val_mae: 0.1114	test_loss: 0.1097 test_mae: 0.1097
train: {'epoch': 490, 'time_epoch': 2.70467, 'eta': 24.39344, 'eta_hours': 0.00678, 'loss': 0.04458719, 'lr': 1.22e-06, 'params': 220085, 'time_iter': 0.01091, 'mae': 0.04459, 'r2': 0.6796, 'spearmanr': 0.81629, 'mse': 0.00633, 'rmse': 0.07954}
val: {'epoch': 490, 'time_epoch': 0.26605, 'loss': 0.12722315, 'lr': 0, 'params': 220085, 'time_iter': 0.00502, 'mae': 0.12722, 'r2': -0.47451, 'spearmanr': 0.11746, 'mse': 0.0274, 'rmse': 0.16551}
test: {'epoch': 490, 'time_epoch': 0.14178, 'loss': 0.13346031, 'lr': 0, 'params': 220085, 'time_iter': 0.00489, 'mae': 0.13346, 'r2': -0.38225, 'spearmanr': 0.22815, 'mse': 0.02711, 'rmse': 0.16466}
> Epoch 490: took 3.1s (avg 3.1s) | Best so far: epoch 55	train_loss: 0.1054 train_mae: 0.1054	val_loss: 0.1114 val_mae: 0.1114	test_loss: 0.1097 test_mae: 0.1097
train: {'epoch': 491, 'time_epoch': 2.61282, 'eta': 21.68147, 'eta_hours': 0.00602, 'loss': 0.04402227, 'lr': 9.9e-07, 'params': 220085, 'time_iter': 0.01054, 'mae': 0.04402, 'r2': 0.68323, 'spearmanr': 0.81824, 'mse': 0.00625, 'rmse': 0.07909}
val: {'epoch': 491, 'time_epoch': 0.25141, 'loss': 0.12695146, 'lr': 0, 'params': 220085, 'time_iter': 0.00474, 'mae': 0.12695, 'r2': -0.46271, 'spearmanr': 0.11963, 'mse': 0.02718, 'rmse': 0.16485}
test: {'epoch': 491, 'time_epoch': 0.13591, 'loss': 0.13503001, 'lr': 0, 'params': 220085, 'time_iter': 0.00469, 'mae': 0.13503, 'r2': -0.41052, 'spearmanr': 0.22454, 'mse': 0.02767, 'rmse': 0.16633}
> Epoch 491: took 3.0s (avg 3.1s) | Best so far: epoch 55	train_loss: 0.1054 train_mae: 0.1054	val_loss: 0.1114 val_mae: 0.1114	test_loss: 0.1097 test_mae: 0.1097
train: {'epoch': 492, 'time_epoch': 2.60525, 'eta': 18.9698, 'eta_hours': 0.00527, 'loss': 0.04435286, 'lr': 7.8e-07, 'params': 220085, 'time_iter': 0.01051, 'mae': 0.04435, 'r2': 0.67895, 'spearmanr': 0.8153, 'mse': 0.00634, 'rmse': 0.07962}
val: {'epoch': 492, 'time_epoch': 0.24906, 'loss': 0.12718719, 'lr': 0, 'params': 220085, 'time_iter': 0.0047, 'mae': 0.12719, 'r2': -0.45909, 'spearmanr': 0.11522, 'mse': 0.02711, 'rmse': 0.16465}
test: {'epoch': 492, 'time_epoch': 0.13946, 'loss': 0.13696728, 'lr': 0, 'params': 220085, 'time_iter': 0.00481, 'mae': 0.13697, 'r2': -0.43995, 'spearmanr': 0.22246, 'mse': 0.02824, 'rmse': 0.16806}
> Epoch 492: took 3.0s (avg 3.1s) | Best so far: epoch 55	train_loss: 0.1054 train_mae: 0.1054	val_loss: 0.1114 val_mae: 0.1114	test_loss: 0.1097 test_mae: 0.1097
train: {'epoch': 493, 'time_epoch': 2.62279, 'eta': 16.25877, 'eta_hours': 0.00452, 'loss': 0.04383475, 'lr': 6e-07, 'params': 220085, 'time_iter': 0.01058, 'mae': 0.04383, 'r2': 0.68559, 'spearmanr': 0.8199, 'mse': 0.00621, 'rmse': 0.07879}
val: {'epoch': 493, 'time_epoch': 0.25119, 'loss': 0.12721842, 'lr': 0, 'params': 220085, 'time_iter': 0.00474, 'mae': 0.12722, 'r2': -0.46213, 'spearmanr': 0.11384, 'mse': 0.02717, 'rmse': 0.16482}
test: {'epoch': 493, 'time_epoch': 0.13663, 'loss': 0.13464138, 'lr': 0, 'params': 220085, 'time_iter': 0.00471, 'mae': 0.13464, 'r2': -0.40708, 'spearmanr': 0.22924, 'mse': 0.0276, 'rmse': 0.16613}
> Epoch 493: took 3.0s (avg 3.1s) | Best so far: epoch 55	train_loss: 0.1054 train_mae: 0.1054	val_loss: 0.1114 val_mae: 0.1114	test_loss: 0.1097 test_mae: 0.1097
train: {'epoch': 494, 'time_epoch': 2.61001, 'eta': 13.54796, 'eta_hours': 0.00376, 'loss': 0.04415379, 'lr': 4.4e-07, 'params': 220085, 'time_iter': 0.01052, 'mae': 0.04415, 'r2': 0.68451, 'spearmanr': 0.8182, 'mse': 0.00623, 'rmse': 0.07893}
val: {'epoch': 494, 'time_epoch': 0.24878, 'loss': 0.12704871, 'lr': 0, 'params': 220085, 'time_iter': 0.00469, 'mae': 0.12705, 'r2': -0.45731, 'spearmanr': 0.11289, 'mse': 0.02708, 'rmse': 0.16455}
test: {'epoch': 494, 'time_epoch': 0.13774, 'loss': 0.13519913, 'lr': 0, 'params': 220085, 'time_iter': 0.00475, 'mae': 0.1352, 'r2': -0.41233, 'spearmanr': 0.23059, 'mse': 0.0277, 'rmse': 0.16644}
> Epoch 494: took 3.0s (avg 3.1s) | Best so far: epoch 55	train_loss: 0.1054 train_mae: 0.1054	val_loss: 0.1114 val_mae: 0.1114	test_loss: 0.1097 test_mae: 0.1097
train: {'epoch': 495, 'time_epoch': 2.62481, 'eta': 10.83769, 'eta_hours': 0.00301, 'loss': 0.04402577, 'lr': 3e-07, 'params': 220085, 'time_iter': 0.01058, 'mae': 0.04403, 'r2': 0.68125, 'spearmanr': 0.81857, 'mse': 0.00629, 'rmse': 0.07933}
val: {'epoch': 495, 'time_epoch': 0.24453, 'loss': 0.1263849, 'lr': 0, 'params': 220085, 'time_iter': 0.00461, 'mae': 0.12638, 'r2': -0.44513, 'spearmanr': 0.12135, 'mse': 0.02685, 'rmse': 0.16386}
test: {'epoch': 495, 'time_epoch': 0.15491, 'loss': 0.13421055, 'lr': 0, 'params': 220085, 'time_iter': 0.00534, 'mae': 0.13421, 'r2': -0.39971, 'spearmanr': 0.22976, 'mse': 0.02745, 'rmse': 0.16569}
> Epoch 495: took 3.0s (avg 3.1s) | Best so far: epoch 55	train_loss: 0.1054 train_mae: 0.1054	val_loss: 0.1114 val_mae: 0.1114	test_loss: 0.1097 test_mae: 0.1097
train: {'epoch': 496, 'time_epoch': 2.88421, 'eta': 8.12932, 'eta_hours': 0.00226, 'loss': 0.04430964, 'lr': 1.9e-07, 'params': 220085, 'time_iter': 0.01163, 'mae': 0.04431, 'r2': 0.67735, 'spearmanr': 0.81556, 'mse': 0.00637, 'rmse': 0.07982}
val: {'epoch': 496, 'time_epoch': 0.26222, 'loss': 0.12704136, 'lr': 0, 'params': 220085, 'time_iter': 0.00495, 'mae': 0.12704, 'r2': -0.46471, 'spearmanr': 0.11822, 'mse': 0.02721, 'rmse': 0.16496}
test: {'epoch': 496, 'time_epoch': 0.14288, 'loss': 0.13414268, 'lr': 0, 'params': 220085, 'time_iter': 0.00493, 'mae': 0.13414, 'r2': -0.39302, 'spearmanr': 0.2345, 'mse': 0.02732, 'rmse': 0.1653}
> Epoch 496: took 3.3s (avg 3.1s) | Best so far: epoch 55	train_loss: 0.1054 train_mae: 0.1054	val_loss: 0.1114 val_mae: 0.1114	test_loss: 0.1097 test_mae: 0.1097
train: {'epoch': 497, 'time_epoch': 2.68646, 'eta': 5.41945, 'eta_hours': 0.00151, 'loss': 0.04451087, 'lr': 1.1e-07, 'params': 220085, 'time_iter': 0.01083, 'mae': 0.04451, 'r2': 0.67926, 'spearmanr': 0.81704, 'mse': 0.00633, 'rmse': 0.07958}
val: {'epoch': 497, 'time_epoch': 0.24567, 'loss': 0.12703079, 'lr': 0, 'params': 220085, 'time_iter': 0.00464, 'mae': 0.12703, 'r2': -0.46495, 'spearmanr': 0.11238, 'mse': 0.02722, 'rmse': 0.16498}
test: {'epoch': 497, 'time_epoch': 0.1358, 'loss': 0.1353486, 'lr': 0, 'params': 220085, 'time_iter': 0.00468, 'mae': 0.13535, 'r2': -0.42203, 'spearmanr': 0.22884, 'mse': 0.02789, 'rmse': 0.16701}
> Epoch 497: took 3.1s (avg 3.1s) | Best so far: epoch 55	train_loss: 0.1054 train_mae: 0.1054	val_loss: 0.1114 val_mae: 0.1114	test_loss: 0.1097 test_mae: 0.1097
train: {'epoch': 498, 'time_epoch': 2.63372, 'eta': 2.70957, 'eta_hours': 0.00075, 'loss': 0.04462699, 'lr': 5e-08, 'params': 220085, 'time_iter': 0.01062, 'mae': 0.04463, 'r2': 0.67557, 'spearmanr': 0.81348, 'mse': 0.00641, 'rmse': 0.08004}
val: {'epoch': 498, 'time_epoch': 0.24643, 'loss': 0.12715897, 'lr': 0, 'params': 220085, 'time_iter': 0.00465, 'mae': 0.12716, 'r2': -0.46711, 'spearmanr': 0.11875, 'mse': 0.02726, 'rmse': 0.1651}
test: {'epoch': 498, 'time_epoch': 0.1371, 'loss': 0.13359755, 'lr': 0, 'params': 220085, 'time_iter': 0.00473, 'mae': 0.1336, 'r2': -0.37926, 'spearmanr': 0.22859, 'mse': 0.02705, 'rmse': 0.16448}
> Epoch 498: took 3.0s (avg 3.1s) | Best so far: epoch 55	train_loss: 0.1054 train_mae: 0.1054	val_loss: 0.1114 val_mae: 0.1114	test_loss: 0.1097 test_mae: 0.1097
train: {'epoch': 499, 'time_epoch': 2.66855, 'eta': 0.0, 'eta_hours': 0.0, 'loss': 0.04440295, 'lr': 1e-08, 'params': 220085, 'time_iter': 0.01076, 'mae': 0.0444, 'r2': 0.67989, 'spearmanr': 0.81623, 'mse': 0.00632, 'rmse': 0.0795}
val: {'epoch': 499, 'time_epoch': 0.25392, 'loss': 0.12684918, 'lr': 0, 'params': 220085, 'time_iter': 0.00479, 'mae': 0.12685, 'r2': -0.46359, 'spearmanr': 0.11765, 'mse': 0.02719, 'rmse': 0.1649}
test: {'epoch': 499, 'time_epoch': 0.13639, 'loss': 0.1324291, 'lr': 0, 'params': 220085, 'time_iter': 0.0047, 'mae': 0.13243, 'r2': -0.36482, 'spearmanr': 0.23433, 'mse': 0.02677, 'rmse': 0.16362}
> Epoch 499: took 3.1s (avg 3.1s) | Best so far: epoch 55	train_loss: 0.1054 train_mae: 0.1054	val_loss: 0.1114 val_mae: 0.1114	test_loss: 0.1097 test_mae: 0.1097
Avg time per epoch: 3.12s
Total train loop time: 0.43h
Task done, results saved in results/helpdeskv2-GPSwGraphormer-ckptbest/0
55
{'epoch': 55, 'time_epoch': 0.13554, 'loss': 0.10967445, 'lr': 0, 'params': 220085, 'time_iter': 0.00467, 'mae': 0.10967, 'r2': 0.14033, 'spearmanr': 0.39287, 'mse': 0.01686, 'rmse': 0.12985}
{'epoch': 55, 'time_epoch': 2.51065, 'eta': 1164.52032, 'eta_hours': 0.32348, 'loss': 0.10543868, 'lr': 0.0009997, 'params': 220085, 'time_iter': 0.01012, 'mae': 0.10544, 'r2': 0.10515, 'spearmanr': 0.32836, 'mse': 0.01767, 'rmse': 0.13292}
{'epoch': 55, 'time_epoch': 0.24572, 'loss': 0.11138669, 'lr': 0, 'params': 220085, 'time_iter': 0.00464, 'mae': 0.11139, 'r2': -0.01264, 'spearmanr': 0.17327, 'mse': 0.01881, 'rmse': 0.13716}
Results aggregated across runs saved in results/helpdeskv2-GPSwGraphormer-ckptbest/agg
[*] All done: 2026-09-09 11:11:40.122673
